timestamp,open,high,low,close,volume,datetime
1775323800000,81.01,81.01,80.87,80.87,1514.75966,2026-04-05 01:30:00+08:00
1775324700000,80.87,80.99,80.86,80.93,466.246245,2026-04-05 01:45:00+08:00
1775325600000,80.94,81.13,80.72,80.79,7372.651158,2026-04-05 02:00:00+08:00
1775326500000,80.79,80.9,80.79,80.84,1547.835411,2026-04-05 02:15:00+08:00
1775327400000,80.83,80.92,80.77,80.86,1215.535213,2026-04-05 02:30:00+08:00
1775328300000,80.87,80.96,80.83,80.85,1175.886532,2026-04-05 02:45:00+08:00
1775329200000,80.85,81.24,80.81,81.22,10471.126912,2026-04-05 03:00:00+08:00
1775330100000,81.23,81.33,80.83,80.86,6160.835111,2026-04-05 03:15:00+08:00
1775331000000,80.87,80.92,80.75,80.82,4813.811864,2026-04-05 03:30:00+08:00
1775331900000,80.82,80.92,80.81,80.86,1973.420805,2026-04-05 03:45:00+08:00
1775332800000,80.85,80.87,80.62,80.78,3003.591343,2026-04-05 04:00:00+08:00
1775333700000,80.78,80.83,80.76,80.8,1624.985549,2026-04-05 04:15:00+08:00
1775334600000,80.79,80.85,80.74,80.82,730.50817,2026-04-05 04:30:00+08:00
1775335500000,80.81,80.85,80.74,80.8,871.65574,2026-04-05 04:45:00+08:00
1775336400000,80.81,80.97,80.78,80.8,5196.367278,2026-04-05 05:00:00+08:00
1775337300000,80.81,80.98,80.78,80.97,3295.844879,2026-04-05 05:15:00+08:00
1775338200000,80.96,80.96,80.85,80.91,1475.635685,2026-04-05 05:30:00+08:00
1775339100000,80.9,81.03,80.87,80.92,3627.276534,2026-04-05 05:45:00+08:00
1775340000000,80.92,81.03,80.88,80.94,5999.940795,2026-04-05 06:00:00+08:00
1775340900000,80.94,81.0,80.88,80.94,1005.208159,2026-04-05 06:15:00+08:00
1775341800000,80.94,81.04,80.92,81.04,2997.417786,2026-04-05 06:30:00+08:00
1775342700000,81.05,81.07,80.95,81.01,1236.353113,2026-04-05 06:45:00+08:00
1775343600000,80.99,80.99,80.8,80.82,2571.06471,2026-04-05 07:00:00+08:00
1775344500000,80.8,80.83,80.74,80.75,1343.360674,2026-04-05 07:15:00+08:00
1775345400000,80.75,80.79,80.73,80.78,1161.093579,2026-04-05 07:30:00+08:00
1775346300000,80.78,80.86,80.72,80.85,1874.594117,2026-04-05 07:45:00+08:00
1775347200000,80.84,80.86,80.7,80.7,1482.423063,2026-04-05 08:00:00+08:00
1775348100000,80.7,80.79,80.66,80.78,2100.102327,2026-04-05 08:15:00+08:00
1775349000000,80.76,80.82,80.7,80.79,1533.624124,2026-04-05 08:30:00+08:00
1775349900000,80.8,80.8,80.54,80.69,6353.140663,2026-04-05 08:45:00+08:00
1775350800000,80.69,80.75,80.58,80.71,3481.413542,2026-04-05 09:00:00+08:00
1775351700000,80.71,80.78,80.63,80.65,2086.862499,2026-04-05 09:15:00+08:00
1775352600000,80.64,80.66,80.57,80.59,900.026401,2026-04-05 09:30:00+08:00
1775353500000,80.59,80.64,80.49,80.49,3001.811584,2026-04-05 09:45:00+08:00
1775354400000,80.49,80.5,80.37,80.41,3882.426666,2026-04-05 10:00:00+08:00
1775355300000,80.41,80.57,80.39,80.43,2985.482664,2026-04-05 10:15:00+08:00
1775356200000,80.43,80.64,80.39,80.54,6277.614564,2026-04-05 10:30:00+08:00
1775357100000,80.54,80.59,80.49,80.57,1482.844391,2026-04-05 10:45:00+08:00
1775358000000,80.58,80.62,80.54,80.6,2351.38013,2026-04-05 11:00:00+08:00
1775358900000,80.61,80.61,80.49,80.52,1302.439632,2026-04-05 11:15:00+08:00
1775359800000,80.52,80.57,80.4,80.53,3800.703131,2026-04-05 11:30:00+08:00
1775360700000,80.54,80.56,80.52,80.54,863.05169,2026-04-05 11:45:00+08:00
1775361600000,80.55,80.55,80.42,80.46,2237.224783,2026-04-05 12:00:00+08:00
1775362500000,80.45,80.52,80.42,80.52,1510.6346,2026-04-05 12:15:00+08:00
1775363400000,80.51,80.52,80.43,80.5,2553.855138,2026-04-05 12:30:00+08:00
1775364300000,80.5,80.6,80.28,80.32,12571.339959,2026-04-05 12:45:00+08:00
1775365200000,80.33,80.42,80.33,80.35,1441.824577,2026-04-05 13:00:00+08:00
1775366100000,80.35,80.38,80.21,80.27,2766.305304,2026-04-05 13:15:00+08:00
1775367000000,80.26,80.36,80.23,80.36,2462.511207,2026-04-05 13:30:00+08:00
1775367900000,80.36,80.4,80.14,80.33,6946.954971,2026-04-05 13:45:00+08:00
1775368800000,80.32,80.43,79.51,79.6,37151.020759,2026-04-05 14:00:00+08:00
1775369700000,79.62,79.74,79.41,79.7,12050.946343,2026-04-05 14:15:00+08:00
1775370600000,79.69,79.85,79.63,79.71,8381.825755,2026-04-05 14:30:00+08:00
1775371500000,79.7,79.75,79.6,79.6,2352.867953,2026-04-05 14:45:00+08:00
1775372400000,79.6,79.83,79.59,79.82,9832.044081,2026-04-05 15:00:00+08:00
1775373300000,79.82,79.87,79.67,79.72,7048.150158,2026-04-05 15:15:00+08:00
1775374200000,79.74,79.74,79.52,79.59,3539.080783,2026-04-05 15:30:00+08:00
1775375100000,79.58,79.65,79.55,79.6,1379.327395,2026-04-05 15:45:00+08:00
1775376000000,79.6,79.67,79.56,79.63,2497.768637,2026-04-05 16:00:00+08:00
1775376900000,79.62,79.7,79.6,79.63,1864.691293,2026-04-05 16:15:00+08:00
1775377800000,79.63,79.73,79.63,79.66,2033.711086,2026-04-05 16:30:00+08:00
1775378700000,79.66,79.69,79.55,79.63,2109.939327,2026-04-05 16:45:00+08:00
1775379600000,79.63,79.83,79.63,79.7,1742.53683,2026-04-05 17:00:00+08:00
1775380500000,79.7,79.88,79.66,79.85,1802.772698,2026-04-05 17:15:00+08:00
1775381400000,79.86,79.88,79.72,79.85,3071.487486,2026-04-05 17:30:00+08:00
1775382300000,79.85,79.87,79.82,79.85,1854.504735,2026-04-05 17:45:00+08:00
1775383200000,79.84,79.93,79.8,79.84,2284.96438,2026-04-05 18:00:00+08:00
1775384100000,79.84,79.94,79.83,79.93,1117.712662,2026-04-05 18:15:00+08:00
1775385000000,79.93,80.27,79.83,80.02,6878.81517,2026-04-05 18:30:00+08:00
1775385900000,80.03,80.03,79.83,79.85,1970.369848,2026-04-05 18:45:00+08:00
1775386800000,79.86,79.91,79.81,79.87,1909.558499,2026-04-05 19:00:00+08:00
1775387700000,79.87,79.92,79.78,79.82,2407.007435,2026-04-05 19:15:00+08:00
1775388600000,79.83,79.86,79.78,79.86,1573.534792,2026-04-05 19:30:00+08:00
1775389500000,79.86,79.93,79.83,79.92,2421.60607,2026-04-05 19:45:00+08:00
1775390400000,79.92,79.96,79.67,79.68,3073.511339,2026-04-05 20:00:00+08:00
1775391300000,79.69,79.74,79.56,79.58,2490.674394,2026-04-05 20:15:00+08:00
1775392200000,79.58,79.58,78.92,78.99,36075.548447,2026-04-05 20:30:00+08:00
1775393100000,78.99,79.04,78.8,79.03,8944.879677,2026-04-05 20:45:00+08:00
1775394000000,79.03,79.17,78.9,78.91,13727.554251,2026-04-05 21:00:00+08:00
1775394900000,78.9,78.99,78.57,78.58,6932.922908,2026-04-05 21:15:00+08:00
1775395800000,78.58,78.9,78.51,78.87,9100.922374,2026-04-05 21:30:00+08:00
1775396700000,78.87,79.25,78.84,79.2,12276.924418,2026-04-05 21:45:00+08:00
1775397600000,79.21,79.44,79.14,79.21,3915.294645,2026-04-05 22:00:00+08:00
1775398500000,79.21,79.39,79.15,79.33,3599.56537,2026-04-05 22:15:00+08:00
1775399400000,79.34,79.48,79.27,79.41,2209.78729,2026-04-05 22:30:00+08:00
1775400300000,79.4,79.41,79.28,79.29,1055.402097,2026-04-05 22:45:00+08:00
1775401200000,79.3,79.3,79.0,79.19,2428.213884,2026-04-05 23:00:00+08:00
1775402100000,79.2,80.12,79.18,79.98,18280.852525,2026-04-05 23:15:00+08:00
1775403000000,79.99,80.33,79.69,79.87,17677.214542,2026-04-05 23:30:00+08:00
1775403900000,79.88,79.88,79.47,79.6,8509.9387,2026-04-05 23:45:00+08:00
1775404800000,79.6,79.79,79.54,79.57,7328.733939,2026-04-06 00:00:00+08:00
1775405700000,79.57,79.72,79.5,79.61,2680.959637,2026-04-06 00:15:00+08:00
1775406600000,79.6,79.82,79.51,79.63,2885.548169,2026-04-06 00:30:00+08:00
1775407500000,79.63,79.63,79.39,79.47,3189.480524,2026-04-06 00:45:00+08:00
1775408400000,79.47,79.71,79.39,79.64,8482.703665,2026-04-06 01:00:00+08:00
1775409300000,79.64,79.64,79.45,79.62,1978.745031,2026-04-06 01:15:00+08:00
1775410200000,79.63,79.85,79.61,79.84,1318.756789,2026-04-06 01:30:00+08:00
1775411100000,79.84,79.93,79.77,79.89,2458.423381,2026-04-06 01:45:00+08:00
1775412000000,79.89,79.9,79.71,79.77,1728.10901,2026-04-06 02:00:00+08:00
1775412900000,79.78,79.82,79.72,79.78,1758.012744,2026-04-06 02:15:00+08:00
1775413800000,79.76,80.12,79.76,80.05,5779.463543,2026-04-06 02:30:00+08:00
1775414700000,80.04,80.07,79.9,79.96,1313.488419,2026-04-06 02:45:00+08:00
1775415600000,79.97,80.04,79.91,79.95,946.687495,2026-04-06 03:00:00+08:00
1775416500000,79.96,80.22,79.94,80.06,3849.253844,2026-04-06 03:15:00+08:00
1775417400000,80.08,80.08,79.64,79.69,2451.565798,2026-04-06 03:30:00+08:00
1775418300000,79.7,79.84,79.54,79.82,1944.737961,2026-04-06 03:45:00+08:00
1775419200000,79.82,79.92,79.8,79.89,557.012006,2026-04-06 04:00:00+08:00
1775420100000,79.89,79.99,79.87,79.87,976.418743,2026-04-06 04:15:00+08:00
1775421000000,79.88,80.17,79.86,79.97,6424.820522,2026-04-06 04:30:00+08:00
1775421900000,79.97,80.21,79.96,80.18,4754.649685,2026-04-06 04:45:00+08:00
1775422800000,80.17,80.2,79.68,79.79,8338.603364,2026-04-06 05:00:00+08:00
1775423700000,79.79,79.85,79.55,79.63,5255.521226,2026-04-06 05:15:00+08:00
1775424600000,79.62,79.71,79.5,79.61,3312.498775,2026-04-06 05:30:00+08:00
1775425500000,79.63,79.9,79.61,79.74,1522.242542,2026-04-06 05:45:00+08:00
1775426400000,79.74,79.93,79.31,79.49,7137.879889,2026-04-06 06:00:00+08:00
1775427300000,79.49,79.57,79.1,79.46,12142.803772,2026-04-06 06:15:00+08:00
1775428200000,79.47,80.27,79.47,80.2,8961.393294,2026-04-06 06:30:00+08:00
1775429100000,80.19,80.68,80.19,80.58,11297.693414,2026-04-06 06:45:00+08:00
1775430000000,80.57,81.13,80.46,81.12,12019.761284,2026-04-06 07:00:00+08:00
1775430900000,81.11,81.92,81.11,81.61,29158.246413,2026-04-06 07:15:00+08:00
1775431800000,81.6,82.12,81.57,81.66,18642.072327,2026-04-06 07:30:00+08:00
1775432700000,81.67,81.99,81.67,81.89,8482.528722,2026-04-06 07:45:00+08:00
1775433600000,81.89,82.76,81.89,82.26,25847.953987,2026-04-06 08:00:00+08:00
1775434500000,82.29,82.57,81.97,82.48,19921.519273,2026-04-06 08:15:00+08:00
1775435400000,82.48,82.97,82.43,82.76,16883.238073,2026-04-06 08:30:00+08:00
1775436300000,82.77,82.81,82.33,82.33,9030.404233,2026-04-06 08:45:00+08:00
1775437200000,82.35,82.42,81.97,81.97,11334.736794,2026-04-06 09:00:00+08:00
1775438100000,81.96,82.0,81.71,81.93,11754.142574,2026-04-06 09:15:00+08:00
1775439000000,81.94,81.98,81.75,81.77,4813.81766,2026-04-06 09:30:00+08:00
1775439900000,81.79,82.01,81.68,81.7,10707.490245,2026-04-06 09:45:00+08:00
1775440800000,81.69,82.8,81.67,82.47,10585.542971,2026-04-06 10:00:00+08:00
1775441700000,82.47,82.66,82.25,82.51,7759.454194,2026-04-06 10:15:00+08:00
1775442600000,82.52,82.76,82.44,82.49,5756.077326,2026-04-06 10:30:00+08:00
1775443500000,82.5,82.61,82.41,82.41,4248.015701,2026-04-06 10:45:00+08:00
1775444400000,82.41,82.47,82.13,82.14,21384.017848,2026-04-06 11:00:00+08:00
1775445300000,82.15,82.21,81.95,82.06,13049.901646,2026-04-06 11:15:00+08:00
1775446200000,82.06,82.18,81.95,82.02,8323.215517,2026-04-06 11:30:00+08:00
1775447100000,82.01,82.1,81.95,82.09,3966.739489,2026-04-06 11:45:00+08:00
1775448000000,82.1,82.38,81.96,82.04,10136.564699,2026-04-06 12:00:00+08:00
1775448900000,82.04,82.04,81.8,81.86,10296.627391,2026-04-06 12:15:00+08:00
1775449800000,81.86,82.2,81.83,82.14,7718.237405,2026-04-06 12:30:00+08:00
1775450700000,82.13,82.18,81.97,82.0,4014.551795,2026-04-06 12:45:00+08:00
1775451600000,82.0,82.03,81.85,81.95,3881.696721,2026-04-06 13:00:00+08:00
1775452500000,81.96,82.07,81.84,81.93,3603.986487,2026-04-06 13:15:00+08:00
1775453400000,81.93,81.98,81.86,81.94,3990.320778,2026-04-06 13:30:00+08:00
1775454300000,81.94,81.99,81.85,81.9,2486.04531,2026-04-06 13:45:00+08:00
1775455200000,81.89,82.12,81.73,82.04,7970.492017,2026-04-06 14:00:00+08:00
1775456100000,82.02,82.02,81.27,81.33,7876.29756,2026-04-06 14:15:00+08:00
1775457000000,81.33,81.41,80.96,81.31,15684.421724,2026-04-06 14:30:00+08:00
1775457900000,81.31,81.61,81.3,81.5,12236.170092,2026-04-06 14:45:00+08:00
1775458800000,81.52,81.54,81.33,81.5,7875.72957,2026-04-06 15:00:00+08:00
1775459700000,81.5,81.96,81.5,81.71,10376.210938,2026-04-06 15:15:00+08:00
1775460600000,81.69,81.74,81.46,81.56,3629.308667,2026-04-06 15:30:00+08:00
1775461500000,81.58,81.97,81.37,81.81,18869.043588,2026-04-06 15:45:00+08:00
1775462400000,81.82,81.9,81.71,81.84,4638.291018,2026-04-06 16:00:00+08:00
1775463300000,81.84,82.02,81.7,81.92,11242.526051,2026-04-06 16:15:00+08:00
1775464200000,81.9,82.26,81.88,82.14,9766.841035,2026-04-06 16:30:00+08:00
1775465100000,82.13,82.2,81.92,82.0,8364.508656,2026-04-06 16:45:00+08:00
1775466000000,81.99,82.65,81.88,82.44,24279.001466,2026-04-06 17:00:00+08:00
1775466900000,82.43,83.2,82.42,82.63,33364.04442,2026-04-06 17:15:00+08:00
1775467800000,82.63,82.77,82.41,82.52,8828.596994,2026-04-06 17:30:00+08:00
1775468700000,82.53,82.57,82.36,82.45,6227.957717,2026-04-06 17:45:00+08:00
1775469600000,82.46,82.74,82.46,82.62,4783.332337,2026-04-06 18:00:00+08:00
1775470500000,82.61,82.66,82.52,82.65,3185.590676,2026-04-06 18:15:00+08:00
1775471400000,82.65,82.89,82.64,82.77,9649.572557,2026-04-06 18:30:00+08:00
1775472300000,82.78,82.8,82.48,82.68,17145.341089,2026-04-06 18:45:00+08:00
1775473200000,82.67,82.67,82.37,82.41,10151.444868,2026-04-06 19:00:00+08:00
1775474100000,82.41,82.54,82.41,82.48,3048.37331,2026-04-06 19:15:00+08:00
1775475000000,82.49,82.51,82.4,82.44,4329.117198,2026-04-06 19:30:00+08:00
1775475900000,82.44,82.49,82.32,82.43,3180.276416,2026-04-06 19:45:00+08:00
1775476800000,82.44,82.46,82.17,82.28,5181.03132,2026-04-06 20:00:00+08:00
1775477700000,82.28,82.45,82.19,82.38,5094.771061,2026-04-06 20:15:00+08:00
1775478600000,82.39,82.52,82.3,82.43,3443.278467,2026-04-06 20:30:00+08:00
1775479500000,82.43,82.49,82.21,82.29,3340.795185,2026-04-06 20:45:00+08:00
1775480400000,82.29,82.39,82.23,82.27,2125.793807,2026-04-06 21:00:00+08:00
1775481300000,82.26,82.52,82.16,82.45,4682.062531,2026-04-06 21:15:00+08:00
1775482200000,82.47,82.66,82.24,82.36,5164.505067,2026-04-06 21:30:00+08:00
1775483100000,82.34,82.59,82.29,82.47,5931.139012,2026-04-06 21:45:00+08:00
1775484000000,82.46,82.8,82.2,82.42,12880.878226,2026-04-06 22:00:00+08:00
1775484900000,82.43,82.75,82.35,82.38,6740.804212,2026-04-06 22:15:00+08:00
1775485800000,82.36,82.55,81.74,81.96,16650.54735,2026-04-06 22:30:00+08:00
1775486700000,81.96,82.3,81.8,82.24,5581.573467,2026-04-06 22:45:00+08:00
1775487600000,82.24,82.31,82.04,82.18,4501.102741,2026-04-06 23:00:00+08:00
1775488500000,82.18,82.25,82.01,82.17,3966.651319,2026-04-06 23:15:00+08:00
1775489400000,82.17,82.29,82.01,82.14,6776.757338,2026-04-06 23:30:00+08:00
1775490300000,82.14,82.45,82.1,82.28,9365.86693,2026-04-06 23:45:00+08:00
1775491200000,82.28,82.3,82.0,82.19,7631.002005,2026-04-07 00:00:00+08:00
1775492100000,82.2,82.21,81.98,82.01,5166.443559,2026-04-07 00:15:00+08:00
1775493000000,82.0,82.15,81.93,82.15,4004.559348,2026-04-07 00:30:00+08:00
1775493900000,82.16,82.46,81.57,81.6,10317.252694,2026-04-07 00:45:00+08:00
1775494800000,81.61,81.74,81.19,81.3,14476.353695,2026-04-07 01:00:00+08:00
1775495700000,81.29,81.64,81.2,81.61,5338.714608,2026-04-07 01:15:00+08:00
1775496600000,81.6,81.78,81.51,81.54,2051.135567,2026-04-07 01:30:00+08:00
1775497500000,81.56,81.7,81.48,81.65,2639.92055,2026-04-07 01:45:00+08:00
1775498400000,81.65,82.05,81.56,81.99,3637.811098,2026-04-07 02:00:00+08:00
1775499300000,81.97,82.21,81.96,82.12,5034.94593,2026-04-07 02:15:00+08:00
1775500200000,82.12,82.21,81.79,81.81,4249.542817,2026-04-07 02:30:00+08:00
1775501100000,81.8,81.98,81.8,81.89,1741.356989,2026-04-07 02:45:00+08:00
1775502000000,81.88,81.89,81.56,81.69,3297.589051,2026-04-07 03:00:00+08:00
1775502900000,81.69,81.77,81.62,81.72,697.406616,2026-04-07 03:15:00+08:00
1775503800000,81.71,81.78,81.61,81.74,1532.392642,2026-04-07 03:30:00+08:00
1775504700000,81.74,81.96,81.67,81.89,5354.853421,2026-04-07 03:45:00+08:00
1775505600000,81.91,82.1,81.81,82.04,3745.936285,2026-04-07 04:00:00+08:00
1775506500000,82.04,82.14,81.97,82.07,2933.77982,2026-04-07 04:15:00+08:00
1775507400000,82.08,82.14,82.06,82.08,2147.096542,2026-04-07 04:30:00+08:00
1775508300000,82.09,82.14,81.94,81.99,1698.429918,2026-04-07 04:45:00+08:00
1775509200000,81.99,81.99,81.78,81.84,5041.928212,2026-04-07 05:00:00+08:00
1775510100000,81.84,81.84,81.71,81.75,2332.731265,2026-04-07 05:15:00+08:00
1775511000000,81.75,81.75,81.43,81.46,4408.992741,2026-04-07 05:30:00+08:00
1775511900000,81.47,81.56,81.38,81.49,1284.341557,2026-04-07 05:45:00+08:00
1775512800000,81.46,81.51,81.36,81.46,3323.988793,2026-04-07 06:00:00+08:00
1775513700000,81.45,81.46,81.11,81.19,4569.587841,2026-04-07 06:15:00+08:00
1775514600000,81.2,81.2,80.8,80.8,12234.296234,2026-04-07 06:30:00+08:00
1775515500000,80.79,80.79,80.17,80.18,20662.037633,2026-04-07 06:45:00+08:00
1775516400000,80.18,80.18,79.6,79.93,28432.650752,2026-04-07 07:00:00+08:00
1775517300000,79.92,79.96,79.69,79.79,8477.576971,2026-04-07 07:15:00+08:00
1775518200000,79.78,80.2,79.66,80.11,27477.441743,2026-04-07 07:30:00+08:00
1775519100000,80.1,80.25,79.93,80.02,11790.551294,2026-04-07 07:45:00+08:00
1775520000000,80.01,80.23,79.76,79.87,19229.646733,2026-04-07 08:00:00+08:00
1775520900000,79.88,80.02,79.71,79.87,8301.036288,2026-04-07 08:15:00+08:00
1775521800000,79.89,79.97,79.6,79.8,14097.091926,2026-04-07 08:30:00+08:00
1775522700000,79.8,80.03,79.78,79.9,5803.261865,2026-04-07 08:45:00+08:00
1775523600000,79.9,79.91,79.69,79.75,10413.448016,2026-04-07 09:00:00+08:00
1775524500000,79.74,80.13,79.72,80.04,8530.905605,2026-04-07 09:15:00+08:00
1775525400000,80.04,80.12,79.81,79.96,4939.072012,2026-04-07 09:30:00+08:00
1775526300000,79.96,79.99,79.38,79.52,15168.234881,2026-04-07 09:45:00+08:00
1775527200000,79.52,79.74,79.46,79.58,5358.234771,2026-04-07 10:00:00+08:00
1775528100000,79.59,79.78,79.56,79.76,5051.364382,2026-04-07 10:15:00+08:00
1775529000000,79.76,79.89,79.61,79.72,7194.910667,2026-04-07 10:30:00+08:00
1775529900000,79.74,79.83,79.62,79.71,7027.217018,2026-04-07 10:45:00+08:00
1775530800000,79.72,79.82,79.69,79.76,3050.168499,2026-04-07 11:00:00+08:00
1775531700000,79.76,79.9,79.72,79.86,3487.689161,2026-04-07 11:15:00+08:00
1775532600000,79.88,79.89,79.76,79.8,3473.404929,2026-04-07 11:30:00+08:00
1775533500000,79.81,79.81,79.73,79.8,3741.709481,2026-04-07 11:45:00+08:00
1775534400000,79.79,79.82,79.69,79.76,2729.681623,2026-04-07 12:00:00+08:00
1775535300000,79.75,79.8,79.67,79.74,2132.337021,2026-04-07 12:15:00+08:00
1775536200000,79.74,79.98,79.74,79.98,2806.857297,2026-04-07 12:30:00+08:00
1775537100000,79.99,80.17,79.91,79.92,4387.771634,2026-04-07 12:45:00+08:00
1775538000000,79.93,79.96,79.79,79.79,3695.019695,2026-04-07 13:00:00+08:00
1775538900000,79.78,79.92,79.65,79.71,6974.831385,2026-04-07 13:15:00+08:00
1775539800000,79.71,79.79,79.5,79.53,5430.426329,2026-04-07 13:30:00+08:00
1775540700000,79.53,79.65,79.46,79.61,10307.410733,2026-04-07 13:45:00+08:00
1775541600000,79.6,79.61,79.39,79.39,2990.305421,2026-04-07 14:00:00+08:00
1775542500000,79.39,79.58,79.3,79.58,8586.01898,2026-04-07 14:15:00+08:00
1775543400000,79.58,79.65,79.42,79.53,14961.24534,2026-04-07 14:30:00+08:00
1775544300000,79.53,79.59,79.46,79.52,3265.554383,2026-04-07 14:45:00+08:00
1775545200000,79.55,79.68,79.45,79.67,2092.322262,2026-04-07 15:00:00+08:00
1775546100000,79.66,79.95,79.65,79.72,28458.897097,2026-04-07 15:15:00+08:00
1775547000000,79.72,79.89,79.69,79.82,3060.383034,2026-04-07 15:30:00+08:00
1775547900000,79.82,79.91,79.76,79.87,2562.576116,2026-04-07 15:45:00+08:00
1775548800000,79.87,80.19,79.81,80.07,9093.94416,2026-04-07 16:00:00+08:00
1775549700000,80.06,80.35,80.0,80.14,25860.400156,2026-04-07 16:15:00+08:00
1775550600000,80.16,80.25,80.02,80.14,4313.937425,2026-04-07 16:30:00+08:00
1775551500000,80.13,80.23,80.0,80.13,18539.221435,2026-04-07 16:45:00+08:00
1775552400000,80.14,80.57,80.14,80.35,14285.925448,2026-04-07 17:00:00+08:00
1775553300000,80.36,80.43,80.19,80.3,7258.302125,2026-04-07 17:15:00+08:00
1775554200000,80.29,80.52,80.29,80.45,3769.248701,2026-04-07 17:30:00+08:00
1775555100000,80.43,80.47,80.32,80.37,4025.285071,2026-04-07 17:45:00+08:00
1775556000000,80.38,80.44,79.84,79.91,16264.036302,2026-04-07 18:00:00+08:00
1775556900000,79.91,80.12,79.69,79.79,5980.10071,2026-04-07 18:15:00+08:00
1775557800000,79.81,79.86,79.47,79.54,11747.403958,2026-04-07 18:30:00+08:00
1775558700000,79.54,79.59,79.23,79.37,13838.643836,2026-04-07 18:45:00+08:00
1775559600000,79.38,79.55,79.26,79.42,8586.992943,2026-04-07 19:00:00+08:00
1775560500000,79.43,79.53,78.96,79.3,25953.197093,2026-04-07 19:15:00+08:00
1775561400000,79.31,79.35,79.13,79.32,4954.160512,2026-04-07 19:30:00+08:00
1775562300000,79.32,79.36,79.13,79.23,6449.620599,2026-04-07 19:45:00+08:00
1775563200000,79.23,79.39,78.68,79.04,24700.864847,2026-04-07 20:00:00+08:00
1775564100000,79.03,79.28,78.88,79.09,12954.927164,2026-04-07 20:15:00+08:00
1775565000000,79.1,79.15,78.88,78.92,7586.958322,2026-04-07 20:30:00+08:00
1775565900000,78.91,79.37,78.83,79.14,12648.889426,2026-04-07 20:45:00+08:00
1775566800000,79.14,79.25,78.97,79.14,8994.280602,2026-04-07 21:00:00+08:00
1775567700000,79.14,79.14,78.91,78.97,5263.84255,2026-04-07 21:15:00+08:00
1775568600000,78.97,79.21,78.9,78.95,7393.387367,2026-04-07 21:30:00+08:00
1775569500000,78.94,79.14,78.83,78.88,5801.063214,2026-04-07 21:45:00+08:00
1775570400000,78.9,78.93,78.4,78.56,19679.606196,2026-04-07 22:00:00+08:00
1775571300000,78.56,79.07,78.54,78.99,6968.935282,2026-04-07 22:15:00+08:00
1775572200000,78.98,79.05,78.67,78.69,6478.835609,2026-04-07 22:30:00+08:00
1775573100000,78.69,79.01,78.59,78.59,5845.373103,2026-04-07 22:45:00+08:00
1775574000000,78.59,78.71,78.38,78.59,9629.29632,2026-04-07 23:00:00+08:00
1775574900000,78.6,78.99,78.6,78.94,16271.446198,2026-04-07 23:15:00+08:00
1775575800000,78.94,78.97,78.73,78.8,8618.436967,2026-04-07 23:30:00+08:00
1775576700000,78.81,79.0,78.7,78.87,7210.596759,2026-04-07 23:45:00+08:00
1775577600000,78.87,79.2,78.76,78.81,8472.471809,2026-04-08 00:00:00+08:00
1775578500000,78.81,79.0,78.66,78.99,10923.046741,2026-04-08 00:15:00+08:00
1775579400000,78.98,79.06,78.91,78.99,7974.515476,2026-04-08 00:30:00+08:00
1775580300000,79.0,79.09,78.84,78.89,4080.126022,2026-04-08 00:45:00+08:00
1775581200000,78.9,79.03,78.87,78.89,5172.873268,2026-04-08 01:00:00+08:00
1775582100000,78.89,79.52,78.83,79.45,31260.379204,2026-04-08 01:15:00+08:00
1775583000000,79.45,80.98,79.45,80.0,74741.949811,2026-04-08 01:30:00+08:00
1775583900000,79.99,80.16,79.86,80.05,10946.633764,2026-04-08 01:45:00+08:00
1775584800000,80.05,80.18,79.96,80.16,7292.473372,2026-04-08 02:00:00+08:00
1775585700000,80.15,80.18,79.91,80.05,6135.388834,2026-04-08 02:15:00+08:00
1775586600000,80.05,80.11,79.72,79.74,5706.709436,2026-04-08 02:30:00+08:00
1775587500000,79.74,79.92,79.52,79.92,13462.15465,2026-04-08 02:45:00+08:00
1775588400000,79.91,80.53,79.87,80.51,17331.130611,2026-04-08 03:00:00+08:00
1775589300000,80.51,81.15,80.51,80.78,23791.988122,2026-04-08 03:15:00+08:00
1775590200000,80.76,81.22,80.47,81.05,29045.026954,2026-04-08 03:30:00+08:00
1775591100000,81.06,81.83,81.03,81.62,30718.218732,2026-04-08 03:45:00+08:00
1775592000000,81.62,82.17,81.62,81.94,25172.547851,2026-04-08 04:00:00+08:00
1775592900000,81.93,82.3,81.72,82.05,19429.013005,2026-04-08 04:15:00+08:00
1775593800000,82.05,82.42,81.88,82.08,18842.106089,2026-04-08 04:30:00+08:00
1775594700000,82.08,82.2,81.89,81.94,16024.672718,2026-04-08 04:45:00+08:00
1775595600000,81.94,83.26,81.87,82.73,69832.110825,2026-04-08 05:00:00+08:00
1775596500000,82.74,82.81,82.1,82.27,11025.053895,2026-04-08 05:15:00+08:00
1775597400000,82.26,82.81,82.26,82.81,22993.55865,2026-04-08 05:30:00+08:00
1775598300000,82.81,83.1,82.72,82.91,18974.970366,2026-04-08 05:45:00+08:00
1775599200000,82.92,83.75,82.92,83.54,45002.675863,2026-04-08 06:00:00+08:00
1775600100000,83.54,83.61,83.22,83.41,13869.844679,2026-04-08 06:15:00+08:00
1775601000000,83.41,84.88,83.41,84.0,90926.549664,2026-04-08 06:30:00+08:00
1775601900000,84.01,85.23,83.94,85.23,44856.702178,2026-04-08 06:45:00+08:00
1775602800000,85.24,86.09,85.07,85.5,59443.548247,2026-04-08 07:00:00+08:00
1775603700000,85.51,87.0,85.2,86.92,68779.32973,2026-04-08 07:15:00+08:00
1775604600000,86.93,87.03,85.71,85.74,68437.158462,2026-04-08 07:30:00+08:00
1775605500000,85.74,86.06,85.51,85.54,38403.108116,2026-04-08 07:45:00+08:00
1775606400000,85.54,85.89,85.24,85.37,26994.584375,2026-04-08 08:00:00+08:00
1775607300000,85.37,85.5,84.87,84.92,22657.504892,2026-04-08 08:15:00+08:00
1775608200000,84.92,84.98,84.43,84.58,17183.005429,2026-04-08 08:30:00+08:00
1775609100000,84.59,84.77,84.24,84.74,18317.145733,2026-04-08 08:45:00+08:00
1775610000000,84.74,84.96,84.43,84.76,15246.168097,2026-04-08 09:00:00+08:00
1775610900000,84.76,84.81,84.46,84.48,7945.943184,2026-04-08 09:15:00+08:00
1775611800000,84.48,84.77,84.44,84.71,7237.896465,2026-04-08 09:30:00+08:00
1775612700000,84.71,84.91,84.64,84.68,6533.827961,2026-04-08 09:45:00+08:00
1775613600000,84.69,84.96,84.5,84.87,18815.985128,2026-04-08 10:00:00+08:00
1775614500000,84.87,84.88,84.39,84.62,13436.210189,2026-04-08 10:15:00+08:00
1775615400000,84.63,84.63,84.39,84.57,14159.086401,2026-04-08 10:30:00+08:00
1775616300000,84.57,84.78,84.48,84.59,15298.054681,2026-04-08 10:45:00+08:00
1775617200000,84.6,84.67,84.37,84.5,22717.0964,2026-04-08 11:00:00+08:00
1775618100000,84.5,84.67,84.41,84.62,12512.929069,2026-04-08 11:15:00+08:00
1775619000000,84.61,84.65,84.49,84.6,7900.920672,2026-04-08 11:30:00+08:00
1775619900000,84.59,84.6,84.44,84.56,10812.069307,2026-04-08 11:45:00+08:00
1775620800000,84.56,85.06,84.53,84.82,36696.08923,2026-04-08 12:00:00+08:00
1775621700000,84.84,84.91,84.71,84.89,14117.239317,2026-04-08 12:15:00+08:00
1775622600000,84.88,84.99,84.74,84.92,14323.232453,2026-04-08 12:30:00+08:00
1775623500000,84.92,84.92,84.45,84.47,17792.43624,2026-04-08 12:45:00+08:00
1775624400000,84.49,84.59,84.36,84.55,15787.150846,2026-04-08 13:00:00+08:00
1775625300000,84.55,84.75,84.53,84.65,9782.073962,2026-04-08 13:15:00+08:00
1775626200000,84.65,84.69,84.51,84.59,13356.497011,2026-04-08 13:30:00+08:00
1775627100000,84.58,84.69,84.12,84.2,28334.173531,2026-04-08 13:45:00+08:00
1775628000000,84.2,84.47,83.85,84.42,32209.464375,2026-04-08 14:00:00+08:00
1775628900000,84.42,84.65,84.34,84.6,18610.011516,2026-04-08 14:15:00+08:00
1775629800000,84.6,84.68,84.51,84.67,9964.476406,2026-04-08 14:30:00+08:00
1775630700000,84.66,84.7,84.49,84.54,9683.685159,2026-04-08 14:45:00+08:00
1775631600000,84.54,84.54,84.19,84.44,16577.818804,2026-04-08 15:00:00+08:00
1775632500000,84.44,84.7,84.38,84.57,12580.603305,2026-04-08 15:15:00+08:00
1775633400000,84.56,84.56,84.26,84.35,12481.515598,2026-04-08 15:30:00+08:00
1775634300000,84.35,84.5,84.3,84.49,5749.940819,2026-04-08 15:45:00+08:00
1775635200000,84.5,84.58,84.44,84.52,7756.194261,2026-04-08 16:00:00+08:00
1775636100000,84.51,84.63,84.47,84.57,9965.280649,2026-04-08 16:15:00+08:00
1775637000000,84.57,84.7,84.4,84.56,12580.582718,2026-04-08 16:30:00+08:00
1775637900000,84.56,84.87,84.55,84.85,10228.11956,2026-04-08 16:45:00+08:00
1775638800000,84.84,84.97,84.74,84.87,12655.609177,2026-04-08 17:00:00+08:00
1775639700000,84.86,84.92,84.62,84.63,6550.788865,2026-04-08 17:15:00+08:00
1775640600000,84.64,84.77,84.54,84.54,8700.767372,2026-04-08 17:30:00+08:00
1775641500000,84.54,84.72,84.53,84.64,8569.403495,2026-04-08 17:45:00+08:00
1775642400000,84.64,84.77,84.49,84.58,10913.028656,2026-04-08 18:00:00+08:00
1775643300000,84.57,84.78,84.54,84.71,5611.269046,2026-04-08 18:15:00+08:00
1775644200000,84.72,84.74,84.49,84.61,10693.508176,2026-04-08 18:30:00+08:00
1775645100000,84.62,84.67,84.51,84.51,3253.297458,2026-04-08 18:45:00+08:00
1775646000000,84.5,84.72,84.43,84.68,3558.209198,2026-04-08 19:00:00+08:00
1775646900000,84.67,84.84,84.31,84.69,17574.868487,2026-04-08 19:15:00+08:00
1775647800000,84.68,84.68,84.15,84.25,4815.485151,2026-04-08 19:30:00+08:00
1775648700000,84.25,84.54,84.2,84.47,4925.619395,2026-04-08 19:45:00+08:00
1775649600000,84.47,84.57,84.39,84.57,4455.331878,2026-04-08 20:00:00+08:00
1775650500000,84.57,84.57,84.11,84.36,10058.586116,2026-04-08 20:15:00+08:00
1775651400000,84.36,84.66,84.3,84.63,3858.863192,2026-04-08 20:30:00+08:00
1775652300000,84.62,84.68,84.51,84.55,7862.645926,2026-04-08 20:45:00+08:00
1775653200000,84.56,84.99,84.4,84.59,21442.911384,2026-04-08 21:00:00+08:00
1775654100000,84.58,84.83,84.48,84.7,7875.57574,2026-04-08 21:15:00+08:00
1775655000000,84.73,84.94,83.98,84.02,15839.004438,2026-04-08 21:30:00+08:00
1775655900000,84.03,84.44,83.92,84.07,12590.418183,2026-04-08 21:45:00+08:00
1775656800000,84.07,84.15,83.43,83.87,19777.09792,2026-04-08 22:00:00+08:00
1775657700000,83.88,83.96,83.37,83.47,8996.896789,2026-04-08 22:15:00+08:00
1775658600000,83.47,83.54,82.65,82.9,30121.943412,2026-04-08 22:30:00+08:00
1775659500000,82.9,82.96,82.52,82.9,15538.522238,2026-04-08 22:45:00+08:00
1775660400000,82.9,83.12,82.81,83.05,14591.305287,2026-04-08 23:00:00+08:00
1775661300000,83.05,83.24,83.03,83.16,10190.706866,2026-04-08 23:15:00+08:00
1775662200000,83.18,83.36,83.06,83.28,5091.853444,2026-04-08 23:30:00+08:00
1775663100000,83.28,83.47,83.26,83.35,6419.428942,2026-04-08 23:45:00+08:00
1775664000000,83.33,83.45,83.22,83.28,3786.587143,2026-04-09 00:00:00+08:00
1775664900000,83.3,83.4,83.21,83.24,2468.286897,2026-04-09 00:15:00+08:00
1775665800000,83.24,83.33,83.05,83.3,3772.42683,2026-04-09 00:30:00+08:00
1775666700000,83.31,83.61,83.3,83.49,7437.829316,2026-04-09 00:45:00+08:00
1775667600000,83.5,83.77,83.42,83.76,7488.73296,2026-04-09 01:00:00+08:00
1775668500000,83.77,83.77,83.31,83.48,6933.929644,2026-04-09 01:15:00+08:00
1775669400000,83.5,84.22,83.5,84.02,11599.784599,2026-04-09 01:30:00+08:00
1775670300000,84.03,84.05,83.87,84.0,10506.890007,2026-04-09 01:45:00+08:00
1775671200000,84.01,84.03,83.71,83.81,18333.945072,2026-04-09 02:00:00+08:00
1775672100000,83.8,83.89,83.12,83.28,17878.285604,2026-04-09 02:15:00+08:00
1775673000000,83.29,83.46,83.06,83.07,3327.157046,2026-04-09 02:30:00+08:00
1775673900000,83.07,83.2,82.81,82.92,9273.726731,2026-04-09 02:45:00+08:00
1775674800000,82.92,83.12,82.79,83.06,4271.875316,2026-04-09 03:00:00+08:00
1775675700000,83.07,83.1,82.79,82.83,4679.087077,2026-04-09 03:15:00+08:00
1775676600000,82.82,83.08,82.78,82.96,5973.48057,2026-04-09 03:30:00+08:00
1775677500000,82.95,83.33,82.95,83.21,8219.461611,2026-04-09 03:45:00+08:00
1775678400000,83.2,83.39,83.18,83.26,3716.141784,2026-04-09 04:00:00+08:00
1775679300000,83.26,83.38,83.23,83.28,932.004613,2026-04-09 04:15:00+08:00
1775680200000,83.28,83.34,83.03,83.12,659.36824,2026-04-09 04:30:00+08:00
1775681100000,83.12,83.3,83.07,83.28,2986.163373,2026-04-09 04:45:00+08:00
1775682000000,83.28,83.59,83.2,83.42,2880.370498,2026-04-09 05:00:00+08:00
1775682900000,83.43,83.63,83.43,83.47,3120.650039,2026-04-09 05:15:00+08:00
1775683800000,83.48,83.52,83.3,83.35,4452.209561,2026-04-09 05:30:00+08:00
1775684700000,83.35,83.47,83.34,83.42,830.855895,2026-04-09 05:45:00+08:00
1775685600000,83.43,83.46,83.06,83.12,2100.255688,2026-04-09 06:00:00+08:00
1775686500000,83.11,83.15,82.68,82.7,4668.945588,2026-04-09 06:15:00+08:00
1775687400000,82.71,83.01,82.6,82.87,2481.659787,2026-04-09 06:30:00+08:00
1775688300000,82.86,82.89,82.61,82.64,2489.109218,2026-04-09 06:45:00+08:00
1775689200000,82.63,82.9,82.25,82.89,12936.124308,2026-04-09 07:00:00+08:00
1775690100000,82.89,83.03,82.33,82.5,8560.002605,2026-04-09 07:15:00+08:00
1775691000000,82.52,82.68,82.42,82.55,2703.64723,2026-04-09 07:30:00+08:00
1775691900000,82.54,82.72,82.53,82.57,1390.857223,2026-04-09 07:45:00+08:00
1775692800000,82.57,82.64,82.45,82.59,1758.295465,2026-04-09 08:00:00+08:00
1775693700000,82.58,82.67,82.4,82.4,4735.330298,2026-04-09 08:15:00+08:00
1775694600000,82.4,82.49,82.06,82.16,10811.449528,2026-04-09 08:30:00+08:00
1775695500000,82.19,82.31,82.08,82.21,7848.687494,2026-04-09 08:45:00+08:00
1775696400000,82.21,82.28,81.71,81.98,33317.284084,2026-04-09 09:00:00+08:00
1775697300000,81.99,82.08,81.78,81.93,5080.882544,2026-04-09 09:15:00+08:00
1775698200000,81.93,82.38,81.84,81.95,23734.281744,2026-04-09 09:30:00+08:00
1775699100000,81.96,82.26,81.88,82.23,5737.939601,2026-04-09 09:45:00+08:00
1775700000000,82.24,82.34,82.12,82.14,4955.82602,2026-04-09 10:00:00+08:00
1775700900000,82.16,82.44,82.12,82.38,3023.123803,2026-04-09 10:15:00+08:00
1775701800000,82.38,82.38,82.07,82.22,3209.672888,2026-04-09 10:30:00+08:00
1775702700000,82.22,82.34,82.12,82.13,3259.659538,2026-04-09 10:45:00+08:00
1775703600000,82.14,82.19,81.95,81.98,4233.46097,2026-04-09 11:00:00+08:00
1775704500000,81.98,82.14,81.87,81.98,13321.894588,2026-04-09 11:15:00+08:00
1775705400000,81.97,82.1,81.96,82.01,3086.870639,2026-04-09 11:30:00+08:00
1775706300000,82.01,82.18,81.94,82.04,2638.318154,2026-04-09 11:45:00+08:00
1775707200000,82.03,82.03,81.92,81.93,3833.499274,2026-04-09 12:00:00+08:00
1775708100000,81.93,81.94,81.83,81.89,6110.318673,2026-04-09 12:15:00+08:00
1775709000000,81.9,82.04,81.85,82.0,2836.006011,2026-04-09 12:30:00+08:00
1775709900000,82.0,82.02,81.84,81.85,3674.916153,2026-04-09 12:45:00+08:00
1775710800000,81.85,81.93,81.74,81.93,4309.285043,2026-04-09 13:00:00+08:00
1775711700000,81.93,82.07,81.87,82.05,2928.019487,2026-04-09 13:15:00+08:00
1775712600000,82.05,82.32,82.03,82.27,3909.712173,2026-04-09 13:30:00+08:00
1775713500000,82.26,82.26,82.05,82.16,3245.457273,2026-04-09 13:45:00+08:00
1775714400000,82.16,82.35,82.16,82.24,3482.2798,2026-04-09 14:00:00+08:00
1775715300000,82.23,82.24,81.99,81.99,3020.298275,2026-04-09 14:15:00+08:00
1775716200000,81.99,82.16,81.86,82.08,8140.10317,2026-04-09 14:30:00+08:00
1775717100000,82.06,82.18,82.06,82.18,1408.310321,2026-04-09 14:45:00+08:00
1775718000000,82.18,82.34,82.18,82.34,2736.639615,2026-04-09 15:00:00+08:00
1775718900000,82.34,82.38,82.24,82.27,1839.129877,2026-04-09 15:15:00+08:00
1775719800000,82.27,82.47,82.25,82.36,3100.623544,2026-04-09 15:30:00+08:00
1775720700000,82.36,82.4,82.27,82.28,12654.407104,2026-04-09 15:45:00+08:00
1775721600000,82.28,82.4,82.16,82.21,5322.485022,2026-04-09 16:00:00+08:00
1775722500000,82.2,82.42,82.16,82.35,2177.966767,2026-04-09 16:15:00+08:00
1775723400000,82.35,82.6,82.35,82.58,4772.9737,2026-04-09 16:30:00+08:00
1775724300000,82.57,82.64,82.38,82.46,5135.846187,2026-04-09 16:45:00+08:00
1775725200000,82.46,82.47,82.19,82.32,10704.266176,2026-04-09 17:00:00+08:00
1775726100000,82.33,82.52,82.32,82.49,4236.573332,2026-04-09 17:15:00+08:00
1775727000000,82.49,82.59,82.1,82.23,10228.186889,2026-04-09 17:30:00+08:00
1775727900000,82.23,82.67,82.22,82.59,6625.858748,2026-04-09 17:45:00+08:00
1775728800000,82.6,82.61,82.36,82.4,3100.902684,2026-04-09 18:00:00+08:00
1775729700000,82.41,82.59,82.4,82.54,4238.942523,2026-04-09 18:15:00+08:00
1775730600000,82.53,82.63,82.46,82.58,2300.766051,2026-04-09 18:30:00+08:00
1775731500000,82.58,82.66,82.49,82.58,5317.283182,2026-04-09 18:45:00+08:00
1775732400000,82.58,82.71,82.3,82.3,13966.247735,2026-04-09 19:00:00+08:00
1775733300000,82.3,82.31,82.03,82.17,13757.182576,2026-04-09 19:15:00+08:00
1775734200000,82.18,82.29,82.14,82.24,3666.606211,2026-04-09 19:30:00+08:00
1775735100000,82.24,82.34,82.15,82.16,3522.831492,2026-04-09 19:45:00+08:00
1775736000000,82.17,82.31,82.16,82.22,3004.896484,2026-04-09 20:00:00+08:00
1775736900000,82.23,82.35,82.07,82.17,8083.599107,2026-04-09 20:15:00+08:00
1775737800000,82.17,82.39,81.97,82.27,12032.879007,2026-04-09 20:30:00+08:00
1775738700000,82.25,82.32,82.05,82.27,6167.712986,2026-04-09 20:45:00+08:00
1775739600000,82.28,82.36,82.16,82.2,2140.168403,2026-04-09 21:00:00+08:00
1775740500000,82.2,82.29,82.14,82.29,4913.73487,2026-04-09 21:15:00+08:00
1775741400000,82.3,82.41,81.81,81.97,13579.406428,2026-04-09 21:30:00+08:00
1775742300000,81.98,82.0,81.58,81.85,10518.418441,2026-04-09 21:45:00+08:00
1775743200000,81.86,81.98,81.64,81.91,4408.771658,2026-04-09 22:00:00+08:00
1775744100000,81.91,81.95,81.42,81.58,9993.454182,2026-04-09 22:15:00+08:00
1775745000000,81.58,81.9,81.52,81.86,4506.916888,2026-04-09 22:30:00+08:00
1775745900000,81.87,82.3,81.87,82.18,7838.022453,2026-04-09 22:45:00+08:00
1775746800000,82.19,82.52,81.91,82.46,6749.331376,2026-04-09 23:00:00+08:00
1775747700000,82.48,82.68,82.27,82.3,8569.997274,2026-04-09 23:15:00+08:00
1775748600000,82.29,83.56,82.23,83.37,32752.896077,2026-04-09 23:30:00+08:00
1775749500000,83.37,83.93,83.32,83.76,63164.699376,2026-04-09 23:45:00+08:00
1775750400000,83.76,84.24,83.72,83.76,24041.444911,2026-04-10 00:00:00+08:00
1775751300000,83.77,84.11,83.62,83.62,13973.510491,2026-04-10 00:15:00+08:00
1775752200000,83.62,83.65,82.98,83.36,16270.81781,2026-04-10 00:30:00+08:00
1775753100000,83.36,83.69,82.93,83.69,13175.374253,2026-04-10 00:45:00+08:00
1775754000000,83.7,84.3,83.67,84.07,23262.298896,2026-04-10 01:00:00+08:00
1775754900000,84.08,84.2,83.79,84.07,16552.092714,2026-04-10 01:15:00+08:00
1775755800000,84.08,84.54,83.8,84.42,15107.486895,2026-04-10 01:30:00+08:00
1775756700000,84.41,84.71,84.3,84.67,16057.171334,2026-04-10 01:45:00+08:00
1775757600000,84.68,84.72,83.94,83.98,53714.941631,2026-04-10 02:00:00+08:00
1775758500000,83.99,84.1,83.72,83.96,17429.721619,2026-04-10 02:15:00+08:00
1775759400000,83.96,84.02,83.67,83.71,17404.022436,2026-04-10 02:30:00+08:00
1775760300000,83.7,84.07,83.45,83.85,16853.854698,2026-04-10 02:45:00+08:00
1775761200000,83.84,84.22,83.7,84.01,5682.268596,2026-04-10 03:00:00+08:00
1775762100000,84.01,84.07,83.43,83.59,8451.773135,2026-04-10 03:15:00+08:00
1775763000000,83.59,84.08,83.57,84.02,14721.505131,2026-04-10 03:30:00+08:00
1775763900000,84.04,84.31,83.85,84.17,12067.460322,2026-04-10 03:45:00+08:00
1775764800000,84.14,84.37,84.11,84.35,5333.972231,2026-04-10 04:00:00+08:00
1775765700000,84.34,84.53,84.28,84.37,6174.798402,2026-04-10 04:15:00+08:00
1775766600000,84.36,84.48,84.23,84.27,2971.792069,2026-04-10 04:30:00+08:00
1775767500000,84.27,84.45,84.1,84.27,7231.539033,2026-04-10 04:45:00+08:00
1775768400000,84.28,84.74,84.18,84.29,7071.707937,2026-04-10 05:00:00+08:00
1775769300000,84.3,84.43,84.16,84.26,2729.255926,2026-04-10 05:15:00+08:00
1775770200000,84.24,84.49,84.2,84.41,5489.571762,2026-04-10 05:30:00+08:00
1775771100000,84.43,84.53,84.2,84.27,5356.896135,2026-04-10 05:45:00+08:00
1775772000000,84.28,84.69,84.17,84.68,8434.650497,2026-04-10 06:00:00+08:00
1775772900000,84.68,85.96,84.68,84.92,40561.545622,2026-04-10 06:15:00+08:00
1775773800000,84.91,84.95,84.41,84.46,10793.157762,2026-04-10 06:30:00+08:00
1775774700000,84.46,84.62,83.96,84.0,14792.664191,2026-04-10 06:45:00+08:00
1775775600000,83.99,84.07,83.55,83.68,11763.308308,2026-04-10 07:00:00+08:00
1775776500000,83.69,83.81,83.42,83.5,8080.917795,2026-04-10 07:15:00+08:00
1775777400000,83.49,83.49,83.15,83.33,12489.582991,2026-04-10 07:30:00+08:00
1775778300000,83.32,83.41,83.22,83.34,4924.176542,2026-04-10 07:45:00+08:00
1775779200000,83.36,83.37,83.05,83.19,9971.064447,2026-04-10 08:00:00+08:00
1775780100000,83.17,83.22,82.9,83.18,7169.878172,2026-04-10 08:15:00+08:00
1775781000000,83.16,83.28,82.95,83.1,5725.00933,2026-04-10 08:30:00+08:00
1775781900000,83.1,83.24,83.02,83.13,2807.256666,2026-04-10 08:45:00+08:00
1775782800000,83.13,83.4,82.93,83.29,12931.129464,2026-04-10 09:00:00+08:00
1775783700000,83.28,83.41,82.83,83.23,8056.209144,2026-04-10 09:15:00+08:00
1775784600000,83.23,83.79,83.2,83.45,13979.577479,2026-04-10 09:30:00+08:00
1775785500000,83.44,83.6,83.13,83.15,11050.450975,2026-04-10 09:45:00+08:00
1775786400000,83.15,83.41,83.11,83.36,3674.823868,2026-04-10 10:00:00+08:00
1775787300000,83.36,83.45,83.3,83.43,3318.584073,2026-04-10 10:15:00+08:00
1775788200000,83.42,83.45,83.31,83.4,1737.508258,2026-04-10 10:30:00+08:00
1775789100000,83.4,83.4,83.04,83.27,10866.738274,2026-04-10 10:45:00+08:00
1775790000000,83.26,83.3,83.06,83.07,12956.416842,2026-04-10 11:00:00+08:00
1775790900000,83.08,83.15,82.66,82.8,8681.003395,2026-04-10 11:15:00+08:00
1775791800000,82.81,83.03,82.81,83.01,2538.267593,2026-04-10 11:30:00+08:00
1775792700000,83.0,83.08,82.85,82.9,3599.820546,2026-04-10 11:45:00+08:00
1775793600000,82.9,83.04,82.9,83.0,3840.154927,2026-04-10 12:00:00+08:00
1775794500000,82.99,83.16,82.98,83.1,6042.813722,2026-04-10 12:15:00+08:00
1775795400000,83.12,83.18,83.01,83.12,4127.206892,2026-04-10 12:30:00+08:00
1775796300000,83.12,83.52,83.11,83.34,12363.134355,2026-04-10 12:45:00+08:00
1775797200000,83.35,83.47,83.11,83.24,5472.940678,2026-04-10 13:00:00+08:00
1775798100000,83.26,83.55,83.18,83.49,4393.953873,2026-04-10 13:15:00+08:00
1775799000000,83.49,83.6,83.43,83.45,3594.257895,2026-04-10 13:30:00+08:00
1775799900000,83.45,83.53,83.29,83.39,3692.797539,2026-04-10 13:45:00+08:00
1775800800000,83.4,83.47,83.31,83.46,1870.948659,2026-04-10 14:00:00+08:00
1775801700000,83.45,83.45,83.25,83.32,1226.619725,2026-04-10 14:15:00+08:00
1775802600000,83.33,83.33,83.14,83.2,4709.294211,2026-04-10 14:30:00+08:00
1775803500000,83.2,83.26,83.11,83.19,2252.078545,2026-04-10 14:45:00+08:00
1775804400000,83.2,83.27,83.14,83.15,2399.750677,2026-04-10 15:00:00+08:00
1775805300000,83.15,83.25,83.14,83.18,1788.410309,2026-04-10 15:15:00+08:00
1775806200000,83.19,83.27,83.1,83.13,6911.337633,2026-04-10 15:30:00+08:00
1775807100000,83.12,83.15,82.89,82.97,8367.17724,2026-04-10 15:45:00+08:00
1775808000000,82.97,83.11,82.86,83.0,8762.674491,2026-04-10 16:00:00+08:00
1775808900000,82.99,83.02,82.9,82.95,2822.297762,2026-04-10 16:15:00+08:00
1775809800000,82.94,83.11,82.92,82.97,5821.928915,2026-04-10 16:30:00+08:00
1775810700000,82.96,82.97,82.73,82.92,15653.516464,2026-04-10 16:45:00+08:00
1775811600000,82.93,83.22,82.91,83.22,2748.472354,2026-04-10 17:00:00+08:00
1775812500000,83.22,83.48,83.13,83.39,12404.062057,2026-04-10 17:15:00+08:00
1775813400000,83.4,83.46,83.35,83.41,3647.781597,2026-04-10 17:30:00+08:00
1775814300000,83.41,83.59,83.36,83.52,16562.672945,2026-04-10 17:45:00+08:00
1775815200000,83.52,83.55,83.42,83.48,4684.119072,2026-04-10 18:00:00+08:00
1775816100000,83.47,83.48,83.23,83.23,3398.092586,2026-04-10 18:15:00+08:00
1775817000000,83.23,83.35,83.18,83.19,6097.339753,2026-04-10 18:30:00+08:00
1775817900000,83.18,83.35,83.12,83.32,7915.830499,2026-04-10 18:45:00+08:00
1775818800000,83.32,83.69,83.32,83.69,6914.300049,2026-04-10 19:00:00+08:00
1775819700000,83.69,83.69,83.56,83.64,6155.429872,2026-04-10 19:15:00+08:00
1775820600000,83.64,83.74,83.45,83.61,9251.403625,2026-04-10 19:30:00+08:00
1775821500000,83.61,83.73,83.51,83.53,2619.885764,2026-04-10 19:45:00+08:00
1775822400000,83.54,83.7,83.49,83.55,3498.607085,2026-04-10 20:00:00+08:00
1775823300000,83.55,83.82,83.35,83.67,17803.838619,2026-04-10 20:15:00+08:00
1775824200000,83.66,84.43,83.37,84.13,42238.837986,2026-04-10 20:30:00+08:00
1775825100000,84.14,84.39,84.08,84.11,7921.01212,2026-04-10 20:45:00+08:00
1775826000000,84.11,84.13,83.9,84.05,4583.12066,2026-04-10 21:00:00+08:00
1775826900000,84.04,84.22,83.94,84.06,7973.730616,2026-04-10 21:15:00+08:00
1775827800000,84.07,84.2,83.58,83.84,10565.116774,2026-04-10 21:30:00+08:00
1775828700000,83.85,84.38,83.81,84.26,24209.471026,2026-04-10 21:45:00+08:00
1775829600000,84.26,84.7,84.18,84.6,15106.740834,2026-04-10 22:00:00+08:00
1775830500000,84.61,85.11,84.53,84.94,19157.220835,2026-04-10 22:15:00+08:00
1775831400000,84.92,85.23,84.66,84.8,23043.312218,2026-04-10 22:30:00+08:00
1775832300000,84.8,85.14,84.74,85.09,9850.449447,2026-04-10 22:45:00+08:00
1775833200000,85.08,85.35,85.02,85.13,11720.106367,2026-04-10 23:00:00+08:00
1775834100000,85.14,85.58,84.84,84.84,11706.638578,2026-04-10 23:15:00+08:00
1775835000000,84.85,84.94,84.48,84.68,13367.711273,2026-04-10 23:30:00+08:00
1775835900000,84.65,84.71,84.07,84.23,13385.578936,2026-04-10 23:45:00+08:00
1775836800000,84.24,84.53,84.13,84.51,6660.623371,2026-04-11 00:00:00+08:00
1775837700000,84.5,84.71,84.39,84.61,7372.33408,2026-04-11 00:15:00+08:00
1775838600000,84.62,84.69,84.42,84.51,2955.960423,2026-04-11 00:30:00+08:00
1775839500000,84.52,84.91,84.51,84.85,4949.399921,2026-04-11 00:45:00+08:00
1775840400000,84.85,84.85,84.6,84.73,1261.463995,2026-04-11 01:00:00+08:00
1775841300000,84.74,84.89,84.67,84.7,2285.90303,2026-04-11 01:15:00+08:00
1775842200000,84.69,84.72,84.47,84.61,2010.078371,2026-04-11 01:30:00+08:00
1775843100000,84.62,84.91,84.61,84.88,1995.786736,2026-04-11 01:45:00+08:00
1775844000000,84.88,84.91,84.63,84.91,2556.491633,2026-04-11 02:00:00+08:00
1775844900000,84.92,85.04,84.71,84.9,10520.075358,2026-04-11 02:15:00+08:00
1775845800000,84.9,85.0,84.84,84.96,4000.443187,2026-04-11 02:30:00+08:00
1775846700000,84.94,85.27,84.93,85.22,5179.24543,2026-04-11 02:45:00+08:00
1775847600000,85.22,85.48,85.15,85.46,5397.880984,2026-04-11 03:00:00+08:00
1775848500000,85.47,85.47,85.2,85.22,3586.035474,2026-04-11 03:15:00+08:00
1775849400000,85.22,85.22,85.11,85.17,2281.635449,2026-04-11 03:30:00+08:00
1775850300000,85.16,85.48,85.11,85.45,3323.352345,2026-04-11 03:45:00+08:00
1775851200000,85.47,85.53,85.26,85.39,10492.538558,2026-04-11 04:00:00+08:00
1775852100000,85.38,85.47,85.28,85.38,3641.30952,2026-04-11 04:15:00+08:00
1775853000000,85.38,85.69,85.07,85.19,8292.60071,2026-04-11 04:30:00+08:00
1775853900000,85.18,85.58,85.07,85.46,3995.389214,2026-04-11 04:45:00+08:00
1775854800000,85.46,85.46,85.01,85.06,5317.776704,2026-04-11 05:00:00+08:00
1775855700000,85.05,85.16,84.97,85.11,2903.176975,2026-04-11 05:15:00+08:00
1775856600000,85.11,85.15,84.98,85.11,4220.712128,2026-04-11 05:30:00+08:00
1775857500000,85.1,85.26,85.03,85.24,1652.378078,2026-04-11 05:45:00+08:00
1775858400000,85.25,85.29,85.09,85.16,2999.69992,2026-04-11 06:00:00+08:00
1775859300000,85.15,85.21,84.95,84.98,4418.733698,2026-04-11 06:15:00+08:00
1775860200000,84.99,85.01,84.64,84.75,6608.470656,2026-04-11 06:30:00+08:00
1775861100000,84.76,84.88,84.72,84.88,1300.05012,2026-04-11 06:45:00+08:00
1775862000000,84.88,84.89,84.75,84.8,1591.655348,2026-04-11 07:00:00+08:00
1775862900000,84.79,84.95,84.75,84.87,1646.701686,2026-04-11 07:15:00+08:00
1775863800000,84.87,84.88,84.77,84.79,1429.526917,2026-04-11 07:30:00+08:00
1775864700000,84.78,84.83,84.74,84.82,1080.723305,2026-04-11 07:45:00+08:00
1775865600000,84.82,84.85,84.52,84.65,4583.176055,2026-04-11 08:00:00+08:00
1775866500000,84.66,84.77,84.65,84.71,995.953833,2026-04-11 08:15:00+08:00
1775867400000,84.71,84.78,84.62,84.66,1479.00961,2026-04-11 08:30:00+08:00
1775868300000,84.67,84.72,84.59,84.68,1830.96059,2026-04-11 08:45:00+08:00
1775869200000,84.68,84.72,84.55,84.57,1931.572873,2026-04-11 09:00:00+08:00
1775870100000,84.56,84.57,84.38,84.53,3329.141415,2026-04-11 09:15:00+08:00
1775871000000,84.52,84.69,84.46,84.51,2411.771149,2026-04-11 09:30:00+08:00
1775871900000,84.51,84.67,84.51,84.66,1283.595849,2026-04-11 09:45:00+08:00
1775872800000,84.67,84.78,84.58,84.65,2413.405311,2026-04-11 10:00:00+08:00
1775873700000,84.66,84.79,84.65,84.79,3208.762493,2026-04-11 10:15:00+08:00
1775874600000,84.79,84.91,84.73,84.79,3086.840821,2026-04-11 10:30:00+08:00
1775875500000,84.78,84.8,84.66,84.8,1283.176439,2026-04-11 10:45:00+08:00
1775876400000,84.8,84.9,84.68,84.88,1483.353359,2026-04-11 11:00:00+08:00
1775877300000,84.88,84.89,84.8,84.82,1276.726878,2026-04-11 11:15:00+08:00
1775878200000,84.82,84.86,84.64,84.73,1502.155601,2026-04-11 11:30:00+08:00
1775879100000,84.72,84.72,84.3,84.41,8778.373918,2026-04-11 11:45:00+08:00
1775880000000,84.4,84.62,84.33,84.41,3298.745559,2026-04-11 12:00:00+08:00
1775880900000,84.41,84.41,84.23,84.32,2951.627234,2026-04-11 12:15:00+08:00
1775881800000,84.33,84.42,84.27,84.38,2954.299806,2026-04-11 12:30:00+08:00
1775882700000,84.38,84.4,84.3,84.39,1868.681287,2026-04-11 12:45:00+08:00
1775883600000,84.39,84.41,84.16,84.2,4431.231985,2026-04-11 13:00:00+08:00
1775884500000,84.19,84.28,84.11,84.26,3271.218686,2026-04-11 13:15:00+08:00
1775885400000,84.27,84.35,84.17,84.24,5609.662353,2026-04-11 13:30:00+08:00
1775886300000,84.23,84.29,84.09,84.1,6538.671846,2026-04-11 13:45:00+08:00
1775887200000,84.1,84.1,83.93,83.99,6492.320109,2026-04-11 14:00:00+08:00
1775888100000,84.0,84.07,83.88,84.0,3238.214525,2026-04-11 14:15:00+08:00
1775889000000,84.0,84.1,83.99,84.06,2548.33916,2026-04-11 14:30:00+08:00
1775889900000,84.05,84.16,84.02,84.13,1626.95825,2026-04-11 14:45:00+08:00
1775890800000,84.14,84.16,84.07,84.16,1601.064214,2026-04-11 15:00:00+08:00
1775891700000,84.17,84.35,84.17,84.29,4782.213775,2026-04-11 15:15:00+08:00
1775892600000,84.28,84.34,84.23,84.23,1521.894064,2026-04-11 15:30:00+08:00
1775893500000,84.23,84.27,84.16,84.27,1795.085207,2026-04-11 15:45:00+08:00
1775894400000,84.28,84.39,84.21,84.36,7246.398167,2026-04-11 16:00:00+08:00
1775895300000,84.37,84.42,84.33,84.35,2075.642158,2026-04-11 16:15:00+08:00
1775896200000,84.36,84.43,84.33,84.38,1748.466368,2026-04-11 16:30:00+08:00
1775897100000,84.38,84.39,84.18,84.18,2251.680546,2026-04-11 16:45:00+08:00
1775898000000,84.18,84.24,84.16,84.24,1825.99717,2026-04-11 17:00:00+08:00
1775898900000,84.24,84.79,84.23,84.66,6813.608064,2026-04-11 17:15:00+08:00
1775899800000,84.64,84.74,84.47,84.48,16735.611053,2026-04-11 17:30:00+08:00
1775900700000,84.48,84.56,84.45,84.5,4945.635465,2026-04-11 17:45:00+08:00
1775901600000,84.5,84.52,84.2,84.26,3838.484323,2026-04-11 18:00:00+08:00
1775902500000,84.26,84.31,84.14,84.29,2832.627333,2026-04-11 18:15:00+08:00
1775903400000,84.29,84.29,84.07,84.08,3239.331983,2026-04-11 18:30:00+08:00
1775904300000,84.08,84.14,83.6,84.04,49471.203365,2026-04-11 18:45:00+08:00
1775905200000,84.03,84.14,84.0,84.0,3323.56946,2026-04-11 19:00:00+08:00
1775906100000,84.0,84.12,83.78,84.07,10921.415151,2026-04-11 19:15:00+08:00
1775907000000,84.06,84.13,84.06,84.13,920.179467,2026-04-11 19:30:00+08:00
1775907900000,84.13,84.26,84.08,84.24,2260.468154,2026-04-11 19:45:00+08:00
1775908800000,84.25,84.28,84.14,84.18,1472.845017,2026-04-11 20:00:00+08:00
1775909700000,84.19,84.24,84.07,84.21,1101.27759,2026-04-11 20:15:00+08:00
1775910600000,84.2,84.41,84.14,84.41,4556.642221,2026-04-11 20:30:00+08:00
1775911500000,84.4,84.53,84.2,84.22,16097.142084,2026-04-11 20:45:00+08:00
1775912400000,84.23,84.24,83.83,83.98,6935.345321,2026-04-11 21:00:00+08:00
1775913300000,83.99,84.3,83.99,84.07,4024.081649,2026-04-11 21:15:00+08:00
1775914200000,84.07,84.21,84.02,84.13,1060.19395,2026-04-11 21:30:00+08:00
1775915100000,84.14,84.2,84.1,84.1,1883.278254,2026-04-11 21:45:00+08:00
1775916000000,84.11,84.31,84.02,84.27,13579.378929,2026-04-11 22:00:00+08:00
1775916900000,84.28,84.41,84.24,84.29,3755.959734,2026-04-11 22:15:00+08:00
1775917800000,84.3,84.34,84.19,84.29,844.966348,2026-04-11 22:30:00+08:00
1775918700000,84.3,84.39,84.29,84.37,2550.265122,2026-04-11 22:45:00+08:00
1775919600000,84.38,84.44,84.23,84.43,4896.267076,2026-04-11 23:00:00+08:00
1775920500000,84.42,84.85,84.41,84.71,8852.674152,2026-04-11 23:15:00+08:00
1775921400000,84.71,84.9,84.55,84.57,20910.096176,2026-04-11 23:30:00+08:00
1775922300000,84.57,84.71,84.52,84.66,1776.981401,2026-04-11 23:45:00+08:00
1775923200000,84.67,84.79,84.6,84.77,2491.716855,2026-04-12 00:00:00+08:00
1775924100000,84.77,84.84,84.62,84.69,2842.122043,2026-04-12 00:15:00+08:00
1775925000000,84.69,85.38,84.69,85.18,24012.500702,2026-04-12 00:30:00+08:00
1775925900000,85.19,85.26,84.96,84.98,4569.984335,2026-04-12 00:45:00+08:00
1775926800000,84.98,85.0,84.78,84.83,2467.156517,2026-04-12 01:00:00+08:00
1775927700000,84.82,84.91,84.68,84.84,3356.36609,2026-04-12 01:15:00+08:00
1775928600000,84.85,84.97,84.85,84.89,1887.603112,2026-04-12 01:30:00+08:00
1775929500000,84.88,84.91,84.73,84.8,2210.753939,2026-04-12 01:45:00+08:00
1775930400000,84.8,84.82,84.64,84.74,2158.485803,2026-04-12 02:00:00+08:00
1775931300000,84.74,84.99,84.74,84.94,2538.62658,2026-04-12 02:15:00+08:00
1775932200000,84.95,85.85,84.95,85.45,25017.476475,2026-04-12 02:30:00+08:00
1775933100000,85.47,85.65,85.36,85.48,3254.988456,2026-04-12 02:45:00+08:00
1775934000000,85.49,85.88,85.42,85.62,8671.304543,2026-04-12 03:00:00+08:00
1775934900000,85.64,85.92,85.51,85.8,10153.855071,2026-04-12 03:15:00+08:00
1775935800000,85.81,86.26,85.81,86.09,17220.88479,2026-04-12 03:30:00+08:00
1775936700000,86.08,86.08,85.86,86.0,5112.395492,2026-04-12 03:45:00+08:00
1775937600000,86.01,86.08,85.59,85.67,8779.42204,2026-04-12 04:00:00+08:00
1775938500000,85.66,85.76,85.39,85.45,5515.82899,2026-04-12 04:15:00+08:00
1775939400000,85.45,85.45,85.12,85.35,6135.761894,2026-04-12 04:30:00+08:00
1775940300000,85.34,85.56,85.3,85.39,2495.070189,2026-04-12 04:45:00+08:00
1775941200000,85.4,85.53,85.19,85.44,8705.124641,2026-04-12 05:00:00+08:00
1775942100000,85.43,85.46,85.25,85.31,2114.451279,2026-04-12 05:15:00+08:00
1775943000000,85.3,85.38,85.19,85.28,2785.479394,2026-04-12 05:30:00+08:00
1775943900000,85.29,85.5,85.29,85.35,1234.824721,2026-04-12 05:45:00+08:00
1775944800000,85.29,85.57,85.24,85.49,2772.102699,2026-04-12 06:00:00+08:00
1775945700000,85.48,86.17,85.48,85.67,21446.474473,2026-04-12 06:15:00+08:00
1775946600000,85.67,85.67,85.07,85.16,9260.975492,2026-04-12 06:30:00+08:00
1775947500000,85.16,85.31,85.13,85.28,4337.253685,2026-04-12 06:45:00+08:00
1775948400000,85.26,85.26,84.53,84.79,9883.397548,2026-04-12 07:00:00+08:00
1775949300000,84.8,85.04,84.75,84.97,1087.640694,2026-04-12 07:15:00+08:00
1775950200000,84.97,85.09,84.87,84.88,2818.266228,2026-04-12 07:30:00+08:00
1775951100000,84.87,84.98,84.86,84.93,2370.171089,2026-04-12 07:45:00+08:00
1775952000000,84.94,84.98,84.72,84.85,4571.467376,2026-04-12 08:00:00+08:00
1775952900000,84.84,85.0,84.8,84.92,2147.516006,2026-04-12 08:15:00+08:00
1775953800000,84.9,85.1,84.78,84.9,8514.71428,2026-04-12 08:30:00+08:00
1775954700000,84.91,84.93,84.79,84.9,3711.89695,2026-04-12 08:45:00+08:00
1775955600000,84.9,84.98,84.75,84.81,3113.550213,2026-04-12 09:00:00+08:00
1775956500000,84.81,84.86,84.67,84.73,3614.138094,2026-04-12 09:15:00+08:00
1775957400000,84.73,84.74,82.58,82.84,61098.344303,2026-04-12 09:30:00+08:00
1775958300000,82.83,82.83,82.03,82.29,46785.279846,2026-04-12 09:45:00+08:00
1775959200000,82.28,82.72,81.88,82.57,36770.24012,2026-04-12 10:00:00+08:00
1775960100000,82.57,83.0,82.54,82.67,21426.294664,2026-04-12 10:15:00+08:00
1775961000000,82.65,82.87,82.54,82.65,8869.172966,2026-04-12 10:30:00+08:00
1775961900000,82.64,82.77,82.56,82.67,8992.285904,2026-04-12 10:45:00+08:00
1775962800000,82.66,82.79,82.5,82.65,9718.536029,2026-04-12 11:00:00+08:00
1775963700000,82.65,82.69,82.5,82.57,5954.123793,2026-04-12 11:15:00+08:00
1775964600000,82.56,82.6,82.32,82.51,6887.794708,2026-04-12 11:30:00+08:00
1775965500000,82.51,82.53,82.33,82.33,5375.458882,2026-04-12 11:45:00+08:00
1775966400000,82.32,82.47,82.27,82.37,6191.217118,2026-04-12 12:00:00+08:00
1775967300000,82.35,82.44,82.2,82.22,6631.06133,2026-04-12 12:15:00+08:00
1775968200000,82.21,82.31,82.17,82.25,8142.417515,2026-04-12 12:30:00+08:00
1775969100000,82.26,82.29,82.16,82.2,2959.574221,2026-04-12 12:45:00+08:00
1775970000000,82.21,82.34,82.15,82.15,6949.777369,2026-04-12 13:00:00+08:00
1775970900000,82.15,82.43,82.06,82.42,5149.376257,2026-04-12 13:15:00+08:00
1775971800000,82.43,82.46,82.24,82.28,4964.204862,2026-04-12 13:30:00+08:00
1775972700000,82.28,82.45,82.25,82.4,10491.659092,2026-04-12 13:45:00+08:00
1775973600000,82.39,82.49,82.34,82.44,6918.562131,2026-04-12 14:00:00+08:00
1775974500000,82.43,82.44,82.25,82.41,11981.223324,2026-04-12 14:15:00+08:00
1775975400000,82.38,82.39,82.25,82.3,5790.778473,2026-04-12 14:30:00+08:00
1775976300000,82.29,82.34,82.2,82.27,7000.042891,2026-04-12 14:45:00+08:00
1775977200000,82.26,82.4,82.23,82.3,4863.25828,2026-04-12 15:00:00+08:00
1775978100000,82.31,82.37,82.26,82.34,1651.516983,2026-04-12 15:15:00+08:00
1775979000000,82.33,82.45,82.32,82.43,2348.877923,2026-04-12 15:30:00+08:00
1775979900000,82.43,82.45,82.26,82.28,3160.660375,2026-04-12 15:45:00+08:00
1775980800000,82.28,82.3,82.21,82.22,2467.929485,2026-04-12 16:00:00+08:00
1775981700000,82.22,82.28,82.17,82.27,2135.26148,2026-04-12 16:15:00+08:00
1775982600000,82.27,82.29,82.21,82.28,1824.273462,2026-04-12 16:30:00+08:00
1775983500000,82.28,82.3,82.15,82.3,8574.709297,2026-04-12 16:45:00+08:00
1775984400000,82.3,82.42,82.17,82.27,13392.596929,2026-04-12 17:00:00+08:00
1775985300000,82.27,82.29,82.19,82.21,1810.199545,2026-04-12 17:15:00+08:00
1775986200000,82.21,82.31,82.19,82.24,2796.344544,2026-04-12 17:30:00+08:00
1775987100000,82.24,82.27,82.12,82.21,1916.999386,2026-04-12 17:45:00+08:00
1775988000000,82.21,82.32,82.17,82.19,4169.580891,2026-04-12 18:00:00+08:00
1775988900000,82.2,82.31,82.19,82.31,2508.179285,2026-04-12 18:15:00+08:00
1775989800000,82.3,82.34,82.24,82.26,4153.519317,2026-04-12 18:30:00+08:00
1775990700000,82.26,82.27,81.96,82.05,17742.749388,2026-04-12 18:45:00+08:00
1775991600000,82.05,82.26,81.96,82.23,16168.685025,2026-04-12 19:00:00+08:00
1775992500000,82.23,82.33,82.19,82.32,1436.359551,2026-04-12 19:15:00+08:00
1775993400000,82.32,82.4,82.25,82.25,2669.085753,2026-04-12 19:30:00+08:00
1775994300000,82.26,82.26,82.2,82.22,1920.962072,2026-04-12 19:45:00+08:00
1775995200000,82.22,82.3,82.15,82.29,4457.897967,2026-04-12 20:00:00+08:00
1775996100000,82.3,82.46,82.28,82.46,7626.085305,2026-04-12 20:15:00+08:00
1775997000000,82.46,82.56,82.22,82.43,19910.166178,2026-04-12 20:30:00+08:00
1775997900000,82.43,82.44,81.88,82.03,15064.376488,2026-04-12 20:45:00+08:00
1775998800000,82.02,82.22,81.9,81.98,17535.281146,2026-04-12 21:00:00+08:00
1775999700000,81.97,82.08,81.97,81.97,5524.8609,2026-04-12 21:15:00+08:00
1776000600000,81.96,82.09,81.76,82.03,15704.452035,2026-04-12 21:30:00+08:00
1776001500000,82.01,82.02,81.85,81.9,3616.801858,2026-04-12 21:45:00+08:00
1776002400000,81.9,82.13,81.86,81.98,17455.043702,2026-04-12 22:00:00+08:00
1776003300000,81.98,82.1,81.91,81.96,7996.440822,2026-04-12 22:15:00+08:00
1776004200000,81.95,81.96,81.32,81.4,25078.703989,2026-04-12 22:30:00+08:00
1776005100000,81.4,81.64,81.31,81.56,17388.347948,2026-04-12 22:45:00+08:00
1776006000000,81.57,81.8,81.55,81.79,3109.813468,2026-04-12 23:00:00+08:00
1776006900000,81.78,81.82,81.45,81.45,15453.522201,2026-04-12 23:15:00+08:00
1776007800000,81.44,81.65,81.32,81.61,15367.887234,2026-04-12 23:30:00+08:00
1776008700000,81.6,81.71,81.56,81.6,3013.946233,2026-04-12 23:45:00+08:00
1776009600000,81.59,81.75,81.53,81.73,6601.793353,2026-04-13 00:00:00+08:00
1776010500000,81.73,81.78,81.55,81.77,2709.985625,2026-04-13 00:15:00+08:00
1776011400000,81.78,81.86,81.69,81.74,3574.046536,2026-04-13 00:30:00+08:00
1776012300000,81.75,81.89,81.73,81.88,2817.33076,2026-04-13 00:45:00+08:00
1776013200000,81.89,81.95,81.76,81.77,1876.590708,2026-04-13 01:00:00+08:00
1776014100000,81.79,81.97,81.78,81.94,2231.317673,2026-04-13 01:15:00+08:00
1776015000000,81.95,82.04,81.88,81.96,2551.462667,2026-04-13 01:30:00+08:00
1776015900000,81.96,82.31,81.82,82.19,6521.916835,2026-04-13 01:45:00+08:00
1776016800000,82.2,82.29,82.06,82.19,6666.452764,2026-04-13 02:00:00+08:00
1776017700000,82.19,82.32,82.06,82.08,3577.062723,2026-04-13 02:15:00+08:00
1776018600000,82.08,82.23,82.04,82.1,2811.040544,2026-04-13 02:30:00+08:00
1776019500000,82.09,82.2,82.09,82.13,2674.767012,2026-04-13 02:45:00+08:00
1776020400000,82.14,82.32,82.13,82.18,2714.020309,2026-04-13 03:00:00+08:00
1776021300000,82.18,82.22,82.11,82.21,1798.161549,2026-04-13 03:15:00+08:00
1776022200000,82.22,82.25,82.08,82.12,1785.899139,2026-04-13 03:30:00+08:00
1776023100000,82.13,82.14,81.93,81.98,2873.407357,2026-04-13 03:45:00+08:00
1776024000000,81.98,82.07,81.93,82.06,1643.56013,2026-04-13 04:00:00+08:00
1776024900000,82.04,82.12,81.97,82.08,3399.926547,2026-04-13 04:15:00+08:00
1776025800000,82.09,82.87,82.08,82.72,11803.736503,2026-04-13 04:30:00+08:00
1776026700000,82.73,82.83,82.51,82.69,4068.228577,2026-04-13 04:45:00+08:00
1776027600000,82.69,82.87,82.43,82.52,2767.626002,2026-04-13 05:00:00+08:00
1776028500000,82.52,82.77,82.52,82.64,6367.493547,2026-04-13 05:15:00+08:00
1776029400000,82.64,82.82,82.48,82.74,4695.571582,2026-04-13 05:30:00+08:00
1776030300000,82.75,82.8,82.59,82.8,3140.867495,2026-04-13 05:45:00+08:00
1776031200000,82.79,82.8,81.88,82.12,36790.186971,2026-04-13 06:00:00+08:00
1776032100000,82.16,82.2,81.51,81.56,25978.294139,2026-04-13 06:15:00+08:00
1776033000000,81.55,82.04,81.38,81.9,11774.025969,2026-04-13 06:30:00+08:00
1776033900000,81.92,82.02,81.81,82.0,3636.196548,2026-04-13 06:45:00+08:00
1776034800000,81.99,81.99,81.46,81.5,8692.67958,2026-04-13 07:00:00+08:00
1776035700000,81.49,81.61,81.3,81.55,12645.592286,2026-04-13 07:15:00+08:00
1776036600000,81.54,81.56,81.31,81.56,4337.929325,2026-04-13 07:30:00+08:00
1776037500000,81.57,81.68,81.4,81.54,3000.877337,2026-04-13 07:45:00+08:00
1776038400000,81.53,81.88,81.4,81.77,6382.813476,2026-04-13 08:00:00+08:00
1776039300000,81.78,81.97,81.64,81.77,5854.372808,2026-04-13 08:15:00+08:00
1776040200000,81.77,81.96,81.73,81.9,3764.851823,2026-04-13 08:30:00+08:00
1776041100000,81.9,82.22,81.85,82.15,4032.483612,2026-04-13 08:45:00+08:00
1776042000000,82.15,82.35,81.97,82.0,14225.710424,2026-04-13 09:00:00+08:00
1776042900000,81.99,82.15,81.98,82.07,5378.564064,2026-04-13 09:15:00+08:00
1776043800000,82.07,82.25,81.99,82.15,2866.647306,2026-04-13 09:30:00+08:00
1776044700000,82.13,82.34,82.11,82.33,2415.343865,2026-04-13 09:45:00+08:00
1776045600000,82.33,82.44,82.04,82.06,3618.911343,2026-04-13 10:00:00+08:00
1776046500000,82.07,82.43,82.04,82.33,3263.28765,2026-04-13 10:15:00+08:00
1776047400000,82.34,82.41,81.93,81.96,5540.650523,2026-04-13 10:30:00+08:00
1776048300000,81.94,82.01,81.88,81.93,3727.7896,2026-04-13 10:45:00+08:00
1776049200000,81.94,81.98,81.81,81.87,3398.788914,2026-04-13 11:00:00+08:00
1776050100000,81.87,82.06,81.77,81.96,3786.644179,2026-04-13 11:15:00+08:00
1776051000000,81.95,82.06,81.75,81.88,3920.872306,2026-04-13 11:30:00+08:00
1776051900000,81.89,81.93,81.83,81.91,1216.300049,2026-04-13 11:45:00+08:00
1776052800000,81.91,82.01,81.84,81.95,1845.226198,2026-04-13 12:00:00+08:00
1776053700000,81.95,82.06,81.87,82.0,1772.216927,2026-04-13 12:15:00+08:00
1776054600000,82.0,82.25,82.0,82.13,4016.128111,2026-04-13 12:30:00+08:00
1776055500000,82.13,82.14,81.86,81.91,12469.682583,2026-04-13 12:45:00+08:00
1776056400000,81.91,81.98,81.67,81.74,4083.329411,2026-04-13 13:00:00+08:00
1776057300000,81.75,81.82,81.63,81.77,3465.344674,2026-04-13 13:15:00+08:00
1776058200000,81.77,81.77,81.54,81.64,3062.5637,2026-04-13 13:30:00+08:00
1776059100000,81.65,81.87,81.65,81.84,3707.149038,2026-04-13 13:45:00+08:00
1776060000000,81.85,82.13,81.82,82.06,2076.047387,2026-04-13 14:00:00+08:00
1776060900000,82.06,82.41,82.01,82.36,13444.572882,2026-04-13 14:15:00+08:00
1776061800000,82.37,82.48,82.19,82.35,13782.095606,2026-04-13 14:30:00+08:00
1776062700000,82.35,82.63,82.32,82.35,9765.215864,2026-04-13 14:45:00+08:00
1776063600000,82.36,82.41,82.19,82.24,3204.613574,2026-04-13 15:00:00+08:00
1776064500000,82.24,82.24,81.87,81.94,4852.522173,2026-04-13 15:15:00+08:00
1776065400000,81.93,82.12,81.93,82.08,2122.641785,2026-04-13 15:30:00+08:00
1776066300000,82.07,82.21,82.03,82.16,3550.636162,2026-04-13 15:45:00+08:00
1776067200000,82.16,82.28,82.0,82.0,15410.583828,2026-04-13 16:00:00+08:00
1776068100000,81.99,82.06,81.85,81.99,9832.744093,2026-04-13 16:15:00+08:00
1776069000000,81.98,81.98,81.76,81.79,2935.905573,2026-04-13 16:30:00+08:00
1776069900000,81.79,81.89,81.73,81.87,1579.736398,2026-04-13 16:45:00+08:00
1776070800000,81.87,82.21,81.87,81.89,4974.472616,2026-04-13 17:00:00+08:00
1776071700000,81.89,82.1,81.81,82.0,12983.640312,2026-04-13 17:15:00+08:00
1776072600000,82.0,82.05,81.93,81.95,1370.680508,2026-04-13 17:30:00+08:00
1776073500000,81.95,81.95,81.86,81.87,1800.327092,2026-04-13 17:45:00+08:00
1776074400000,81.87,81.97,81.84,81.93,3597.514229,2026-04-13 18:00:00+08:00
1776075300000,81.93,81.93,81.75,81.79,4792.935091,2026-04-13 18:15:00+08:00
1776076200000,81.78,81.89,81.71,81.79,2480.356367,2026-04-13 18:30:00+08:00
1776077100000,81.79,81.86,81.66,81.73,6659.067514,2026-04-13 18:45:00+08:00
1776078000000,81.74,81.94,81.7,81.89,7859.702514,2026-04-13 19:00:00+08:00
1776078900000,81.89,81.96,81.84,81.87,1769.079951,2026-04-13 19:15:00+08:00
1776079800000,81.87,82.0,81.81,81.99,2617.109122,2026-04-13 19:30:00+08:00
1776080700000,81.99,82.05,81.78,81.86,6096.461147,2026-04-13 19:45:00+08:00
1776081600000,81.86,82.2,81.82,82.11,6172.236832,2026-04-13 20:00:00+08:00
1776082500000,82.09,82.19,81.93,81.97,6464.303291,2026-04-13 20:15:00+08:00
1776083400000,81.97,82.15,81.89,82.15,7540.935073,2026-04-13 20:30:00+08:00
1776084300000,82.15,82.77,82.15,82.53,30352.789583,2026-04-13 20:45:00+08:00
1776085200000,82.54,82.69,82.4,82.68,9294.771016,2026-04-13 21:00:00+08:00
1776086100000,82.67,82.68,82.46,82.59,17795.363249,2026-04-13 21:15:00+08:00
1776087000000,82.6,82.79,82.28,82.58,23058.110919,2026-04-13 21:30:00+08:00
1776087900000,82.6,83.67,82.44,83.6,36142.523068,2026-04-13 21:45:00+08:00
1776088800000,83.62,83.78,83.09,83.15,15682.08467,2026-04-13 22:00:00+08:00
1776089700000,83.16,83.29,82.76,83.01,16203.356235,2026-04-13 22:15:00+08:00
1776090600000,83.01,83.5,82.96,83.46,13150.166382,2026-04-13 22:30:00+08:00
1776091500000,83.46,83.82,83.17,83.77,27234.856913,2026-04-13 22:45:00+08:00
1776092400000,83.76,83.82,83.14,83.18,23146.936517,2026-04-13 23:00:00+08:00
1776093300000,83.2,83.24,82.81,82.9,8345.467943,2026-04-13 23:15:00+08:00
1776094200000,82.89,82.89,82.36,82.51,11380.538807,2026-04-13 23:30:00+08:00
1776095100000,82.5,82.71,82.41,82.67,11437.936971,2026-04-13 23:45:00+08:00
1776096000000,82.67,82.94,82.34,82.94,13700.599659,2026-04-14 00:00:00+08:00
1776096900000,82.94,83.39,82.81,83.34,12852.226117,2026-04-14 00:15:00+08:00
1776097800000,83.36,83.52,83.22,83.44,25536.580555,2026-04-14 00:30:00+08:00
1776098700000,83.42,83.61,83.14,83.35,11968.144671,2026-04-14 00:45:00+08:00
1776099600000,83.36,83.5,83.17,83.29,7274.266574,2026-04-14 01:00:00+08:00
1776100500000,83.29,83.6,83.26,83.6,5656.32278,2026-04-14 01:15:00+08:00
1776101400000,83.6,83.84,83.46,83.47,17780.992955,2026-04-14 01:30:00+08:00
1776102300000,83.48,83.56,83.02,83.05,7565.306102,2026-04-14 01:45:00+08:00
1776103200000,83.06,83.13,82.93,83.08,9896.32825,2026-04-14 02:00:00+08:00
1776104100000,83.09,83.14,82.59,82.77,20545.918592,2026-04-14 02:15:00+08:00
1776105000000,82.79,83.19,82.76,83.07,6080.883954,2026-04-14 02:30:00+08:00
1776105900000,83.1,83.27,83.09,83.21,5047.693309,2026-04-14 02:45:00+08:00
1776106800000,83.22,83.23,83.09,83.1,6992.929728,2026-04-14 03:00:00+08:00
1776107700000,83.1,83.6,83.1,83.51,20186.701762,2026-04-14 03:15:00+08:00
1776108600000,83.52,83.83,83.48,83.73,56386.810029,2026-04-14 03:30:00+08:00
1776109500000,83.73,84.24,83.73,84.1,31139.885306,2026-04-14 03:45:00+08:00
1776110400000,84.11,84.24,83.82,83.85,28450.862063,2026-04-14 04:00:00+08:00
1776111300000,83.86,84.07,83.84,84.06,6779.926808,2026-04-14 04:15:00+08:00
1776112200000,84.07,84.36,84.04,84.14,18543.808673,2026-04-14 04:30:00+08:00
1776113100000,84.14,84.15,83.85,83.94,6149.804695,2026-04-14 04:45:00+08:00
1776114000000,83.94,84.13,83.86,84.01,8483.554802,2026-04-14 05:00:00+08:00
1776114900000,83.99,84.09,83.81,83.86,11540.82235,2026-04-14 05:15:00+08:00
1776115800000,83.86,84.13,83.84,84.02,11296.705575,2026-04-14 05:30:00+08:00
1776116700000,84.03,84.07,83.85,83.94,5682.211983,2026-04-14 05:45:00+08:00
1776117600000,83.95,85.0,83.94,84.79,33905.804104,2026-04-14 06:00:00+08:00
1776118500000,84.79,85.89,84.79,85.67,39582.098946,2026-04-14 06:15:00+08:00
1776119400000,85.68,86.05,85.59,85.8,34030.380226,2026-04-14 06:30:00+08:00
1776120300000,85.8,86.46,85.76,86.2,33292.508538,2026-04-14 06:45:00+08:00
1776121200000,86.22,86.54,85.9,86.19,34911.208196,2026-04-14 07:00:00+08:00
1776122100000,86.18,86.8,85.99,86.59,37879.601669,2026-04-14 07:15:00+08:00
1776123000000,86.59,86.77,86.39,86.43,18863.848539,2026-04-14 07:30:00+08:00
1776123900000,86.43,86.7,86.17,86.51,23344.372275,2026-04-14 07:45:00+08:00
1776124800000,86.5,86.65,86.28,86.56,20110.514472,2026-04-14 08:00:00+08:00
1776125700000,86.56,86.73,86.08,86.19,18901.957289,2026-04-14 08:15:00+08:00
1776126600000,86.19,86.39,86.02,86.19,20676.350221,2026-04-14 08:30:00+08:00
1776127500000,86.18,86.18,85.72,85.9,35379.627021,2026-04-14 08:45:00+08:00
1776128400000,85.9,86.04,85.66,86.02,13843.416434,2026-04-14 09:00:00+08:00
1776129300000,86.02,86.1,85.85,85.89,18923.321793,2026-04-14 09:15:00+08:00
1776130200000,85.89,86.1,85.8,86.03,12543.265261,2026-04-14 09:30:00+08:00
1776131100000,86.03,86.1,85.94,85.94,5994.10603,2026-04-14 09:45:00+08:00
1776132000000,85.94,86.25,85.83,86.16,33843.79258,2026-04-14 10:00:00+08:00
1776132900000,86.17,86.29,86.08,86.15,11684.096614,2026-04-14 10:15:00+08:00
1776133800000,86.15,86.31,85.94,86.21,16506.04105,2026-04-14 10:30:00+08:00
1776134700000,86.21,86.39,86.15,86.2,18588.669783,2026-04-14 10:45:00+08:00
1776135600000,86.21,86.25,86.05,86.14,9925.868662,2026-04-14 11:00:00+08:00
1776136500000,86.14,86.19,85.97,86.0,8535.032148,2026-04-14 11:15:00+08:00
1776137400000,86.01,86.19,85.99,86.13,12168.351393,2026-04-14 11:30:00+08:00
1776138300000,86.13,86.13,86.0,86.03,9200.006909,2026-04-14 11:45:00+08:00
1776139200000,86.05,86.05,85.91,85.94,8303.545698,2026-04-14 12:00:00+08:00
1776140100000,85.94,85.98,85.79,85.82,10302.578189,2026-04-14 12:15:00+08:00
1776141000000,85.82,85.83,85.64,85.64,12946.466392,2026-04-14 12:30:00+08:00
1776141900000,85.64,85.89,85.55,85.89,23032.359469,2026-04-14 12:45:00+08:00
1776142800000,85.89,85.92,85.74,85.76,13484.758698,2026-04-14 13:00:00+08:00
1776143700000,85.75,85.9,85.66,85.74,8024.073482,2026-04-14 13:15:00+08:00
1776144600000,85.74,85.81,85.68,85.72,7684.569239,2026-04-14 13:30:00+08:00
1776145500000,85.72,85.73,85.43,85.5,7638.633321,2026-04-14 13:45:00+08:00
1776146400000,85.51,85.67,85.51,85.65,4247.639857,2026-04-14 14:00:00+08:00
1776147300000,85.66,85.98,85.63,85.75,18518.077652,2026-04-14 14:15:00+08:00
1776148200000,85.74,85.75,85.58,85.69,4385.559113,2026-04-14 14:30:00+08:00
1776149100000,85.69,86.07,85.65,85.95,10043.719994,2026-04-14 14:45:00+08:00
1776150000000,85.95,86.18,85.81,86.0,16112.521364,2026-04-14 15:00:00+08:00
1776150900000,86.01,86.13,85.83,86.08,29036.200702,2026-04-14 15:15:00+08:00
1776151800000,86.08,86.13,85.79,85.81,10717.512217,2026-04-14 15:30:00+08:00
1776152700000,85.8,85.96,85.79,85.89,21852.413303,2026-04-14 15:45:00+08:00
1776153600000,85.89,85.92,85.73,85.81,5103.271996,2026-04-14 16:00:00+08:00
1776154500000,85.82,86.06,85.72,86.02,9061.757375,2026-04-14 16:15:00+08:00
1776155400000,86.02,86.37,86.0,86.11,14061.476704,2026-04-14 16:30:00+08:00
1776156300000,86.1,86.21,86.0,86.14,5692.462847,2026-04-14 16:45:00+08:00
1776157200000,86.14,86.25,86.08,86.23,11304.243748,2026-04-14 17:00:00+08:00
1776158100000,86.25,86.26,86.0,86.06,4576.198721,2026-04-14 17:15:00+08:00
1776159000000,86.05,86.18,86.03,86.06,3718.506376,2026-04-14 17:30:00+08:00
1776159900000,86.07,86.15,85.98,86.1,2580.172576,2026-04-14 17:45:00+08:00
1776160800000,86.1,86.37,86.01,86.35,9418.002026,2026-04-14 18:00:00+08:00
1776161700000,86.34,86.37,86.21,86.25,6234.200974,2026-04-14 18:15:00+08:00
1776162600000,86.25,86.56,86.1,86.1,23983.796689,2026-04-14 18:30:00+08:00
1776163500000,86.1,86.21,86.02,86.02,7636.847752,2026-04-14 18:45:00+08:00
1776164400000,86.02,86.07,85.76,86.0,21082.823378,2026-04-14 19:00:00+08:00
1776165300000,86.01,86.1,85.63,85.67,7945.851186,2026-04-14 19:15:00+08:00
1776166200000,85.67,85.9,85.59,85.86,8266.931727,2026-04-14 19:30:00+08:00
1776167100000,85.85,85.95,85.66,85.77,35057.010529,2026-04-14 19:45:00+08:00
1776168000000,85.78,86.0,85.74,85.81,7555.863896,2026-04-14 20:00:00+08:00
1776168900000,85.81,85.9,85.65,85.66,6928.204319,2026-04-14 20:15:00+08:00
1776169800000,85.68,85.94,85.58,85.75,10850.610797,2026-04-14 20:30:00+08:00
1776170700000,85.76,85.97,85.72,85.95,4522.314234,2026-04-14 20:45:00+08:00
1776171600000,85.96,86.17,85.91,86.1,3890.457368,2026-04-14 21:00:00+08:00
1776172500000,86.09,86.36,86.01,86.14,14458.946968,2026-04-14 21:15:00+08:00
1776173400000,86.15,87.14,86.15,87.04,44155.883875,2026-04-14 21:30:00+08:00
1776174300000,87.04,87.4,86.82,87.3,24355.550256,2026-04-14 21:45:00+08:00
1776175200000,87.32,87.39,86.64,86.91,28764.589047,2026-04-14 22:00:00+08:00
1776176100000,86.9,87.28,86.68,87.27,22831.402016,2026-04-14 22:15:00+08:00
1776177000000,87.27,87.65,86.35,86.43,45216.221642,2026-04-14 22:30:00+08:00
1776177900000,86.43,86.51,85.99,85.99,17835.966754,2026-04-14 22:45:00+08:00
1776178800000,85.99,86.11,85.26,85.6,27158.942017,2026-04-14 23:00:00+08:00
1776179700000,85.62,85.67,85.37,85.44,23475.538235,2026-04-14 23:15:00+08:00
1776180600000,85.43,86.21,85.4,86.21,20459.406543,2026-04-14 23:30:00+08:00
1776181500000,86.2,86.31,85.89,85.97,10108.870442,2026-04-14 23:45:00+08:00
1776182400000,85.97,86.17,85.67,85.85,18650.211122,2026-04-15 00:00:00+08:00
1776183300000,85.86,85.89,85.41,85.68,16202.519968,2026-04-15 00:15:00+08:00
1776184200000,85.67,85.73,85.44,85.54,7387.753418,2026-04-15 00:30:00+08:00
1776185100000,85.54,85.58,84.76,85.04,75614.622189,2026-04-15 00:45:00+08:00
1776186000000,85.03,85.34,84.85,85.28,14852.401341,2026-04-15 01:00:00+08:00
1776186900000,85.28,85.44,85.14,85.15,8403.413625,2026-04-15 01:15:00+08:00
1776187800000,85.14,85.2,84.7,85.15,19030.122976,2026-04-15 01:30:00+08:00
1776188700000,85.15,85.32,85.09,85.26,5638.92822,2026-04-15 01:45:00+08:00
1776189600000,85.26,85.41,85.09,85.2,7780.840505,2026-04-15 02:00:00+08:00
1776190500000,85.19,85.26,84.78,84.94,7247.351499,2026-04-15 02:15:00+08:00
1776191400000,84.94,85.03,84.47,84.57,8910.642619,2026-04-15 02:30:00+08:00
1776192300000,84.57,84.59,83.91,84.09,15887.301071,2026-04-15 02:45:00+08:00
1776193200000,84.08,84.32,83.99,84.04,6964.265564,2026-04-15 03:00:00+08:00
1776194100000,84.04,84.23,83.7,84.1,10428.855193,2026-04-15 03:15:00+08:00
1776195000000,84.11,84.25,83.87,84.01,13226.846085,2026-04-15 03:30:00+08:00
1776195900000,84.0,84.11,83.74,83.94,18004.841877,2026-04-15 03:45:00+08:00
1776196800000,83.95,84.15,83.87,84.12,8607.274926,2026-04-15 04:00:00+08:00
1776197700000,84.11,84.14,83.42,83.57,13544.4425,2026-04-15 04:15:00+08:00
1776198600000,83.57,83.76,83.44,83.75,5429.821636,2026-04-15 04:30:00+08:00
1776199500000,83.75,83.82,83.38,83.61,12410.160244,2026-04-15 04:45:00+08:00
1776200400000,83.61,83.94,83.59,83.76,5302.902995,2026-04-15 05:00:00+08:00
1776201300000,83.77,83.81,83.61,83.76,3849.924569,2026-04-15 05:15:00+08:00
1776202200000,83.77,83.81,83.54,83.69,15523.447937,2026-04-15 05:30:00+08:00
1776203100000,83.69,83.84,83.63,83.81,4199.807376,2026-04-15 05:45:00+08:00
1776204000000,83.81,83.94,83.56,83.75,10229.201533,2026-04-15 06:00:00+08:00
1776204900000,83.75,83.75,83.35,83.41,12708.551698,2026-04-15 06:15:00+08:00
1776205800000,83.41,83.63,83.29,83.35,17558.885648,2026-04-15 06:30:00+08:00
1776206700000,83.35,83.58,83.31,83.5,19002.879459,2026-04-15 06:45:00+08:00
1776207600000,83.5,83.62,83.44,83.6,4452.695633,2026-04-15 07:00:00+08:00
1776208500000,83.61,83.81,83.59,83.72,7807.252695,2026-04-15 07:15:00+08:00
1776209400000,83.73,83.97,83.71,83.94,6754.566524,2026-04-15 07:30:00+08:00
1776210300000,83.93,84.09,83.63,83.71,25161.699397,2026-04-15 07:45:00+08:00
1776211200000,83.7,84.08,83.67,83.77,14685.218358,2026-04-15 08:00:00+08:00
1776212100000,83.77,83.99,83.55,83.95,18692.628606,2026-04-15 08:15:00+08:00
1776213000000,83.94,83.96,83.56,83.8,13672.550858,2026-04-15 08:30:00+08:00
1776213900000,83.79,83.93,83.58,83.78,19353.496964,2026-04-15 08:45:00+08:00
1776214800000,83.77,83.83,83.56,83.76,22461.21115,2026-04-15 09:00:00+08:00
1776215700000,83.78,83.85,83.68,83.83,4937.552912,2026-04-15 09:15:00+08:00
1776216600000,83.84,83.94,83.69,83.94,3801.126281,2026-04-15 09:30:00+08:00
1776217500000,83.91,84.02,83.79,83.92,6683.25435,2026-04-15 09:45:00+08:00
1776218400000,83.91,84.0,83.75,83.85,4218.231414,2026-04-15 10:00:00+08:00
1776219300000,83.86,83.88,83.6,83.66,7890.531348,2026-04-15 10:15:00+08:00
1776220200000,83.66,83.67,83.14,83.29,18394.850755,2026-04-15 10:30:00+08:00
1776221100000,83.29,83.42,83.16,83.41,6760.120678,2026-04-15 10:45:00+08:00
1776222000000,83.41,83.44,83.3,83.36,3819.11919,2026-04-15 11:00:00+08:00
1776222900000,83.36,83.52,83.3,83.42,1878.841354,2026-04-15 11:15:00+08:00
1776223800000,83.4,83.47,83.29,83.33,5177.393201,2026-04-15 11:30:00+08:00
1776224700000,83.33,83.5,83.31,83.46,4007.790928,2026-04-15 11:45:00+08:00
1776225600000,83.45,83.66,83.4,83.49,4268.980686,2026-04-15 12:00:00+08:00
1776226500000,83.49,83.58,83.4,83.41,2645.635872,2026-04-15 12:15:00+08:00
1776227400000,83.42,83.61,83.33,83.54,6295.465215,2026-04-15 12:30:00+08:00
1776228300000,83.54,83.65,83.45,83.61,8095.957191,2026-04-15 12:45:00+08:00
1776229200000,83.61,83.8,83.49,83.51,9317.672361,2026-04-15 13:00:00+08:00
1776230100000,83.51,83.55,83.28,83.35,5826.544099,2026-04-15 13:15:00+08:00
1776231000000,83.33,83.36,82.97,83.05,21505.397738,2026-04-15 13:30:00+08:00
1776231900000,83.06,83.15,82.96,83.13,8855.771279,2026-04-15 13:45:00+08:00
1776232800000,83.12,83.14,82.94,82.99,5108.797533,2026-04-15 14:00:00+08:00
1776233700000,82.99,83.04,82.92,82.98,4234.911317,2026-04-15 14:15:00+08:00
1776234600000,82.98,83.08,82.92,83.08,3634.539626,2026-04-15 14:30:00+08:00
1776235500000,83.07,83.13,82.86,83.01,7584.271051,2026-04-15 14:45:00+08:00
1776236400000,83.01,83.25,82.94,83.1,12748.46279,2026-04-15 15:00:00+08:00
1776237300000,83.1,83.1,82.65,82.82,15758.087608,2026-04-15 15:15:00+08:00
1776238200000,82.82,82.88,82.73,82.8,3061.243887,2026-04-15 15:30:00+08:00
1776239100000,82.81,83.03,82.68,82.93,11230.231535,2026-04-15 15:45:00+08:00
1776240000000,82.93,83.01,82.74,82.95,6932.18322,2026-04-15 16:00:00+08:00
1776240900000,82.95,83.12,82.86,83.12,4984.529209,2026-04-15 16:15:00+08:00
1776241800000,83.12,83.29,83.04,83.17,4405.464994,2026-04-15 16:30:00+08:00
1776242700000,83.17,83.27,83.03,83.14,3002.776705,2026-04-15 16:45:00+08:00
1776243600000,83.14,83.25,82.88,83.12,9425.391879,2026-04-15 17:00:00+08:00
1776244500000,83.12,83.22,82.98,83.01,3077.320664,2026-04-15 17:15:00+08:00
1776245400000,83.01,83.16,83.0,83.12,1544.1561,2026-04-15 17:30:00+08:00
1776246300000,83.11,83.22,83.08,83.17,2802.632483,2026-04-15 17:45:00+08:00
1776247200000,83.16,83.42,83.09,83.12,7683.032459,2026-04-15 18:00:00+08:00
1776248100000,83.11,83.18,82.95,83.06,6548.850991,2026-04-15 18:15:00+08:00
1776249000000,83.05,83.29,82.91,83.29,6510.760292,2026-04-15 18:30:00+08:00
1776249900000,83.29,83.65,83.06,83.16,17564.728657,2026-04-15 18:45:00+08:00
1776250800000,83.18,83.39,83.05,83.27,9376.576138,2026-04-15 19:00:00+08:00
1776251700000,83.27,83.31,83.17,83.22,3288.151279,2026-04-15 19:15:00+08:00
1776252600000,83.22,83.41,83.2,83.41,2424.971368,2026-04-15 19:30:00+08:00
1776253500000,83.39,83.71,83.39,83.61,13672.201273,2026-04-15 19:45:00+08:00
1776254400000,83.61,83.65,83.41,83.5,5267.847124,2026-04-15 20:00:00+08:00
1776255300000,83.51,83.59,83.39,83.49,2220.822943,2026-04-15 20:15:00+08:00
1776256200000,83.5,83.88,83.49,83.79,9423.800827,2026-04-15 20:30:00+08:00
1776257100000,83.79,83.81,83.71,83.72,3072.198191,2026-04-15 20:45:00+08:00
1776258000000,83.72,83.73,83.51,83.64,4573.435604,2026-04-15 21:00:00+08:00
1776258900000,83.63,83.82,83.55,83.74,3263.594328,2026-04-15 21:15:00+08:00
1776259800000,83.75,83.8,83.21,83.29,18604.938842,2026-04-15 21:30:00+08:00
1776260700000,83.28,83.7,83.26,83.63,4260.762552,2026-04-15 21:45:00+08:00
1776261600000,83.64,83.71,83.42,83.7,4047.917971,2026-04-15 22:00:00+08:00
1776262500000,83.72,84.49,83.66,84.26,17308.830714,2026-04-15 22:15:00+08:00
1776263400000,84.27,84.35,83.82,83.89,11371.94223,2026-04-15 22:30:00+08:00
1776264300000,83.9,84.43,83.9,84.3,5784.893121,2026-04-15 22:45:00+08:00
1776265200000,84.31,84.46,83.92,84.32,10826.136228,2026-04-15 23:00:00+08:00
1776266100000,84.32,84.37,83.89,83.98,6915.467197,2026-04-15 23:15:00+08:00
1776267000000,83.98,83.98,83.52,83.73,21053.501265,2026-04-15 23:30:00+08:00
1776267900000,83.73,84.09,83.69,84.01,10929.499562,2026-04-15 23:45:00+08:00
1776268800000,84.0,84.47,83.9,84.47,7961.170817,2026-04-16 00:00:00+08:00
1776269700000,84.47,84.7,84.37,84.52,16671.993404,2026-04-16 00:15:00+08:00
1776270600000,84.53,84.7,84.22,84.37,8793.563962,2026-04-16 00:30:00+08:00
1776271500000,84.35,84.65,84.21,84.54,17250.316874,2026-04-16 00:45:00+08:00
1776272400000,84.55,85.0,84.53,84.81,16535.653525,2026-04-16 01:00:00+08:00
1776273300000,84.78,85.17,84.51,84.98,15384.128723,2026-04-16 01:15:00+08:00
1776274200000,84.99,85.09,84.46,84.54,7124.810237,2026-04-16 01:30:00+08:00
1776275100000,84.54,84.75,84.48,84.71,6710.469213,2026-04-16 01:45:00+08:00
1776276000000,84.7,84.96,84.6,84.9,7498.698083,2026-04-16 02:00:00+08:00
1776276900000,84.9,85.02,84.77,84.8,7416.063527,2026-04-16 02:15:00+08:00
1776277800000,84.79,84.97,84.79,84.94,3270.472699,2026-04-16 02:30:00+08:00
1776278700000,84.95,85.06,84.89,85.03,4039.900775,2026-04-16 02:45:00+08:00
1776279600000,85.03,85.22,84.94,85.08,4720.54419,2026-04-16 03:00:00+08:00
1776280500000,85.09,85.21,84.97,85.16,3368.068183,2026-04-16 03:15:00+08:00
1776281400000,85.15,85.82,85.15,85.55,16255.672842,2026-04-16 03:30:00+08:00
1776282300000,85.55,85.63,85.4,85.5,13102.098507,2026-04-16 03:45:00+08:00
1776283200000,85.51,85.57,84.82,84.98,9789.625267,2026-04-16 04:00:00+08:00
1776284100000,84.97,84.97,84.63,84.79,6282.496244,2026-04-16 04:15:00+08:00
1776285000000,84.8,85.0,84.67,84.76,4258.2623,2026-04-16 04:30:00+08:00
1776285900000,84.76,84.9,84.75,84.79,4345.097243,2026-04-16 04:45:00+08:00
1776286800000,84.78,84.81,84.37,84.37,9696.393176,2026-04-16 05:00:00+08:00
1776287700000,84.38,84.49,84.2,84.45,5742.374955,2026-04-16 05:15:00+08:00
1776288600000,84.45,84.75,84.37,84.65,5127.292405,2026-04-16 05:30:00+08:00
1776289500000,84.65,84.88,84.65,84.77,3155.825127,2026-04-16 05:45:00+08:00
1776290400000,84.77,85.42,84.73,85.19,11598.324944,2026-04-16 06:00:00+08:00
1776291300000,85.2,85.26,84.97,85.12,6042.072191,2026-04-16 06:15:00+08:00
1776292200000,85.11,85.59,84.98,85.18,14356.117215,2026-04-16 06:30:00+08:00
1776293100000,85.18,85.31,85.0,85.0,5319.20761,2026-04-16 06:45:00+08:00
1776294000000,85.02,85.02,84.74,84.77,7828.867746,2026-04-16 07:00:00+08:00
1776294900000,84.79,84.85,84.62,84.83,10027.097579,2026-04-16 07:15:00+08:00
1776295800000,84.84,84.96,84.77,84.84,8092.104424,2026-04-16 07:30:00+08:00
1776296700000,84.85,85.02,84.82,84.9,3381.7611,2026-04-16 07:45:00+08:00
1776297600000,84.9,84.97,84.59,84.68,8641.558971,2026-04-16 08:00:00+08:00
1776298500000,84.68,84.75,84.48,84.69,6781.69259,2026-04-16 08:15:00+08:00
1776299400000,84.69,85.0,84.69,84.93,11807.155073,2026-04-16 08:30:00+08:00
1776300300000,84.92,85.09,84.84,84.92,4354.495937,2026-04-16 08:45:00+08:00
1776301200000,84.92,84.92,84.42,84.72,7102.63392,2026-04-16 09:00:00+08:00
1776302100000,84.73,84.89,84.66,84.74,1855.579008,2026-04-16 09:15:00+08:00
1776303000000,84.73,84.89,84.68,84.86,1745.389377,2026-04-16 09:30:00+08:00
1776303900000,84.86,84.93,84.67,84.84,3552.784553,2026-04-16 09:45:00+08:00
1776304800000,84.84,85.02,84.82,84.86,7027.777739,2026-04-16 10:00:00+08:00
1776305700000,84.85,85.17,84.71,85.14,7559.8705,2026-04-16 10:15:00+08:00
1776306600000,85.15,85.59,85.15,85.49,10170.957377,2026-04-16 10:30:00+08:00
1776307500000,85.48,85.54,85.02,85.1,10104.848381,2026-04-16 10:45:00+08:00
1776308400000,85.1,85.4,85.07,85.19,6058.344565,2026-04-16 11:00:00+08:00
1776309300000,85.2,85.49,85.2,85.3,5381.56134,2026-04-16 11:15:00+08:00
1776310200000,85.29,85.37,85.17,85.34,4955.33701,2026-04-16 11:30:00+08:00
1776311100000,85.33,85.39,85.23,85.28,3651.018888,2026-04-16 11:45:00+08:00
1776312000000,85.28,85.43,85.13,85.31,3225.926021,2026-04-16 12:00:00+08:00
1776312900000,85.3,85.41,85.27,85.36,4432.123779,2026-04-16 12:15:00+08:00
1776313800000,85.36,85.56,85.27,85.45,5561.556801,2026-04-16 12:30:00+08:00
1776314700000,85.44,85.44,85.0,85.25,8807.911237,2026-04-16 12:45:00+08:00
1776315600000,85.24,85.3,85.04,85.16,4924.19009,2026-04-16 13:00:00+08:00
1776316500000,85.15,85.44,85.1,85.39,2202.721356,2026-04-16 13:15:00+08:00
1776317400000,85.4,85.52,85.31,85.39,3690.709253,2026-04-16 13:30:00+08:00
1776318300000,85.38,85.45,85.33,85.39,3251.948708,2026-04-16 13:45:00+08:00
1776319200000,85.4,85.54,85.36,85.41,2829.134044,2026-04-16 14:00:00+08:00
1776320100000,85.41,85.5,85.33,85.37,2137.079346,2026-04-16 14:15:00+08:00
1776321000000,85.37,85.42,85.18,85.3,5367.699795,2026-04-16 14:30:00+08:00
1776321900000,85.32,85.49,85.28,85.48,5903.074184,2026-04-16 14:45:00+08:00
1776322800000,85.47,85.68,85.43,85.53,13874.418893,2026-04-16 15:00:00+08:00
1776323700000,85.53,85.6,85.42,85.47,5393.387203,2026-04-16 15:15:00+08:00
1776324600000,85.48,85.5,85.39,85.48,2766.370711,2026-04-16 15:30:00+08:00
1776325500000,85.48,85.48,85.11,85.21,16287.61087,2026-04-16 15:45:00+08:00
1776326400000,85.2,85.3,85.02,85.04,13335.356317,2026-04-16 16:00:00+08:00
1776327300000,85.04,85.25,85.04,85.15,5429.413259,2026-04-16 16:15:00+08:00
1776328200000,85.14,85.18,84.91,85.01,6901.018636,2026-04-16 16:30:00+08:00
1776329100000,85.0,85.24,84.98,85.04,5267.728105,2026-04-16 16:45:00+08:00
1776330000000,85.05,85.2,84.96,85.19,3115.887666,2026-04-16 17:00:00+08:00
1776330900000,85.2,85.5,85.2,85.38,17056.557758,2026-04-16 17:15:00+08:00
1776331800000,85.38,85.43,85.22,85.25,4302.630719,2026-04-16 17:30:00+08:00
1776332700000,85.25,85.39,85.15,85.21,26476.663834,2026-04-16 17:45:00+08:00
1776333600000,85.2,85.24,84.86,84.92,17174.221,2026-04-16 18:00:00+08:00
1776334500000,84.91,85.19,84.63,85.08,18183.245047,2026-04-16 18:15:00+08:00
1776335400000,85.09,85.22,85.06,85.07,4975.411411,2026-04-16 18:30:00+08:00
1776336300000,85.07,85.2,84.94,85.05,4656.219811,2026-04-16 18:45:00+08:00
1776337200000,85.05,85.13,84.96,84.98,3258.005424,2026-04-16 19:00:00+08:00
1776338100000,84.98,85.05,84.94,85.04,1890.198249,2026-04-16 19:15:00+08:00
1776339000000,85.03,85.17,84.97,85.03,4796.084246,2026-04-16 19:30:00+08:00
1776339900000,85.03,85.1,84.97,85.08,1901.782222,2026-04-16 19:45:00+08:00
1776340800000,85.08,85.49,85.07,85.4,11801.009415,2026-04-16 20:00:00+08:00
1776341700000,85.4,85.49,85.26,85.29,5011.437046,2026-04-16 20:15:00+08:00
1776342600000,85.29,85.35,85.22,85.31,4670.431819,2026-04-16 20:30:00+08:00
1776343500000,85.31,85.4,85.22,85.38,4898.723012,2026-04-16 20:45:00+08:00
1776344400000,85.37,85.92,85.35,85.89,10894.99537,2026-04-16 21:00:00+08:00
1776345300000,85.89,86.27,85.84,86.15,29884.261272,2026-04-16 21:15:00+08:00
1776346200000,86.15,86.21,85.57,85.75,17754.723625,2026-04-16 21:30:00+08:00
1776347100000,85.75,85.75,83.81,84.79,50761.211452,2026-04-16 21:45:00+08:00
1776348000000,84.79,84.93,84.46,84.65,23056.285921,2026-04-16 22:00:00+08:00
1776348900000,84.64,84.75,84.04,84.42,22803.223538,2026-04-16 22:15:00+08:00
1776349800000,84.42,84.91,84.35,84.87,11495.18206,2026-04-16 22:30:00+08:00
1776350700000,84.87,85.68,84.81,85.4,15781.140298,2026-04-16 22:45:00+08:00
1776351600000,85.39,86.29,85.31,86.13,26383.536538,2026-04-16 23:00:00+08:00
1776352500000,86.14,86.6,86.02,86.24,23144.249498,2026-04-16 23:15:00+08:00
1776353400000,86.23,87.14,86.16,86.72,32867.895715,2026-04-16 23:30:00+08:00
1776354300000,86.72,86.91,86.42,86.62,23186.77084,2026-04-16 23:45:00+08:00
1776355200000,86.62,87.09,86.46,86.5,21564.695654,2026-04-17 00:00:00+08:00
1776356100000,86.51,86.9,86.34,86.64,25609.781984,2026-04-17 00:15:00+08:00
1776357000000,86.64,86.79,86.18,86.31,29718.758465,2026-04-17 00:30:00+08:00
1776357900000,86.31,86.38,85.63,85.95,17616.199827,2026-04-17 00:45:00+08:00
1776358800000,85.94,86.15,85.78,85.79,8956.000025,2026-04-17 01:00:00+08:00
1776359700000,85.79,86.2,85.72,86.08,11978.961625,2026-04-17 01:15:00+08:00
1776360600000,86.07,86.44,85.94,86.44,10463.881679,2026-04-17 01:30:00+08:00
1776361500000,86.44,86.8,86.27,86.66,37846.284874,2026-04-17 01:45:00+08:00
1776362400000,86.65,87.13,86.51,86.84,26616.028619,2026-04-17 02:00:00+08:00
1776363300000,86.84,87.66,86.84,87.19,40608.80475,2026-04-17 02:15:00+08:00
1776364200000,87.22,87.96,87.02,87.85,38101.555245,2026-04-17 02:30:00+08:00
1776365100000,87.85,89.08,87.85,89.0,62929.511484,2026-04-17 02:45:00+08:00
1776366000000,89.0,89.14,88.66,88.92,25946.641359,2026-04-17 03:00:00+08:00
1776366900000,88.91,89.33,88.81,89.19,25925.486011,2026-04-17 03:15:00+08:00
1776367800000,89.18,89.97,89.11,89.86,27408.433763,2026-04-17 03:30:00+08:00
1776368700000,89.85,90.14,89.77,90.1,27708.172784,2026-04-17 03:45:00+08:00
1776369600000,90.1,90.5,89.92,90.14,23093.821332,2026-04-17 04:00:00+08:00
1776370500000,90.13,90.24,89.52,89.85,15769.818584,2026-04-17 04:15:00+08:00
1776371400000,89.86,89.87,89.29,89.37,12985.644703,2026-04-17 04:30:00+08:00
1776372300000,89.36,89.69,89.26,89.58,23461.867572,2026-04-17 04:45:00+08:00
1776373200000,89.58,89.67,89.32,89.52,8385.670586,2026-04-17 05:00:00+08:00
1776374100000,89.52,89.74,88.81,88.91,16966.868157,2026-04-17 05:15:00+08:00
1776375000000,88.91,89.1,88.74,88.9,14244.011947,2026-04-17 05:30:00+08:00
1776375900000,88.91,89.17,88.87,88.94,4799.4826,2026-04-17 05:45:00+08:00
1776376800000,88.94,89.45,88.93,89.13,9412.918971,2026-04-17 06:00:00+08:00
1776377700000,89.14,89.28,88.88,89.15,5844.347283,2026-04-17 06:15:00+08:00
1776378600000,89.16,89.24,89.05,89.16,5269.433517,2026-04-17 06:30:00+08:00
1776379500000,89.17,89.24,88.96,89.0,3515.285155,2026-04-17 06:45:00+08:00
1776380400000,88.99,89.03,88.9,88.98,4585.825623,2026-04-17 07:00:00+08:00
1776381300000,88.97,89.09,88.83,88.92,5631.093619,2026-04-17 07:15:00+08:00
1776382200000,88.92,89.23,88.9,89.11,3976.969724,2026-04-17 07:30:00+08:00
1776383100000,89.07,89.09,88.89,89.05,2832.681042,2026-04-17 07:45:00+08:00
1776384000000,89.06,89.18,88.73,88.76,6792.228593,2026-04-17 08:00:00+08:00
1776384900000,88.76,89.03,88.58,88.67,10206.318153,2026-04-17 08:15:00+08:00
1776385800000,88.67,88.85,88.58,88.72,7135.085634,2026-04-17 08:30:00+08:00
1776386700000,88.72,88.86,88.67,88.83,3725.641985,2026-04-17 08:45:00+08:00
1776387600000,88.81,89.01,88.77,88.87,5468.133058,2026-04-17 09:00:00+08:00
1776388500000,88.86,88.94,88.28,88.37,15915.522298,2026-04-17 09:15:00+08:00
1776389400000,88.37,88.43,88.18,88.21,6602.521944,2026-04-17 09:30:00+08:00
1776390300000,88.2,88.37,87.91,88.23,11692.538211,2026-04-17 09:45:00+08:00
1776391200000,88.22,88.35,87.98,88.1,3748.793979,2026-04-17 10:00:00+08:00
1776392100000,88.09,88.1,87.68,87.68,9967.51339,2026-04-17 10:15:00+08:00
1776393000000,87.68,87.96,87.55,87.84,8816.780557,2026-04-17 10:30:00+08:00
1776393900000,87.84,87.94,87.6,87.86,6565.636957,2026-04-17 10:45:00+08:00
1776394800000,87.86,87.93,87.73,87.89,4269.149517,2026-04-17 11:00:00+08:00
1776395700000,87.9,87.95,87.62,87.67,4604.093044,2026-04-17 11:15:00+08:00
1776396600000,87.67,87.83,87.47,87.81,17741.069347,2026-04-17 11:30:00+08:00
1776397500000,87.8,87.87,87.69,87.72,3001.279902,2026-04-17 11:45:00+08:00
1776398400000,87.73,87.94,87.69,87.9,4093.589946,2026-04-17 12:00:00+08:00
1776399300000,87.89,88.13,87.89,88.07,4709.396653,2026-04-17 12:15:00+08:00
1776400200000,88.08,88.22,88.07,88.2,3717.801347,2026-04-17 12:30:00+08:00
1776401100000,88.19,88.28,87.93,87.99,9542.07576,2026-04-17 12:45:00+08:00
1776402000000,88.0,88.0,87.46,87.56,9545.133282,2026-04-17 13:00:00+08:00
1776402900000,87.56,87.75,87.48,87.59,11787.181273,2026-04-17 13:15:00+08:00
1776403800000,87.58,87.69,87.51,87.58,6053.82587,2026-04-17 13:30:00+08:00
1776404700000,87.57,87.69,87.41,87.41,3619.23728,2026-04-17 13:45:00+08:00
1776405600000,87.41,87.69,87.36,87.64,4644.832587,2026-04-17 14:00:00+08:00
1776406500000,87.63,87.78,87.63,87.75,2686.092343,2026-04-17 14:15:00+08:00
1776407400000,87.74,87.94,87.68,87.92,3096.92652,2026-04-17 14:30:00+08:00
1776408300000,87.91,88.09,87.87,88.02,3801.502105,2026-04-17 14:45:00+08:00
1776409200000,88.03,88.47,88.01,88.38,8555.166508,2026-04-17 15:00:00+08:00
1776410100000,88.37,88.37,88.09,88.16,3928.725037,2026-04-17 15:15:00+08:00
1776411000000,88.17,88.29,88.08,88.16,1807.545869,2026-04-17 15:30:00+08:00
1776411900000,88.17,88.18,87.98,88.15,3241.660811,2026-04-17 15:45:00+08:00
1776412800000,88.15,88.49,88.13,88.3,6641.053089,2026-04-17 16:00:00+08:00
1776413700000,88.3,88.67,88.23,88.42,19872.467488,2026-04-17 16:15:00+08:00
1776414600000,88.41,88.75,88.39,88.58,8816.911648,2026-04-17 16:30:00+08:00
1776415500000,88.59,89.09,88.48,88.95,12983.046798,2026-04-17 16:45:00+08:00
1776416400000,88.96,88.96,88.72,88.86,8229.688374,2026-04-17 17:00:00+08:00
1776417300000,88.85,89.52,88.69,89.45,10909.794984,2026-04-17 17:15:00+08:00
1776418200000,89.45,89.49,88.33,88.52,25077.171329,2026-04-17 17:30:00+08:00
1776419100000,88.53,88.73,88.29,88.72,8709.98065,2026-04-17 17:45:00+08:00
1776420000000,88.72,88.75,88.19,88.25,13528.313529,2026-04-17 18:00:00+08:00
1776420900000,88.27,88.32,87.86,87.87,14479.226677,2026-04-17 18:15:00+08:00
1776421800000,87.87,87.91,87.44,87.46,14202.351749,2026-04-17 18:30:00+08:00
1776422700000,87.46,87.7,87.36,87.68,12930.36805,2026-04-17 18:45:00+08:00
1776423600000,87.68,87.85,87.63,87.77,3390.191171,2026-04-17 19:00:00+08:00
1776424500000,87.77,88.1,87.76,88.01,6822.385533,2026-04-17 19:15:00+08:00
1776425400000,88.01,88.21,88.01,88.02,5079.336683,2026-04-17 19:30:00+08:00
1776426300000,88.02,88.32,87.92,88.21,10468.325495,2026-04-17 19:45:00+08:00
1776427200000,88.21,88.32,88.11,88.2,10174.184403,2026-04-17 20:00:00+08:00
1776428100000,88.19,88.43,87.93,88.19,14048.054903,2026-04-17 20:15:00+08:00
1776429000000,88.21,88.47,88.12,88.21,8701.601054,2026-04-17 20:30:00+08:00
1776429900000,88.2,88.93,88.17,88.89,22116.761151,2026-04-17 20:45:00+08:00
1776430800000,88.9,89.83,88.59,89.83,36157.872594,2026-04-17 21:00:00+08:00
1776431700000,89.83,90.52,89.37,89.58,75285.97694,2026-04-17 21:15:00+08:00
1776432600000,89.6,89.87,88.88,89.81,62579.580352,2026-04-17 21:30:00+08:00
1776433500000,89.82,90.19,89.33,90.13,38599.21459,2026-04-17 21:45:00+08:00
1776434400000,90.14,90.32,89.65,89.8,31732.46976,2026-04-17 22:00:00+08:00
1776435300000,89.8,90.22,89.7,89.8,13143.003087,2026-04-17 22:15:00+08:00
1776436200000,89.81,90.74,89.8,90.16,36677.694875,2026-04-17 22:30:00+08:00
1776437100000,90.16,90.41,89.8,90.02,19669.582576,2026-04-17 22:45:00+08:00
1776438000000,90.04,90.12,89.47,89.89,17517.67267,2026-04-17 23:00:00+08:00
1776438900000,89.9,90.19,89.63,89.83,14790.115035,2026-04-17 23:15:00+08:00
1776439800000,89.83,90.04,89.55,89.63,12741.536324,2026-04-17 23:30:00+08:00
1776440700000,89.63,90.07,89.57,89.95,14396.873812,2026-04-17 23:45:00+08:00
1776441600000,89.96,90.37,89.9,90.09,16878.521022,2026-04-18 00:00:00+08:00
1776442500000,90.1,90.6,89.92,90.28,13823.049128,2026-04-18 00:15:00+08:00
1776443400000,90.27,90.42,90.02,90.19,7962.549473,2026-04-18 00:30:00+08:00
1776444300000,90.19,90.43,90.13,90.43,8766.441334,2026-04-18 00:45:00+08:00
1776445200000,90.43,90.43,89.51,89.77,21575.707783,2026-04-18 01:00:00+08:00
1776446100000,89.77,89.98,89.1,89.42,21508.59475,2026-04-18 01:15:00+08:00
1776447000000,89.43,89.8,89.42,89.57,13630.228749,2026-04-18 01:30:00+08:00
1776447900000,89.57,89.9,89.56,89.75,12632.355512,2026-04-18 01:45:00+08:00
1776448800000,89.75,89.83,88.88,88.95,16941.696925,2026-04-18 02:00:00+08:00
1776449700000,88.94,89.31,88.9,89.02,5790.905169,2026-04-18 02:15:00+08:00
1776450600000,89.04,89.4,88.96,89.36,4642.368245,2026-04-18 02:30:00+08:00
1776451500000,89.36,89.37,88.93,89.18,7416.607765,2026-04-18 02:45:00+08:00
1776452400000,89.18,89.28,88.92,89.19,3241.221091,2026-04-18 03:00:00+08:00
1776453300000,89.2,89.43,89.19,89.23,5069.189642,2026-04-18 03:15:00+08:00
1776454200000,89.23,89.5,89.23,89.47,2723.198598,2026-04-18 03:30:00+08:00
1776455100000,89.46,89.46,89.13,89.22,6338.590546,2026-04-18 03:45:00+08:00
1776456000000,89.24,89.38,89.17,89.28,4150.375213,2026-04-18 04:00:00+08:00
1776456900000,89.27,89.29,89.08,89.11,1158.367732,2026-04-18 04:15:00+08:00
1776457800000,89.12,89.15,88.5,88.78,17281.789536,2026-04-18 04:30:00+08:00
1776458700000,88.76,89.02,88.66,89.01,3560.358402,2026-04-18 04:45:00+08:00
1776459600000,89.01,89.25,88.98,89.15,14891.298866,2026-04-18 05:00:00+08:00
1776460500000,89.13,89.27,89.06,89.13,2402.884106,2026-04-18 05:15:00+08:00
1776461400000,89.12,89.13,88.81,89.08,5614.705805,2026-04-18 05:30:00+08:00
1776462300000,89.08,89.21,89.05,89.12,1159.462207,2026-04-18 05:45:00+08:00
1776463200000,89.11,89.28,89.06,89.1,3466.793113,2026-04-18 06:00:00+08:00
1776464100000,89.11,89.23,88.95,89.19,5712.24083,2026-04-18 06:15:00+08:00
1776465000000,89.16,89.47,89.12,89.34,9041.678437,2026-04-18 06:30:00+08:00
1776465900000,89.33,89.41,89.2,89.21,1412.392858,2026-04-18 06:45:00+08:00
1776466800000,89.21,89.21,88.93,88.98,3641.181606,2026-04-18 07:00:00+08:00
1776467700000,88.98,89.0,88.5,88.79,7845.882138,2026-04-18 07:15:00+08:00
1776468600000,88.78,88.92,88.69,88.7,2988.819382,2026-04-18 07:30:00+08:00
1776469500000,88.72,88.89,88.68,88.77,3592.340405,2026-04-18 07:45:00+08:00
1776470400000,88.77,88.95,88.74,88.77,3275.036937,2026-04-18 08:00:00+08:00
1776471300000,88.78,88.98,88.76,88.94,2634.534215,2026-04-18 08:15:00+08:00
1776472200000,88.95,89.02,88.67,88.72,3239.411971,2026-04-18 08:30:00+08:00
1776473100000,88.74,89.14,88.72,88.97,3046.690449,2026-04-18 08:45:00+08:00
1776474000000,88.97,89.07,88.79,89.06,1818.618902,2026-04-18 09:00:00+08:00
1776474900000,89.07,89.15,89.03,89.13,2088.838442,2026-04-18 09:15:00+08:00
1776475800000,89.13,89.13,88.77,88.82,5463.815311,2026-04-18 09:30:00+08:00
1776476700000,88.83,88.98,88.7,88.88,4307.341511,2026-04-18 09:45:00+08:00
1776477600000,88.88,88.92,88.68,88.92,2812.151529,2026-04-18 10:00:00+08:00
1776478500000,88.92,89.08,88.92,89.03,3821.151007,2026-04-18 10:15:00+08:00
1776479400000,89.03,89.1,88.9,88.97,968.420109,2026-04-18 10:30:00+08:00
1776480300000,88.96,89.0,88.87,88.92,1594.399143,2026-04-18 10:45:00+08:00
1776481200000,88.94,88.94,88.77,88.85,702.545229,2026-04-18 11:00:00+08:00
1776482100000,88.83,88.89,88.73,88.75,2007.127213,2026-04-18 11:15:00+08:00
1776483000000,88.76,88.84,88.68,88.81,2156.946817,2026-04-18 11:30:00+08:00
1776483900000,88.82,88.85,88.24,88.33,13614.426812,2026-04-18 11:45:00+08:00
1776484800000,88.34,88.55,88.25,88.5,3459.364115,2026-04-18 12:00:00+08:00
1776485700000,88.5,88.56,88.35,88.4,3139.535398,2026-04-18 12:15:00+08:00
1776486600000,88.4,88.48,88.25,88.32,3786.003136,2026-04-18 12:30:00+08:00
1776487500000,88.32,88.49,88.31,88.36,7151.334795,2026-04-18 12:45:00+08:00
1776488400000,88.34,88.65,88.33,88.56,5598.723011,2026-04-18 13:00:00+08:00
1776489300000,88.55,88.56,88.33,88.34,4148.563924,2026-04-18 13:15:00+08:00
1776490200000,88.33,88.38,88.18,88.37,16740.424263,2026-04-18 13:30:00+08:00
1776491100000,88.37,88.42,88.31,88.42,2790.167031,2026-04-18 13:45:00+08:00
1776492000000,88.42,88.52,88.4,88.45,2349.814236,2026-04-18 14:00:00+08:00
1776492900000,88.45,88.49,88.33,88.49,7581.531853,2026-04-18 14:15:00+08:00
1776493800000,88.49,88.56,88.44,88.55,2800.122924,2026-04-18 14:30:00+08:00
1776494700000,88.54,88.63,88.49,88.5,3430.308284,2026-04-18 14:45:00+08:00
1776495600000,88.5,88.55,88.39,88.41,1270.034041,2026-04-18 15:00:00+08:00
1776496500000,88.41,88.52,88.37,88.51,2729.354419,2026-04-18 15:15:00+08:00
1776497400000,88.5,88.56,88.37,88.46,2945.129041,2026-04-18 15:30:00+08:00
1776498300000,88.46,88.49,88.32,88.46,5544.474569,2026-04-18 15:45:00+08:00
1776499200000,88.47,88.51,88.09,88.09,11793.262745,2026-04-18 16:00:00+08:00
1776500100000,88.1,88.12,87.62,87.67,25172.113625,2026-04-18 16:15:00+08:00
1776501000000,87.67,87.75,87.12,87.21,15098.295371,2026-04-18 16:30:00+08:00
1776501900000,87.21,87.61,87.17,87.54,16846.444436,2026-04-18 16:45:00+08:00
1776502800000,87.54,87.54,87.19,87.35,7997.991426,2026-04-18 17:00:00+08:00
1776503700000,87.34,87.54,87.16,87.52,11710.463137,2026-04-18 17:15:00+08:00
1776504600000,87.51,87.68,87.49,87.6,4749.269246,2026-04-18 17:30:00+08:00
1776505500000,87.61,87.68,87.47,87.64,11621.684197,2026-04-18 17:45:00+08:00
1776506400000,87.64,87.64,86.96,87.16,25247.362277,2026-04-18 18:00:00+08:00
1776507300000,87.15,87.25,87.08,87.2,6437.017905,2026-04-18 18:15:00+08:00
1776508200000,87.19,87.22,86.88,86.89,12070.766452,2026-04-18 18:30:00+08:00
1776509100000,86.88,86.99,86.77,86.98,7280.64882,2026-04-18 18:45:00+08:00
1776510000000,86.98,86.99,86.61,86.66,20534.612454,2026-04-18 19:00:00+08:00
1776510900000,86.67,86.87,86.63,86.81,4045.355254,2026-04-18 19:15:00+08:00
1776511800000,86.81,86.88,86.29,86.43,17151.807395,2026-04-18 19:30:00+08:00
1776512700000,86.43,86.68,86.35,86.54,8499.905798,2026-04-18 19:45:00+08:00
1776513600000,86.55,86.86,86.51,86.8,7691.027991,2026-04-18 20:00:00+08:00
1776514500000,86.79,86.85,86.67,86.71,4508.005215,2026-04-18 20:15:00+08:00
1776515400000,86.72,86.82,86.62,86.8,3085.122231,2026-04-18 20:30:00+08:00
1776516300000,86.81,86.97,86.77,86.91,6638.343712,2026-04-18 20:45:00+08:00
1776517200000,86.91,86.99,86.83,86.87,4195.12618,2026-04-18 21:00:00+08:00
1776518100000,86.87,86.96,86.68,86.73,4242.358649,2026-04-18 21:15:00+08:00
1776519000000,86.73,86.78,86.43,86.57,5576.277139,2026-04-18 21:30:00+08:00
1776519900000,86.58,86.82,86.51,86.76,4690.357764,2026-04-18 21:45:00+08:00
1776520800000,86.76,86.83,86.5,86.71,8050.984883,2026-04-18 22:00:00+08:00
1776521700000,86.7,86.78,86.45,86.77,3115.609507,2026-04-18 22:15:00+08:00
1776522600000,86.77,86.87,86.71,86.77,6722.988586,2026-04-18 22:30:00+08:00
1776523500000,86.77,86.87,86.74,86.84,6218.059261,2026-04-18 22:45:00+08:00
1776524400000,86.85,86.96,86.69,86.82,13402.194563,2026-04-18 23:00:00+08:00
1776525300000,86.82,86.93,86.74,86.82,6100.117866,2026-04-18 23:15:00+08:00
1776526200000,86.83,86.9,86.7,86.7,2733.453319,2026-04-18 23:30:00+08:00
1776527100000,86.7,86.79,86.58,86.77,3469.781137,2026-04-18 23:45:00+08:00
1776528000000,86.77,86.94,86.61,86.91,6178.949157,2026-04-19 00:00:00+08:00
1776528900000,86.92,87.01,86.47,86.8,12311.380071,2026-04-19 00:15:00+08:00
1776529800000,86.8,86.85,86.67,86.67,1657.36951,2026-04-19 00:30:00+08:00
1776530700000,86.67,86.75,86.55,86.71,4230.13118,2026-04-19 00:45:00+08:00
1776531600000,86.7,86.72,86.52,86.6,6209.849825,2026-04-19 01:00:00+08:00
1776532500000,86.61,86.75,86.59,86.74,3186.895621,2026-04-19 01:15:00+08:00
1776533400000,86.75,86.81,86.74,86.78,2546.819517,2026-04-19 01:30:00+08:00
1776534300000,86.78,86.85,86.76,86.77,608.512302,2026-04-19 01:45:00+08:00
1776535200000,86.76,86.76,86.58,86.65,2712.688802,2026-04-19 02:00:00+08:00
1776536100000,86.65,86.65,86.36,86.36,4685.339808,2026-04-19 02:15:00+08:00
1776537000000,86.38,86.4,85.79,85.99,29321.752945,2026-04-19 02:30:00+08:00
1776537900000,86.0,86.17,85.82,85.97,7920.404268,2026-04-19 02:45:00+08:00
1776538800000,85.97,86.28,85.94,86.24,4060.024476,2026-04-19 03:00:00+08:00
1776539700000,86.24,86.28,86.1,86.2,2146.838435,2026-04-19 03:15:00+08:00
1776540600000,86.2,86.23,85.97,86.03,3640.254097,2026-04-19 03:30:00+08:00
1776541500000,86.02,86.19,85.99,86.13,2362.33165,2026-04-19 03:45:00+08:00
1776542400000,86.13,86.17,86.01,86.13,1373.816958,2026-04-19 04:00:00+08:00
1776543300000,86.13,86.22,86.04,86.12,2733.809457,2026-04-19 04:15:00+08:00
1776544200000,86.13,86.24,86.09,86.22,1984.295288,2026-04-19 04:30:00+08:00
1776545100000,86.22,86.3,86.15,86.17,5159.333187,2026-04-19 04:45:00+08:00
1776546000000,86.18,86.27,86.08,86.16,2337.264595,2026-04-19 05:00:00+08:00
1776546900000,86.15,86.25,86.04,86.25,1530.895345,2026-04-19 05:15:00+08:00
1776547800000,86.23,86.25,86.12,86.18,952.785927,2026-04-19 05:30:00+08:00
1776548700000,86.2,86.27,86.14,86.21,1620.717282,2026-04-19 05:45:00+08:00
1776549600000,86.22,86.22,85.93,85.97,3866.845927,2026-04-19 06:00:00+08:00
1776550500000,85.97,86.18,85.97,86.18,2694.857459,2026-04-19 06:15:00+08:00
1776551400000,86.18,86.24,86.08,86.15,3029.280045,2026-04-19 06:30:00+08:00
1776552300000,86.16,86.36,86.15,86.29,2659.357542,2026-04-19 06:45:00+08:00
1776553200000,86.3,86.46,86.28,86.28,2560.599894,2026-04-19 07:00:00+08:00
1776554100000,86.29,86.34,86.27,86.27,1293.047501,2026-04-19 07:15:00+08:00
1776555000000,86.26,86.33,86.19,86.25,2003.581733,2026-04-19 07:30:00+08:00
1776555900000,86.25,86.26,86.12,86.15,1966.221574,2026-04-19 07:45:00+08:00
1776556800000,86.15,86.38,86.13,86.21,1446.793424,2026-04-19 08:00:00+08:00
1776557700000,86.19,86.19,86.02,86.09,2311.797119,2026-04-19 08:15:00+08:00
1776558600000,86.09,86.13,85.87,85.9,3843.339033,2026-04-19 08:30:00+08:00
1776559500000,85.89,86.13,85.89,86.02,2776.84131,2026-04-19 08:45:00+08:00
1776560400000,86.02,86.23,85.93,85.98,1835.217964,2026-04-19 09:00:00+08:00
1776561300000,85.99,86.0,85.72,85.74,2969.598719,2026-04-19 09:15:00+08:00
1776562200000,85.74,85.77,85.61,85.68,3215.498677,2026-04-19 09:30:00+08:00
1776563100000,85.68,85.9,85.67,85.75,3082.585347,2026-04-19 09:45:00+08:00
1776564000000,85.76,85.79,85.66,85.79,1720.731495,2026-04-19 10:00:00+08:00
1776564900000,85.8,85.86,85.27,85.33,6572.193088,2026-04-19 10:15:00+08:00
1776565800000,85.34,85.82,85.28,85.73,6049.947708,2026-04-19 10:30:00+08:00
1776566700000,85.74,85.78,85.5,85.54,5377.499648,2026-04-19 10:45:00+08:00
1776567600000,85.54,85.69,85.32,85.69,3434.036473,2026-04-19 11:00:00+08:00
1776568500000,85.69,85.72,85.54,85.71,1913.492126,2026-04-19 11:15:00+08:00
1776569400000,85.71,85.78,85.6,85.75,1543.5507,2026-04-19 11:30:00+08:00
1776570300000,85.77,85.79,85.58,85.6,1637.691172,2026-04-19 11:45:00+08:00
1776571200000,85.61,85.9,85.59,85.84,2266.733463,2026-04-19 12:00:00+08:00
1776572100000,85.85,85.95,85.82,85.88,1739.644359,2026-04-19 12:15:00+08:00
1776573000000,85.88,85.88,85.14,85.35,10286.289459,2026-04-19 12:30:00+08:00
1776573900000,85.36,85.63,85.31,85.58,2672.332376,2026-04-19 12:45:00+08:00
1776574800000,85.58,85.64,85.42,85.5,3338.530521,2026-04-19 13:00:00+08:00
1776575700000,85.49,85.57,85.43,85.55,5313.6193,2026-04-19 13:15:00+08:00
1776576600000,85.55,85.79,85.53,85.56,4742.837603,2026-04-19 13:30:00+08:00
1776577500000,85.55,85.59,85.39,85.49,6205.573792,2026-04-19 13:45:00+08:00
1776578400000,85.48,85.49,85.22,85.29,6193.870318,2026-04-19 14:00:00+08:00
1776579300000,85.28,85.46,85.14,85.36,4950.860999,2026-04-19 14:15:00+08:00
1776580200000,85.38,85.67,85.37,85.5,11128.879536,2026-04-19 14:30:00+08:00
1776581100000,85.5,85.54,85.4,85.44,1709.460636,2026-04-19 14:45:00+08:00
1776582000000,85.45,85.45,85.05,85.08,5568.16605,2026-04-19 15:00:00+08:00
1776582900000,85.07,85.12,84.42,84.58,39325.604162,2026-04-19 15:15:00+08:00
1776583800000,84.58,84.91,84.42,84.79,12830.673328,2026-04-19 15:30:00+08:00
1776584700000,84.78,84.96,84.72,84.87,12375.793136,2026-04-19 15:45:00+08:00
1776585600000,84.86,85.02,84.77,84.99,5950.713804,2026-04-19 16:00:00+08:00
1776586500000,85.0,85.17,84.84,84.85,8187.914475,2026-04-19 16:15:00+08:00
1776587400000,84.84,84.96,84.75,84.81,4423.39773,2026-04-19 16:30:00+08:00
1776588300000,84.81,84.89,84.63,84.8,9010.704931,2026-04-19 16:45:00+08:00
1776589200000,84.81,84.92,84.76,84.81,5980.288537,2026-04-19 17:00:00+08:00
1776590100000,84.81,84.87,84.61,84.86,2209.810164,2026-04-19 17:15:00+08:00
1776591000000,84.87,85.04,84.74,84.74,8377.070448,2026-04-19 17:30:00+08:00
1776591900000,84.74,84.77,84.58,84.59,5390.642333,2026-04-19 17:45:00+08:00
1776592800000,84.6,84.71,84.44,84.66,8819.540689,2026-04-19 18:00:00+08:00
1776593700000,84.64,84.75,84.57,84.65,2457.28373,2026-04-19 18:15:00+08:00
1776594600000,84.66,84.72,84.62,84.72,1410.585198,2026-04-19 18:30:00+08:00
1776595500000,84.72,84.91,84.7,84.8,1920.555948,2026-04-19 18:45:00+08:00
1776596400000,84.81,85.45,84.77,85.33,5148.744662,2026-04-19 19:00:00+08:00
1776597300000,85.33,85.46,85.23,85.27,6129.585656,2026-04-19 19:15:00+08:00
1776598200000,85.27,85.51,85.26,85.5,3725.179614,2026-04-19 19:30:00+08:00
1776599100000,85.49,85.71,85.46,85.6,7255.422809,2026-04-19 19:45:00+08:00
1776600000000,85.6,85.75,85.57,85.68,5873.814183,2026-04-19 20:00:00+08:00
1776600900000,85.68,85.84,85.64,85.67,4620.96844,2026-04-19 20:15:00+08:00
1776601800000,85.68,85.72,85.55,85.63,6824.200931,2026-04-19 20:30:00+08:00
1776602700000,85.63,85.94,85.59,85.8,3379.306601,2026-04-19 20:45:00+08:00
1776603600000,85.78,86.35,85.77,86.25,12984.389168,2026-04-19 21:00:00+08:00
1776604500000,86.23,86.94,86.23,86.6,22275.907068,2026-04-19 21:15:00+08:00
1776605400000,86.61,86.73,86.29,86.51,25722.268208,2026-04-19 21:30:00+08:00
1776606300000,86.52,86.52,86.23,86.35,9350.726844,2026-04-19 21:45:00+08:00
1776607200000,86.34,86.44,86.0,86.25,7910.084462,2026-04-19 22:00:00+08:00
1776608100000,86.24,87.1,86.21,87.04,24629.156575,2026-04-19 22:15:00+08:00
1776609000000,87.05,87.13,86.5,86.78,15723.479859,2026-04-19 22:30:00+08:00
1776609900000,86.77,87.0,86.51,86.55,6693.429843,2026-04-19 22:45:00+08:00
1776610800000,86.54,86.56,86.24,86.43,13965.1296,2026-04-19 23:00:00+08:00
1776611700000,86.42,86.67,86.28,86.38,3240.243816,2026-04-19 23:15:00+08:00
1776612600000,86.38,86.41,85.61,85.97,8855.204947,2026-04-19 23:30:00+08:00
1776613500000,85.95,86.36,85.87,86.36,3779.798569,2026-04-19 23:45:00+08:00
1776614400000,86.37,86.51,86.13,86.23,3291.47743,2026-04-20 00:00:00+08:00
1776615300000,86.22,86.32,86.01,86.07,3196.063965,2026-04-20 00:15:00+08:00
1776616200000,86.06,86.25,86.0,86.1,2584.338396,2026-04-20 00:30:00+08:00
1776617100000,86.11,86.24,85.74,85.86,4368.271147,2026-04-20 00:45:00+08:00
1776618000000,85.86,85.86,85.35,85.68,13111.472335,2026-04-20 01:00:00+08:00
1776618900000,85.69,86.0,85.59,85.66,4830.980343,2026-04-20 01:15:00+08:00
1776619800000,85.67,85.79,85.34,85.54,6310.244086,2026-04-20 01:30:00+08:00
1776620700000,85.52,85.59,85.02,85.14,11906.159762,2026-04-20 01:45:00+08:00
1776621600000,85.16,85.26,84.99,85.22,4756.809841,2026-04-20 02:00:00+08:00
1776622500000,85.22,85.3,84.95,85.16,2922.921352,2026-04-20 02:15:00+08:00
1776623400000,85.15,85.16,84.96,85.03,1368.933288,2026-04-20 02:30:00+08:00
1776624300000,85.01,85.19,84.89,85.12,1813.85881,2026-04-20 02:45:00+08:00
1776625200000,85.13,85.46,85.13,85.39,5645.943209,2026-04-20 03:00:00+08:00
1776626100000,85.37,85.56,85.29,85.42,3435.022257,2026-04-20 03:15:00+08:00
1776627000000,85.41,85.55,85.28,85.28,2779.610038,2026-04-20 03:30:00+08:00
1776627900000,85.28,85.36,85.25,85.34,1284.205099,2026-04-20 03:45:00+08:00
1776628800000,85.34,85.37,85.07,85.19,1837.294118,2026-04-20 04:00:00+08:00
1776629700000,85.17,85.18,84.9,85.05,4102.225801,2026-04-20 04:15:00+08:00
1776630600000,85.03,85.26,84.81,84.84,5936.373565,2026-04-20 04:30:00+08:00
1776631500000,84.86,85.16,84.76,84.96,3728.490365,2026-04-20 04:45:00+08:00
1776632400000,84.97,85.13,84.9,85.11,2939.811115,2026-04-20 05:00:00+08:00
1776633300000,85.09,85.17,84.94,85.12,1820.691004,2026-04-20 05:15:00+08:00
1776634200000,85.13,85.25,85.1,85.12,2032.293014,2026-04-20 05:30:00+08:00
1776635100000,85.12,85.21,84.61,84.71,6716.114145,2026-04-20 05:45:00+08:00
1776636000000,84.7,84.7,84.0,84.04,41506.413875,2026-04-20 06:00:00+08:00
1776636900000,84.04,84.04,82.93,83.42,70337.189976,2026-04-20 06:15:00+08:00
1776637800000,83.41,83.85,83.38,83.82,12240.001156,2026-04-20 06:30:00+08:00
1776638700000,83.82,83.92,83.7,83.78,6138.660724,2026-04-20 06:45:00+08:00
1776639600000,83.77,83.78,83.41,83.59,9614.475768,2026-04-20 07:00:00+08:00
1776640500000,83.6,83.61,83.35,83.57,8359.858747,2026-04-20 07:15:00+08:00
1776641400000,83.58,83.7,83.49,83.56,4279.467994,2026-04-20 07:30:00+08:00
1776642300000,83.55,83.67,83.46,83.48,6140.45654,2026-04-20 07:45:00+08:00
1776643200000,83.49,83.78,83.34,83.6,12770.745363,2026-04-20 08:00:00+08:00
1776644100000,83.6,83.97,83.47,83.94,9630.598044,2026-04-20 08:15:00+08:00
1776645000000,83.94,83.99,83.75,83.82,6166.865542,2026-04-20 08:30:00+08:00
1776645900000,83.82,84.2,83.81,84.0,6441.305927,2026-04-20 08:45:00+08:00
1776646800000,84.01,84.21,83.97,84.21,3157.041865,2026-04-20 09:00:00+08:00
1776647700000,84.22,84.22,83.96,84.12,3752.480155,2026-04-20 09:15:00+08:00
1776648600000,84.14,84.55,84.12,84.44,23353.377792,2026-04-20 09:30:00+08:00
1776649500000,84.44,84.52,84.32,84.36,4720.309445,2026-04-20 09:45:00+08:00
1776650400000,84.36,84.4,83.9,83.93,7849.565365,2026-04-20 10:00:00+08:00
1776651300000,83.93,84.1,83.72,84.06,5737.68553,2026-04-20 10:15:00+08:00
1776652200000,84.07,84.23,84.01,84.2,5717.736701,2026-04-20 10:30:00+08:00
1776653100000,84.21,84.3,84.12,84.21,3468.57385,2026-04-20 10:45:00+08:00
1776654000000,84.21,84.36,84.12,84.36,1777.71348,2026-04-20 11:00:00+08:00
1776654900000,84.37,84.44,84.24,84.35,3501.220498,2026-04-20 11:15:00+08:00
1776655800000,84.34,84.5,84.33,84.48,1282.498307,2026-04-20 11:30:00+08:00
1776656700000,84.48,84.6,84.42,84.58,2986.649886,2026-04-20 11:45:00+08:00
1776657600000,84.58,84.58,84.41,84.42,2953.207597,2026-04-20 12:00:00+08:00
1776658500000,84.42,84.45,84.25,84.4,1702.53219,2026-04-20 12:15:00+08:00
1776659400000,84.4,84.46,84.37,84.4,2137.97102,2026-04-20 12:30:00+08:00
1776660300000,84.4,84.61,84.4,84.57,2608.208209,2026-04-20 12:45:00+08:00
1776661200000,84.57,84.59,84.08,84.22,8830.586187,2026-04-20 13:00:00+08:00
1776662100000,84.22,84.22,83.86,83.89,4917.82506,2026-04-20 13:15:00+08:00
1776663000000,83.9,84.0,83.78,83.79,5050.048418,2026-04-20 13:30:00+08:00
1776663900000,83.78,83.96,83.76,83.84,5685.810499,2026-04-20 13:45:00+08:00
1776664800000,83.85,84.02,83.77,83.87,13511.048608,2026-04-20 14:00:00+08:00
1776665700000,83.88,84.02,83.84,83.98,4134.043163,2026-04-20 14:15:00+08:00
1776666600000,83.98,84.75,83.98,84.53,10013.559579,2026-04-20 14:30:00+08:00
1776667500000,84.52,84.56,84.32,84.46,7165.365691,2026-04-20 14:45:00+08:00
1776668400000,84.46,84.73,84.43,84.67,8040.820969,2026-04-20 15:00:00+08:00
1776669300000,84.67,85.76,84.57,85.36,28599.550255,2026-04-20 15:15:00+08:00
1776670200000,85.35,85.45,84.76,84.82,13106.187104,2026-04-20 15:30:00+08:00
1776671100000,84.81,84.96,84.52,84.73,13759.025591,2026-04-20 15:45:00+08:00
1776672000000,84.73,84.78,84.56,84.74,4814.707012,2026-04-20 16:00:00+08:00
1776672900000,84.74,85.12,84.71,84.87,8301.044587,2026-04-20 16:15:00+08:00
1776673800000,84.88,85.06,84.69,84.78,5750.107113,2026-04-20 16:30:00+08:00
1776674700000,84.78,84.83,84.57,84.68,4982.630536,2026-04-20 16:45:00+08:00
1776675600000,84.68,85.06,84.63,84.96,6757.459031,2026-04-20 17:00:00+08:00
1776676500000,84.96,85.08,84.9,84.93,3891.272395,2026-04-20 17:15:00+08:00
1776677400000,84.94,85.22,84.92,85.13,3533.466777,2026-04-20 17:30:00+08:00
1776678300000,85.13,85.25,85.0,85.07,4718.53915,2026-04-20 17:45:00+08:00
1776679200000,85.08,85.34,85.02,85.32,6557.746343,2026-04-20 18:00:00+08:00
1776680100000,85.33,85.4,85.18,85.22,4550.383072,2026-04-20 18:15:00+08:00
1776681000000,85.21,85.21,84.88,84.97,12104.468353,2026-04-20 18:30:00+08:00
1776681900000,84.97,85.0,84.8,84.84,6468.025068,2026-04-20 18:45:00+08:00
1776682800000,84.86,85.03,84.77,85.03,7406.305722,2026-04-20 19:00:00+08:00
1776683700000,85.03,85.16,84.91,85.05,6492.717028,2026-04-20 19:15:00+08:00
1776684600000,85.04,85.31,84.96,85.23,12743.913544,2026-04-20 19:30:00+08:00
1776685500000,85.24,85.36,85.02,85.04,10982.842495,2026-04-20 19:45:00+08:00
1776686400000,85.05,85.3,84.87,85.18,13893.278216,2026-04-20 20:00:00+08:00
1776687300000,85.18,85.54,85.13,85.35,13311.288065,2026-04-20 20:15:00+08:00
1776688200000,85.36,85.4,84.85,85.08,16465.791692,2026-04-20 20:30:00+08:00
1776689100000,85.09,85.33,85.09,85.33,8159.814989,2026-04-20 20:45:00+08:00
1776690000000,85.32,85.57,85.17,85.38,7952.272059,2026-04-20 21:00:00+08:00
1776690900000,85.39,85.46,85.07,85.21,9732.2616,2026-04-20 21:15:00+08:00
1776691800000,85.22,85.53,84.89,85.27,13137.633811,2026-04-20 21:30:00+08:00
1776692700000,85.27,85.45,85.06,85.32,8255.280471,2026-04-20 21:45:00+08:00
1776693600000,85.31,85.31,84.96,85.06,7208.077818,2026-04-20 22:00:00+08:00
1776694500000,85.05,85.82,85.03,85.49,24166.909086,2026-04-20 22:15:00+08:00
1776695400000,85.47,85.61,85.06,85.31,6676.262788,2026-04-20 22:30:00+08:00
1776696300000,85.3,85.39,84.55,84.78,20852.325191,2026-04-20 22:45:00+08:00
1776697200000,84.8,84.95,84.43,84.85,6606.232336,2026-04-20 23:00:00+08:00
1776698100000,84.84,85.79,84.8,85.77,19195.44942,2026-04-20 23:15:00+08:00
1776699000000,85.76,85.76,85.44,85.49,4859.321935,2026-04-20 23:30:00+08:00
1776699900000,85.5,85.88,85.43,85.87,10891.00012,2026-04-20 23:45:00+08:00
1776700800000,85.86,85.88,85.48,85.63,9498.57671,2026-04-21 00:00:00+08:00
1776701700000,85.63,85.69,85.46,85.54,6453.358298,2026-04-21 00:15:00+08:00
1776702600000,85.55,85.73,85.43,85.63,4841.337424,2026-04-21 00:30:00+08:00
1776703500000,85.63,85.65,85.26,85.3,2583.23885,2026-04-21 00:45:00+08:00
1776704400000,85.31,85.94,85.26,85.83,6648.736669,2026-04-21 01:00:00+08:00
1776705300000,85.81,86.12,85.73,85.84,10300.787104,2026-04-21 01:15:00+08:00
1776706200000,85.84,85.95,85.65,85.77,3510.151368,2026-04-21 01:30:00+08:00
1776707100000,85.76,86.08,85.65,85.69,6304.648639,2026-04-21 01:45:00+08:00
1776708000000,85.7,86.18,85.7,86.08,9962.700731,2026-04-21 02:00:00+08:00
1776708900000,86.1,86.23,85.99,86.0,7953.281977,2026-04-21 02:15:00+08:00
1776709800000,86.0,86.16,85.81,86.05,7281.985564,2026-04-21 02:30:00+08:00
1776710700000,86.04,86.13,85.75,86.07,14238.580189,2026-04-21 02:45:00+08:00
1776711600000,86.08,86.14,85.98,86.02,6069.851321,2026-04-21 03:00:00+08:00
1776712500000,86.02,86.02,85.77,85.89,3397.35979,2026-04-21 03:15:00+08:00
1776713400000,85.89,85.96,85.85,85.86,1031.777785,2026-04-21 03:30:00+08:00
1776714300000,85.87,86.02,85.79,85.8,7502.24738,2026-04-21 03:45:00+08:00
1776715200000,85.8,85.92,85.67,85.89,7141.714944,2026-04-21 04:00:00+08:00
1776716100000,85.88,86.17,85.86,85.91,3914.539485,2026-04-21 04:15:00+08:00
1776717000000,85.91,85.92,85.78,85.84,2340.187383,2026-04-21 04:30:00+08:00
1776717900000,85.84,85.98,85.78,85.96,4787.776917,2026-04-21 04:45:00+08:00
1776718800000,85.95,86.2,85.66,85.8,11291.453203,2026-04-21 05:00:00+08:00
1776719700000,85.8,85.87,85.65,85.75,9766.560287,2026-04-21 05:15:00+08:00
1776720600000,85.74,85.82,85.58,85.73,6958.988674,2026-04-21 05:30:00+08:00
1776721500000,85.74,85.87,85.68,85.81,1877.132583,2026-04-21 05:45:00+08:00
1776722400000,85.81,86.06,85.8,85.93,3877.532839,2026-04-21 06:00:00+08:00
1776723300000,85.94,85.97,85.68,85.75,2163.994138,2026-04-21 06:15:00+08:00
1776724200000,85.75,85.91,85.61,85.74,3326.893383,2026-04-21 06:30:00+08:00
1776725100000,85.73,85.73,85.62,85.71,1201.364231,2026-04-21 06:45:00+08:00
1776726000000,85.7,85.7,85.31,85.38,12892.265675,2026-04-21 07:00:00+08:00
1776726900000,85.38,85.44,85.24,85.28,3738.953483,2026-04-21 07:15:00+08:00
1776727800000,85.28,85.37,85.22,85.29,3847.141728,2026-04-21 07:30:00+08:00
1776728700000,85.31,85.35,85.23,85.29,3729.161795,2026-04-21 07:45:00+08:00
1776729600000,85.3,85.52,85.26,85.46,5768.889371,2026-04-21 08:00:00+08:00
1776730500000,85.44,85.53,85.38,85.52,3545.013888,2026-04-21 08:15:00+08:00
1776731400000,85.52,85.57,85.43,85.5,2305.61543,2026-04-21 08:30:00+08:00
1776732300000,85.5,85.78,85.5,85.67,4046.061931,2026-04-21 08:45:00+08:00
1776733200000,85.67,85.81,85.56,85.75,3458.801107,2026-04-21 09:00:00+08:00
1776734100000,85.74,85.74,85.59,85.69,2136.839807,2026-04-21 09:15:00+08:00
1776735000000,85.7,85.82,85.51,85.6,3185.997668,2026-04-21 09:30:00+08:00
1776735900000,85.6,85.61,85.37,85.44,4471.743748,2026-04-21 09:45:00+08:00
1776736800000,85.44,85.47,85.25,85.28,3959.715861,2026-04-21 10:00:00+08:00
1776737700000,85.29,85.36,85.19,85.29,4311.729956,2026-04-21 10:15:00+08:00
1776738600000,85.29,85.41,85.28,85.29,2963.004479,2026-04-21 10:30:00+08:00
1776739500000,85.3,85.34,85.24,85.27,1686.025171,2026-04-21 10:45:00+08:00
1776740400000,85.27,85.29,85.1,85.19,4125.256737,2026-04-21 11:00:00+08:00
1776741300000,85.19,85.38,85.09,85.33,6005.518255,2026-04-21 11:15:00+08:00
1776742200000,85.34,85.53,84.9,85.15,27510.081457,2026-04-21 11:30:00+08:00
1776743100000,85.14,85.32,85.11,85.16,4656.40925,2026-04-21 11:45:00+08:00
1776744000000,85.17,85.26,85.11,85.11,4009.293193,2026-04-21 12:00:00+08:00
1776744900000,85.11,85.2,85.01,85.1,6147.958109,2026-04-21 12:15:00+08:00
1776745800000,85.11,85.22,85.01,85.22,16385.106381,2026-04-21 12:30:00+08:00
1776746700000,85.22,85.46,85.17,85.43,5428.151672,2026-04-21 12:45:00+08:00
1776747600000,85.42,85.84,85.41,85.67,7994.234966,2026-04-21 13:00:00+08:00
1776748500000,85.67,85.82,85.57,85.68,20731.60049,2026-04-21 13:15:00+08:00
1776749400000,85.68,85.72,85.61,85.71,1772.792323,2026-04-21 13:30:00+08:00
1776750300000,85.7,85.72,85.62,85.68,4558.678428,2026-04-21 13:45:00+08:00
1776751200000,85.68,85.72,85.47,85.54,4647.038165,2026-04-21 14:00:00+08:00
1776752100000,85.53,85.56,85.18,85.32,7393.460462,2026-04-21 14:15:00+08:00
1776753000000,85.33,85.94,85.33,85.72,7935.654337,2026-04-21 14:30:00+08:00
1776753900000,85.73,85.78,85.67,85.67,3491.843304,2026-04-21 14:45:00+08:00
1776754800000,85.68,85.68,85.43,85.53,2515.548484,2026-04-21 15:00:00+08:00
1776755700000,85.53,85.9,85.42,85.76,5671.485403,2026-04-21 15:15:00+08:00
1776756600000,85.79,85.92,85.59,85.83,9034.501713,2026-04-21 15:30:00+08:00
1776757500000,85.82,85.98,85.7,85.7,7009.502639,2026-04-21 15:45:00+08:00
1776758400000,85.71,85.84,85.64,85.73,2930.657491,2026-04-21 16:00:00+08:00
1776759300000,85.72,85.95,85.71,85.91,3650.973494,2026-04-21 16:15:00+08:00
1776760200000,85.89,86.03,85.77,85.95,9351.831803,2026-04-21 16:30:00+08:00
1776761100000,85.96,86.42,85.78,85.81,15201.075879,2026-04-21 16:45:00+08:00
1776762000000,85.82,85.86,85.64,85.75,3529.644732,2026-04-21 17:00:00+08:00
1776762900000,85.75,85.88,85.53,85.6,4696.462606,2026-04-21 17:15:00+08:00
1776763800000,85.62,85.78,85.56,85.78,4275.562841,2026-04-21 17:30:00+08:00
1776764700000,85.79,85.92,85.72,85.88,8039.71814,2026-04-21 17:45:00+08:00
1776765600000,85.89,86.06,85.86,85.95,6160.625494,2026-04-21 18:00:00+08:00
1776766500000,85.94,86.02,85.84,85.95,9645.974175,2026-04-21 18:15:00+08:00
1776767400000,85.95,86.11,85.89,86.11,3673.494247,2026-04-21 18:30:00+08:00
1776768300000,86.09,86.32,86.07,86.14,9773.523612,2026-04-21 18:45:00+08:00
1776769200000,86.15,86.17,85.72,85.82,26850.610112,2026-04-21 19:00:00+08:00
1776770100000,85.82,86.15,85.76,86.05,6140.617968,2026-04-21 19:15:00+08:00
1776771000000,86.06,86.12,85.86,85.91,4906.416288,2026-04-21 19:30:00+08:00
1776771900000,85.91,85.91,85.82,85.83,2382.009898,2026-04-21 19:45:00+08:00
1776772800000,85.84,86.02,85.81,85.81,4833.638248,2026-04-21 20:00:00+08:00
1776773700000,85.81,85.84,85.75,85.82,4684.87964,2026-04-21 20:15:00+08:00
1776774600000,85.83,85.89,85.18,85.31,19017.291431,2026-04-21 20:30:00+08:00
1776775500000,85.31,85.58,85.18,85.52,7143.051018,2026-04-21 20:45:00+08:00
1776776400000,85.53,85.55,85.36,85.4,4748.740756,2026-04-21 21:00:00+08:00
1776777300000,85.4,85.59,85.36,85.46,3589.108568,2026-04-21 21:15:00+08:00
1776778200000,85.45,85.85,85.3,85.69,7331.876292,2026-04-21 21:30:00+08:00
1776779100000,85.69,85.85,85.61,85.82,6119.004358,2026-04-21 21:45:00+08:00
1776780000000,85.83,85.92,85.61,85.68,4195.613316,2026-04-21 22:00:00+08:00
1776780900000,85.69,86.24,85.69,86.05,11647.198925,2026-04-21 22:15:00+08:00
1776781800000,86.02,86.89,85.99,86.6,15644.797925,2026-04-21 22:30:00+08:00
1776782700000,86.58,86.6,85.74,85.77,14341.489748,2026-04-21 22:45:00+08:00
1776783600000,85.77,86.25,85.56,86.2,21023.4592,2026-04-21 23:00:00+08:00
1776784500000,86.2,86.27,85.55,85.7,7108.906201,2026-04-21 23:15:00+08:00
1776785400000,85.71,85.9,85.4,85.72,8061.810148,2026-04-21 23:30:00+08:00
1776786300000,85.74,86.07,85.7,86.06,6840.402543,2026-04-21 23:45:00+08:00
1776787200000,86.06,86.25,85.93,86.11,8885.33093,2026-04-22 00:00:00+08:00
1776788100000,86.12,86.15,85.82,85.9,6436.892975,2026-04-22 00:15:00+08:00
1776789000000,85.9,86.29,85.87,85.93,7265.147384,2026-04-22 00:30:00+08:00
1776789900000,85.92,86.1,85.65,85.68,6236.385767,2026-04-22 00:45:00+08:00
1776790800000,85.69,85.76,85.25,85.38,13912.513905,2026-04-22 01:00:00+08:00
1776791700000,85.39,85.39,84.71,85.03,33249.511876,2026-04-22 01:15:00+08:00
1776792600000,85.03,85.82,84.87,85.56,14212.998738,2026-04-22 01:30:00+08:00
1776793500000,85.55,85.58,85.28,85.32,5788.020212,2026-04-22 01:45:00+08:00
1776794400000,85.32,85.38,85.15,85.29,10449.700096,2026-04-22 02:00:00+08:00
1776795300000,85.31,85.42,84.82,84.9,12647.156878,2026-04-22 02:15:00+08:00
1776796200000,84.91,85.08,84.9,84.99,5755.495455,2026-04-22 02:30:00+08:00
1776797100000,84.99,85.25,84.75,85.24,8247.964333,2026-04-22 02:45:00+08:00
1776798000000,85.24,85.55,85.15,85.24,7942.922939,2026-04-22 03:00:00+08:00
1776798900000,85.25,85.73,85.15,85.51,6067.514134,2026-04-22 03:15:00+08:00
1776799800000,85.52,85.53,84.31,84.37,16198.205827,2026-04-22 03:30:00+08:00
1776800700000,84.38,84.67,84.36,84.59,6358.598971,2026-04-22 03:45:00+08:00
1776801600000,84.58,85.47,84.45,85.36,30168.123371,2026-04-22 04:00:00+08:00
1776802500000,85.36,85.66,85.27,85.46,6419.221744,2026-04-22 04:15:00+08:00
1776803400000,85.46,85.74,85.46,85.53,3778.850522,2026-04-22 04:30:00+08:00
1776804300000,85.54,85.63,85.36,85.4,6211.813539,2026-04-22 04:45:00+08:00
1776805200000,85.4,85.57,85.15,85.29,4626.644041,2026-04-22 05:00:00+08:00
1776806100000,85.28,85.37,85.12,85.15,1292.449972,2026-04-22 05:15:00+08:00
1776807000000,85.15,85.25,85.02,85.04,2851.376234,2026-04-22 05:30:00+08:00
1776807900000,85.03,85.21,85.03,85.15,1314.006351,2026-04-22 05:45:00+08:00
1776808800000,85.15,85.44,85.05,85.37,10364.954425,2026-04-22 06:00:00+08:00
1776809700000,85.37,85.4,85.0,85.12,4028.344621,2026-04-22 06:15:00+08:00
1776810600000,85.13,85.35,85.01,85.33,3752.698729,2026-04-22 06:30:00+08:00
1776811500000,85.32,85.39,85.21,85.37,2095.567388,2026-04-22 06:45:00+08:00
1776812400000,85.36,85.73,85.35,85.71,9141.524469,2026-04-22 07:00:00+08:00
1776813300000,85.71,85.87,85.51,85.54,6101.565085,2026-04-22 07:15:00+08:00
1776814200000,85.55,85.86,85.52,85.84,4616.057443,2026-04-22 07:30:00+08:00
1776815100000,85.84,86.13,85.84,86.04,6382.687511,2026-04-22 07:45:00+08:00
1776816000000,86.05,86.2,86.02,86.17,4628.593531,2026-04-22 08:00:00+08:00
1776816900000,86.16,86.48,86.04,86.3,13906.443388,2026-04-22 08:15:00+08:00
1776817800000,86.3,86.46,86.11,86.25,6713.340353,2026-04-22 08:30:00+08:00
1776818700000,86.25,86.53,86.25,86.5,11058.19124,2026-04-22 08:45:00+08:00
1776819600000,86.5,86.55,86.28,86.4,4990.135544,2026-04-22 09:00:00+08:00
1776820500000,86.4,86.44,86.1,86.22,7798.537159,2026-04-22 09:15:00+08:00
1776821400000,86.2,86.37,86.18,86.25,2364.404415,2026-04-22 09:30:00+08:00
1776822300000,86.25,86.41,86.18,86.28,3392.168123,2026-04-22 09:45:00+08:00
1776823200000,86.29,86.88,86.21,86.68,12223.08207,2026-04-22 10:00:00+08:00
1776824100000,86.69,87.37,86.69,87.24,28778.435745,2026-04-22 10:15:00+08:00
1776825000000,87.28,87.55,87.06,87.51,25126.286246,2026-04-22 10:30:00+08:00
1776825900000,87.49,87.56,87.27,87.42,18991.333053,2026-04-22 10:45:00+08:00
1776826800000,87.41,87.87,87.31,87.61,29237.124296,2026-04-22 11:00:00+08:00
1776827700000,87.61,87.61,87.36,87.41,6981.664902,2026-04-22 11:15:00+08:00
1776828600000,87.42,87.42,87.12,87.3,8434.136545,2026-04-22 11:30:00+08:00
1776829500000,87.31,87.39,87.21,87.26,5306.134811,2026-04-22 11:45:00+08:00
1776830400000,87.26,87.36,87.12,87.15,4109.120121,2026-04-22 12:00:00+08:00
1776831300000,87.14,87.19,87.03,87.12,6459.456061,2026-04-22 12:15:00+08:00
1776832200000,87.14,87.34,87.11,87.17,5096.585939,2026-04-22 12:30:00+08:00
1776833100000,87.16,87.17,86.99,87.08,5333.039348,2026-04-22 12:45:00+08:00
1776834000000,87.09,87.26,87.03,87.24,7128.212431,2026-04-22 13:00:00+08:00
1776834900000,87.24,88.2,87.2,88.04,51605.21226,2026-04-22 13:15:00+08:00
1776835800000,88.04,88.32,87.87,88.02,20733.288045,2026-04-22 13:30:00+08:00
1776836700000,88.02,88.34,87.99,88.02,18614.131228,2026-04-22 13:45:00+08:00
1776837600000,88.02,88.09,87.91,88.0,8686.886212,2026-04-22 14:00:00+08:00
1776838500000,88.0,88.12,87.94,88.12,7109.791901,2026-04-22 14:15:00+08:00
1776839400000,88.13,88.19,87.86,87.92,8728.077644,2026-04-22 14:30:00+08:00
1776840300000,87.92,88.0,87.8,87.96,9542.416958,2026-04-22 14:45:00+08:00
1776841200000,87.96,87.99,87.71,87.98,25940.951841,2026-04-22 15:00:00+08:00
1776842100000,87.98,88.0,87.8,87.88,8755.213924,2026-04-22 15:15:00+08:00
1776843000000,87.87,88.15,87.81,88.12,6954.786607,2026-04-22 15:30:00+08:00
1776843900000,88.12,88.27,87.94,88.07,12772.460494,2026-04-22 15:45:00+08:00
1776844800000,88.07,88.21,87.94,87.97,5019.317704,2026-04-22 16:00:00+08:00
1776845700000,87.97,88.01,87.72,87.72,7677.490524,2026-04-22 16:15:00+08:00
1776846600000,87.72,87.83,87.62,87.7,7581.503741,2026-04-22 16:30:00+08:00
1776847500000,87.71,88.29,87.71,88.0,14418.828704,2026-04-22 16:45:00+08:00
1776848400000,88.0,88.86,87.85,88.39,24204.8962,2026-04-22 17:00:00+08:00
1776849300000,88.4,88.58,88.37,88.53,4571.529497,2026-04-22 17:15:00+08:00
1776850200000,88.52,88.57,88.41,88.47,5338.426383,2026-04-22 17:30:00+08:00
1776851100000,88.46,88.46,88.22,88.31,5366.516873,2026-04-22 17:45:00+08:00
1776852000000,88.31,88.41,88.16,88.24,5059.880472,2026-04-22 18:00:00+08:00
1776852900000,88.24,88.28,88.13,88.22,2889.991644,2026-04-22 18:15:00+08:00
1776853800000,88.2,88.38,88.2,88.35,2983.8565,2026-04-22 18:30:00+08:00
1776854700000,88.36,88.38,88.26,88.34,2667.316215,2026-04-22 18:45:00+08:00
1776855600000,88.34,88.42,88.17,88.27,2431.620991,2026-04-22 19:00:00+08:00
1776856500000,88.27,88.49,88.22,88.27,6105.186343,2026-04-22 19:15:00+08:00
1776857400000,88.29,88.42,88.16,88.19,3020.848108,2026-04-22 19:30:00+08:00
1776858300000,88.2,88.34,88.2,88.31,2434.096845,2026-04-22 19:45:00+08:00
1776859200000,88.32,88.47,88.21,88.43,4808.034874,2026-04-22 20:00:00+08:00
1776860100000,88.4,88.48,88.3,88.33,5737.951318,2026-04-22 20:15:00+08:00
1776861000000,88.32,88.52,88.27,88.44,4090.575875,2026-04-22 20:30:00+08:00
1776861900000,88.45,88.67,88.45,88.57,8242.313991,2026-04-22 20:45:00+08:00
1776862800000,88.57,88.89,88.45,88.72,10471.451799,2026-04-22 21:00:00+08:00
1776863700000,88.72,88.83,88.66,88.73,5480.925037,2026-04-22 21:15:00+08:00
1776864600000,88.74,89.05,88.44,88.97,20398.186787,2026-04-22 21:30:00+08:00
1776865500000,88.98,89.17,88.83,89.09,22585.793647,2026-04-22 21:45:00+08:00
1776866400000,89.1,89.31,88.87,89.29,17549.134544,2026-04-22 22:00:00+08:00
1776867300000,89.28,89.31,88.88,89.05,11939.634015,2026-04-22 22:15:00+08:00
1776868200000,89.06,89.09,88.49,88.61,16487.600094,2026-04-22 22:30:00+08:00
1776869100000,88.62,88.87,88.57,88.74,11883.884081,2026-04-22 22:45:00+08:00
1776870000000,88.74,88.79,88.37,88.38,14851.353099,2026-04-22 23:00:00+08:00
1776870900000,88.38,88.49,88.04,88.14,13855.834216,2026-04-22 23:15:00+08:00
1776871800000,88.13,88.48,88.12,88.3,13648.070417,2026-04-22 23:30:00+08:00
1776872700000,88.31,88.48,88.18,88.2,5459.628574,2026-04-22 23:45:00+08:00
1776873600000,88.2,88.47,88.1,88.25,11583.876753,2026-04-23 00:00:00+08:00
1776874500000,88.27,88.28,87.81,87.9,15102.710215,2026-04-23 00:15:00+08:00
1776875400000,87.89,87.99,87.76,87.85,7259.261666,2026-04-23 00:30:00+08:00
1776876300000,87.84,87.86,87.54,87.66,13246.227572,2026-04-23 00:45:00+08:00
1776877200000,87.66,88.0,87.63,87.88,6099.57553,2026-04-23 01:00:00+08:00
1776878100000,87.89,88.02,87.74,87.88,5092.855931,2026-04-23 01:15:00+08:00
1776879000000,87.88,87.99,87.79,87.91,1224.970083,2026-04-23 01:30:00+08:00
1776879900000,87.89,88.04,87.72,87.85,3986.707116,2026-04-23 01:45:00+08:00
1776880800000,87.85,88.15,87.83,88.14,4323.775319,2026-04-23 02:00:00+08:00
1776881700000,88.14,88.21,88.09,88.17,2097.977875,2026-04-23 02:15:00+08:00
1776882600000,88.17,88.27,88.12,88.16,2418.643991,2026-04-23 02:30:00+08:00
1776883500000,88.16,88.41,87.79,87.81,11292.463544,2026-04-23 02:45:00+08:00
1776884400000,87.82,87.83,87.44,87.55,9163.856894,2026-04-23 03:00:00+08:00
1776885300000,87.56,87.84,87.5,87.69,6985.020004,2026-04-23 03:15:00+08:00
1776886200000,87.68,87.71,87.09,87.29,12284.980888,2026-04-23 03:30:00+08:00
1776887100000,87.3,87.47,87.24,87.38,14981.015809,2026-04-23 03:45:00+08:00
1776888000000,87.38,87.49,87.29,87.39,3955.995428,2026-04-23 04:00:00+08:00
1776888900000,87.39,87.4,87.09,87.29,5280.507768,2026-04-23 04:15:00+08:00
1776889800000,87.29,87.34,87.1,87.22,4394.871913,2026-04-23 04:30:00+08:00
1776890700000,87.21,87.21,87.09,87.13,2402.117984,2026-04-23 04:45:00+08:00
1776891600000,87.13,87.32,87.11,87.3,2859.21001,2026-04-23 05:00:00+08:00
1776892500000,87.3,87.45,87.28,87.43,2749.876222,2026-04-23 05:15:00+08:00
1776893400000,87.44,87.64,87.37,87.54,6134.505116,2026-04-23 05:30:00+08:00
1776894300000,87.53,87.63,87.5,87.59,3276.340647,2026-04-23 05:45:00+08:00
1776895200000,87.58,87.71,87.45,87.54,8291.939011,2026-04-23 06:00:00+08:00
1776896100000,87.54,87.57,87.27,87.31,5109.022385,2026-04-23 06:15:00+08:00
1776897000000,87.32,87.45,87.3,87.38,3731.13525,2026-04-23 06:30:00+08:00
1776897900000,87.37,87.42,87.3,87.41,2955.004874,2026-04-23 06:45:00+08:00
1776898800000,87.41,87.46,87.21,87.3,4645.270274,2026-04-23 07:00:00+08:00
1776899700000,87.3,87.33,86.84,87.02,10640.078036,2026-04-23 07:15:00+08:00
1776900600000,87.01,87.01,86.82,86.98,5829.655488,2026-04-23 07:30:00+08:00
1776901500000,86.96,87.01,86.81,86.87,4960.470444,2026-04-23 07:45:00+08:00
1776902400000,86.87,87.03,86.46,86.46,17406.616612,2026-04-23 08:00:00+08:00
1776903300000,86.46,87.06,85.94,86.94,27419.683987,2026-04-23 08:15:00+08:00
1776904200000,86.93,87.15,86.78,86.99,11966.756232,2026-04-23 08:30:00+08:00
1776905100000,86.98,87.04,86.69,86.84,10573.125684,2026-04-23 08:45:00+08:00
1776906000000,86.86,86.86,86.51,86.54,7119.277679,2026-04-23 09:00:00+08:00
1776906900000,86.53,86.54,86.15,86.19,12777.659114,2026-04-23 09:15:00+08:00
1776907800000,86.19,86.48,86.12,86.38,9790.417798,2026-04-23 09:30:00+08:00
1776908700000,86.37,86.5,86.24,86.43,4977.976386,2026-04-23 09:45:00+08:00
1776909600000,86.44,86.45,86.2,86.21,7091.659467,2026-04-23 10:00:00+08:00
1776910500000,86.2,86.33,85.97,86.07,14764.757122,2026-04-23 10:15:00+08:00
1776911400000,86.06,86.1,85.72,85.89,17482.344224,2026-04-23 10:30:00+08:00
1776912300000,85.89,86.1,85.83,85.94,7193.782932,2026-04-23 10:45:00+08:00
1776913200000,85.95,86.08,85.81,85.81,6152.998816,2026-04-23 11:00:00+08:00
1776914100000,85.8,85.88,85.72,85.8,3558.600899,2026-04-23 11:15:00+08:00
1776915000000,85.8,85.84,85.47,85.69,9888.443146,2026-04-23 11:30:00+08:00
1776915900000,85.69,85.79,85.55,85.79,4736.78296,2026-04-23 11:45:00+08:00
1776916800000,85.77,85.89,85.65,85.82,9201.455139,2026-04-23 12:00:00+08:00
1776917700000,85.82,85.91,85.74,85.8,6972.776566,2026-04-23 12:15:00+08:00
1776918600000,85.79,85.98,85.79,85.91,4904.373936,2026-04-23 12:30:00+08:00
1776919500000,85.91,85.99,85.88,85.96,3294.741964,2026-04-23 12:45:00+08:00
1776920400000,85.96,86.12,85.82,85.97,15118.923099,2026-04-23 13:00:00+08:00
1776921300000,85.96,86.06,85.88,85.95,4581.568502,2026-04-23 13:15:00+08:00
1776922200000,85.95,85.99,85.52,85.7,14265.30484,2026-04-23 13:30:00+08:00
1776923100000,85.7,85.93,85.69,85.88,4610.045414,2026-04-23 13:45:00+08:00
1776924000000,85.89,86.14,85.84,85.99,10388.791556,2026-04-23 14:00:00+08:00
1776924900000,86.0,86.17,85.99,86.14,6207.862494,2026-04-23 14:15:00+08:00
1776925800000,86.13,86.23,85.95,86.01,7013.497095,2026-04-23 14:30:00+08:00
1776926700000,86.01,86.2,86.0,86.18,6243.410393,2026-04-23 14:45:00+08:00
1776927600000,86.18,86.22,86.06,86.07,6428.453278,2026-04-23 15:00:00+08:00
1776928500000,86.08,86.11,86.0,86.07,6335.752145,2026-04-23 15:15:00+08:00
1776929400000,86.06,86.23,85.99,86.04,13305.030809,2026-04-23 15:30:00+08:00
1776930300000,86.05,86.09,85.84,85.89,7280.282241,2026-04-23 15:45:00+08:00
1776931200000,85.9,85.92,85.74,85.89,10209.77709,2026-04-23 16:00:00+08:00
1776932100000,85.89,85.93,85.63,85.81,10525.518764,2026-04-23 16:15:00+08:00
1776933000000,85.82,85.86,85.56,85.6,8118.432234,2026-04-23 16:30:00+08:00
1776933900000,85.6,85.83,85.58,85.7,7113.334167,2026-04-23 16:45:00+08:00
1776934800000,85.71,85.71,85.29,85.43,15547.378524,2026-04-23 17:00:00+08:00
1776935700000,85.43,85.64,85.43,85.58,3751.882802,2026-04-23 17:15:00+08:00
1776936600000,85.58,85.65,85.58,85.6,2207.298119,2026-04-23 17:30:00+08:00
1776937500000,85.61,85.63,85.39,85.54,3299.08158,2026-04-23 17:45:00+08:00
1776938400000,85.53,85.61,85.2,85.23,12147.281248,2026-04-23 18:00:00+08:00
1776939300000,85.23,85.41,85.23,85.38,6634.805488,2026-04-23 18:15:00+08:00
1776940200000,85.36,85.45,85.35,85.4,2990.925359,2026-04-23 18:30:00+08:00
1776941100000,85.4,85.49,85.32,85.42,3950.50777,2026-04-23 18:45:00+08:00
1776942000000,85.44,85.5,85.37,85.47,5927.956594,2026-04-23 19:00:00+08:00
1776942900000,85.47,85.69,85.45,85.6,5438.721389,2026-04-23 19:15:00+08:00
1776943800000,85.6,85.76,85.56,85.7,6248.476423,2026-04-23 19:30:00+08:00
1776944700000,85.7,85.9,85.69,85.82,6827.778389,2026-04-23 19:45:00+08:00
1776945600000,85.82,86.09,85.81,86.0,6442.643774,2026-04-23 20:00:00+08:00
1776946500000,86.0,86.06,85.91,86.01,3957.555568,2026-04-23 20:15:00+08:00
1776947400000,86.0,86.05,85.95,85.95,4257.787232,2026-04-23 20:30:00+08:00
1776948300000,85.96,86.03,85.67,85.96,10932.912449,2026-04-23 20:45:00+08:00
1776949200000,85.96,86.03,85.72,85.75,3288.247662,2026-04-23 21:00:00+08:00
1776950100000,85.75,85.84,85.64,85.72,4614.246361,2026-04-23 21:15:00+08:00
1776951000000,85.71,85.89,85.67,85.82,3740.69999,2026-04-23 21:30:00+08:00
1776951900000,85.81,85.99,85.57,85.77,18712.871494,2026-04-23 21:45:00+08:00
1776952800000,85.76,85.82,85.55,85.59,3654.825252,2026-04-23 22:00:00+08:00
1776953700000,85.6,86.09,85.57,85.85,8473.998911,2026-04-23 22:15:00+08:00
1776954600000,85.85,86.1,85.85,86.02,6988.898221,2026-04-23 22:30:00+08:00
1776955500000,86.05,86.18,86.02,86.06,8014.246585,2026-04-23 22:45:00+08:00
1776956400000,86.06,86.07,85.79,85.87,7018.965142,2026-04-23 23:00:00+08:00
1776957300000,85.87,86.5,85.82,86.1,18253.282245,2026-04-23 23:15:00+08:00
1776958200000,86.09,86.45,85.98,86.35,19824.820929,2026-04-23 23:30:00+08:00
1776959100000,86.34,86.64,86.13,86.34,23323.06513,2026-04-23 23:45:00+08:00
1776960000000,86.35,86.4,86.18,86.18,3813.429958,2026-04-24 00:00:00+08:00
1776960900000,86.18,86.28,86.08,86.09,6559.740355,2026-04-24 00:15:00+08:00
1776961800000,86.09,86.23,86.06,86.11,4868.204967,2026-04-24 00:30:00+08:00
1776962700000,86.12,86.15,85.78,85.81,5726.153412,2026-04-24 00:45:00+08:00
1776963600000,85.82,85.87,85.28,85.35,11425.470792,2026-04-24 01:00:00+08:00
1776964500000,85.36,85.36,84.88,85.02,22681.744894,2026-04-24 01:15:00+08:00
1776965400000,85.02,85.2,84.49,84.76,29679.555,2026-04-24 01:30:00+08:00
1776966300000,84.75,85.44,84.54,85.34,22617.298792,2026-04-24 01:45:00+08:00
1776967200000,85.33,85.63,85.27,85.41,9142.928525,2026-04-24 02:00:00+08:00
1776968100000,85.41,85.6,85.26,85.34,8603.157808,2026-04-24 02:15:00+08:00
1776969000000,85.35,85.66,85.35,85.53,7893.775111,2026-04-24 02:30:00+08:00
1776969900000,85.53,85.56,85.21,85.25,4922.141956,2026-04-24 02:45:00+08:00
1776970800000,85.25,85.36,85.14,85.33,4554.096095,2026-04-24 03:00:00+08:00
1776971700000,85.34,85.55,85.34,85.34,5496.00112,2026-04-24 03:15:00+08:00
1776972600000,85.34,85.39,85.19,85.29,5757.820253,2026-04-24 03:30:00+08:00
1776973500000,85.3,85.53,85.23,85.29,13323.119998,2026-04-24 03:45:00+08:00
1776974400000,85.3,85.63,85.29,85.5,3546.760674,2026-04-24 04:00:00+08:00
1776975300000,85.5,85.65,85.44,85.52,3151.578968,2026-04-24 04:15:00+08:00
1776976200000,85.53,85.84,85.48,85.78,4298.888443,2026-04-24 04:30:00+08:00
1776977100000,85.78,85.83,85.59,85.6,2245.10202,2026-04-24 04:45:00+08:00
1776978000000,85.6,85.68,85.51,85.63,4460.02567,2026-04-24 05:00:00+08:00
1776978900000,85.62,85.79,85.59,85.79,937.854895,2026-04-24 05:15:00+08:00
1776979800000,85.8,86.0,85.79,85.97,4064.093808,2026-04-24 05:30:00+08:00
1776980700000,85.96,86.0,85.79,85.8,3086.859092,2026-04-24 05:45:00+08:00
1776981600000,85.81,86.08,85.81,85.97,3730.658266,2026-04-24 06:00:00+08:00
1776982500000,85.98,86.25,85.96,86.17,9912.501247,2026-04-24 06:15:00+08:00
1776983400000,86.17,86.25,86.11,86.15,5610.152842,2026-04-24 06:30:00+08:00
1776984300000,86.17,86.2,85.93,85.97,5684.252102,2026-04-24 06:45:00+08:00
1776985200000,85.96,85.99,85.75,85.75,2989.71048,2026-04-24 07:00:00+08:00
1776986100000,85.75,86.1,85.63,85.96,10584.959152,2026-04-24 07:15:00+08:00
1776987000000,85.96,86.12,85.96,86.12,1431.443815,2026-04-24 07:30:00+08:00
1776987900000,86.12,86.19,86.09,86.13,2119.109067,2026-04-24 07:45:00+08:00
1776988800000,86.14,86.19,86.06,86.1,1681.962374,2026-04-24 08:00:00+08:00
1776989700000,86.1,86.35,86.05,86.2,8491.609215,2026-04-24 08:15:00+08:00
1776990600000,86.19,86.33,86.15,86.17,2041.190509,2026-04-24 08:30:00+08:00
1776991500000,86.17,86.29,86.12,86.19,2620.061677,2026-04-24 08:45:00+08:00
1776992400000,86.2,86.2,85.87,85.93,7567.463606,2026-04-24 09:00:00+08:00
1776993300000,85.94,85.98,85.85,85.95,3968.096651,2026-04-24 09:15:00+08:00
1776994200000,85.94,86.03,85.83,85.92,1240.183644,2026-04-24 09:30:00+08:00
1776995100000,85.92,86.32,85.92,86.28,3847.167922,2026-04-24 09:45:00+08:00
1776996000000,86.27,86.35,86.1,86.14,1554.185211,2026-04-24 10:00:00+08:00
1776996900000,86.14,86.2,86.01,86.03,950.755369,2026-04-24 10:15:00+08:00
1776997800000,86.03,86.12,86.02,86.1,1999.588874,2026-04-24 10:30:00+08:00
1776998700000,86.11,86.16,85.78,85.9,5329.691445,2026-04-24 10:45:00+08:00
1776999600000,85.89,85.94,85.85,85.9,1981.197199,2026-04-24 11:00:00+08:00
1777000500000,85.9,85.9,85.6,85.69,5019.640499,2026-04-24 11:15:00+08:00
1777001400000,85.69,85.69,85.41,85.5,4963.72437,2026-04-24 11:30:00+08:00
1777002300000,85.5,85.71,85.49,85.69,6451.649493,2026-04-24 11:45:00+08:00
1777003200000,85.7,85.7,85.57,85.61,3025.725881,2026-04-24 12:00:00+08:00
1777004100000,85.61,85.71,85.41,85.45,3334.534917,2026-04-24 12:15:00+08:00
1777005000000,85.45,85.52,85.18,85.33,13515.256148,2026-04-24 12:30:00+08:00
1777005900000,85.33,85.45,85.29,85.32,5127.583201,2026-04-24 12:45:00+08:00
1777006800000,85.31,85.4,85.15,85.33,8594.8276,2026-04-24 13:00:00+08:00
1777007700000,85.34,85.42,85.16,85.35,8222.822713,2026-04-24 13:15:00+08:00
1777008600000,85.36,85.51,85.22,85.47,6584.50969,2026-04-24 13:30:00+08:00
1777009500000,85.47,85.85,85.47,85.69,22202.568224,2026-04-24 13:45:00+08:00
1777010400000,85.72,85.74,85.59,85.69,1896.838885,2026-04-24 14:00:00+08:00
1777011300000,85.69,85.71,85.5,85.65,8512.143165,2026-04-24 14:15:00+08:00
1777012200000,85.65,85.67,85.32,85.45,7350.024277,2026-04-24 14:30:00+08:00
1777013100000,85.45,85.56,85.4,85.43,3678.109614,2026-04-24 14:45:00+08:00
1777014000000,85.43,85.61,85.42,85.5,2888.763367,2026-04-24 15:00:00+08:00
1777014900000,85.49,85.52,85.39,85.44,3208.035816,2026-04-24 15:15:00+08:00
1777015800000,85.44,85.47,85.34,85.4,4152.220284,2026-04-24 15:30:00+08:00
1777016700000,85.41,85.54,85.4,85.49,2988.165185,2026-04-24 15:45:00+08:00
1777017600000,85.5,85.51,85.3,85.35,2811.720499,2026-04-24 16:00:00+08:00
1777018500000,85.36,85.73,85.36,85.53,7905.984815,2026-04-24 16:15:00+08:00
1777019400000,85.52,85.52,85.33,85.41,5190.384478,2026-04-24 16:30:00+08:00
1777020300000,85.41,85.52,85.35,85.36,5216.719022,2026-04-24 16:45:00+08:00
1777021200000,85.36,85.38,84.95,85.12,12921.80012,2026-04-24 17:00:00+08:00
1777022100000,85.13,85.22,85.05,85.17,2572.104963,2026-04-24 17:15:00+08:00
1777023000000,85.16,85.34,85.16,85.33,2829.53352,2026-04-24 17:30:00+08:00
1777023900000,85.33,85.47,85.18,85.46,6030.489006,2026-04-24 17:45:00+08:00
1777024800000,85.47,85.47,85.2,85.33,6902.84532,2026-04-24 18:00:00+08:00
1777025700000,85.34,85.62,85.32,85.51,2446.743757,2026-04-24 18:15:00+08:00
1777026600000,85.52,85.62,85.49,85.54,2991.951506,2026-04-24 18:30:00+08:00
1777027500000,85.54,85.76,85.5,85.7,6314.516037,2026-04-24 18:45:00+08:00
1777028400000,85.72,86.15,85.71,86.07,17943.563611,2026-04-24 19:00:00+08:00
1777029300000,86.07,86.24,85.92,86.23,8108.013,2026-04-24 19:15:00+08:00
1777030200000,86.23,86.26,86.14,86.17,4978.676739,2026-04-24 19:30:00+08:00
1777031100000,86.17,86.24,85.99,86.18,8482.072714,2026-04-24 19:45:00+08:00
1777032000000,86.18,86.74,86.15,86.71,22871.425146,2026-04-24 20:00:00+08:00
1777032900000,86.72,86.79,86.36,86.47,12678.845405,2026-04-24 20:15:00+08:00
1777033800000,86.47,86.47,86.24,86.26,8513.559959,2026-04-24 20:30:00+08:00
1777034700000,86.27,86.39,86.06,86.34,7891.306653,2026-04-24 20:45:00+08:00
1777035600000,86.34,86.62,86.32,86.46,4129.359962,2026-04-24 21:00:00+08:00
1777036500000,86.47,86.5,86.26,86.28,6126.79801,2026-04-24 21:15:00+08:00
1777037400000,86.29,86.32,86.1,86.17,8898.488813,2026-04-24 21:30:00+08:00
1777038300000,86.17,86.21,85.86,86.09,6897.398789,2026-04-24 21:45:00+08:00
1777039200000,86.08,86.15,85.83,85.9,6571.599578,2026-04-24 22:00:00+08:00
1777040100000,85.91,86.08,85.68,85.79,5887.263757,2026-04-24 22:15:00+08:00
1777041000000,85.8,86.22,85.77,86.18,7963.89559,2026-04-24 22:30:00+08:00
1777041900000,86.19,86.2,85.89,86.05,3498.979754,2026-04-24 22:45:00+08:00
1777042800000,86.04,86.06,85.55,85.79,6222.838406,2026-04-24 23:00:00+08:00
1777043700000,85.8,86.09,85.74,86.06,4514.466447,2026-04-24 23:15:00+08:00
1777044600000,86.06,86.46,86.04,86.38,10456.638803,2026-04-24 23:30:00+08:00
1777045500000,86.39,86.56,86.25,86.52,6392.173225,2026-04-24 23:45:00+08:00
1777046400000,86.52,86.58,86.28,86.28,9235.895104,2026-04-25 00:00:00+08:00
1777047300000,86.28,86.28,86.1,86.24,4089.1581,2026-04-25 00:15:00+08:00
1777048200000,86.24,86.47,86.12,86.3,1990.152095,2026-04-25 00:30:00+08:00
1777049100000,86.3,86.34,86.19,86.34,1952.629708,2026-04-25 00:45:00+08:00
1777050000000,86.33,86.54,86.29,86.51,4063.923354,2026-04-25 01:00:00+08:00
1777050900000,86.51,86.51,86.31,86.4,2689.201405,2026-04-25 01:15:00+08:00
1777051800000,86.4,86.4,86.12,86.38,3019.143454,2026-04-25 01:30:00+08:00
1777052700000,86.37,86.57,86.27,86.48,12708.127251,2026-04-25 01:45:00+08:00
1777053600000,86.49,86.54,86.21,86.21,1077.896999,2026-04-25 02:00:00+08:00
1777054500000,86.21,86.29,85.97,86.21,5734.367649,2026-04-25 02:15:00+08:00
1777055400000,86.2,86.47,86.19,86.38,2554.131397,2026-04-25 02:30:00+08:00
1777056300000,86.39,86.41,86.34,86.37,891.872477,2026-04-25 02:45:00+08:00
1777057200000,86.38,86.53,86.28,86.29,2430.393655,2026-04-25 03:00:00+08:00
1777058100000,86.3,86.38,86.28,86.31,920.74636,2026-04-25 03:15:00+08:00
1777059000000,86.32,86.41,86.26,86.33,1040.549985,2026-04-25 03:30:00+08:00
1777059900000,86.32,86.4,86.28,86.32,4208.864619,2026-04-25 03:45:00+08:00
1777060800000,86.32,86.55,86.26,86.48,5637.174708,2026-04-25 04:00:00+08:00
1777061700000,86.47,86.48,86.23,86.28,1794.377132,2026-04-25 04:15:00+08:00
1777062600000,86.29,86.92,86.29,86.7,15716.485093,2026-04-25 04:30:00+08:00
1777063500000,86.7,86.89,86.7,86.87,3258.312649,2026-04-25 04:45:00+08:00
1777064400000,86.87,86.94,86.59,86.59,4144.870939,2026-04-25 05:00:00+08:00
1777065300000,86.59,86.65,86.52,86.56,6155.636408,2026-04-25 05:15:00+08:00
1777066200000,86.56,86.58,86.37,86.44,6107.505406,2026-04-25 05:30:00+08:00
1777067100000,86.44,86.52,86.39,86.44,655.272126,2026-04-25 05:45:00+08:00
1777068000000,86.44,86.44,86.35,86.41,1777.514465,2026-04-25 06:00:00+08:00
1777068900000,86.41,86.43,86.35,86.36,3579.716876,2026-04-25 06:15:00+08:00
1777069800000,86.35,86.36,86.1,86.2,4241.661596,2026-04-25 06:30:00+08:00
1777070700000,86.21,86.31,86.08,86.18,4806.990158,2026-04-25 06:45:00+08:00
1777071600000,86.18,86.26,86.17,86.25,1157.485714,2026-04-25 07:00:00+08:00
1777072500000,86.24,86.24,86.1,86.2,4850.388857,2026-04-25 07:15:00+08:00
1777073400000,86.21,86.29,86.19,86.2,1069.542382,2026-04-25 07:30:00+08:00
1777074300000,86.21,86.22,86.17,86.18,1363.002614,2026-04-25 07:45:00+08:00
1777075200000,86.17,86.21,86.09,86.09,1816.513886,2026-04-25 08:00:00+08:00
1777076100000,86.1,86.14,86.03,86.03,997.250639,2026-04-25 08:15:00+08:00
1777077000000,86.03,86.22,86.03,86.14,2443.229929,2026-04-25 08:30:00+08:00
1777077900000,86.14,86.25,86.14,86.23,1975.349254,2026-04-25 08:45:00+08:00
1777078800000,86.24,86.29,86.15,86.26,819.366069,2026-04-25 09:00:00+08:00
1777079700000,86.26,86.33,86.13,86.17,2405.050384,2026-04-25 09:15:00+08:00
1777080600000,86.18,86.31,86.16,86.29,2609.580276,2026-04-25 09:30:00+08:00
1777081500000,86.29,86.35,86.27,86.27,888.092179,2026-04-25 09:45:00+08:00
1777082400000,86.28,86.39,86.2,86.31,1962.599987,2026-04-25 10:00:00+08:00
1777083300000,86.3,86.32,86.16,86.28,1204.014683,2026-04-25 10:15:00+08:00
1777084200000,86.29,86.32,86.24,86.27,499.055251,2026-04-25 10:30:00+08:00
1777085100000,86.26,86.3,86.24,86.27,675.041762,2026-04-25 10:45:00+08:00
1777086000000,86.29,86.39,86.27,86.29,5642.848948,2026-04-25 11:00:00+08:00
1777086900000,86.3,86.4,86.28,86.33,2320.843423,2026-04-25 11:15:00+08:00
1777087800000,86.34,86.43,86.32,86.42,1780.259899,2026-04-25 11:30:00+08:00
1777088700000,86.42,86.5,86.41,86.47,2677.00696,2026-04-25 11:45:00+08:00
1777089600000,86.47,86.51,86.4,86.45,1844.289986,2026-04-25 12:00:00+08:00
1777090500000,86.46,86.46,86.32,86.34,3737.461388,2026-04-25 12:15:00+08:00
1777091400000,86.35,86.36,86.29,86.31,906.810437,2026-04-25 12:30:00+08:00
1777092300000,86.31,86.37,86.3,86.34,1480.605142,2026-04-25 12:45:00+08:00
1777093200000,86.33,86.33,86.16,86.19,783.706676,2026-04-25 13:00:00+08:00
1777094100000,86.19,86.19,86.15,86.15,720.76231,2026-04-25 13:15:00+08:00
1777095000000,86.14,86.27,86.14,86.22,1663.46943,2026-04-25 13:30:00+08:00
1777095900000,86.22,86.25,86.2,86.21,498.643996,2026-04-25 13:45:00+08:00
1777096800000,86.22,86.36,86.22,86.36,1642.174081,2026-04-25 14:00:00+08:00
1777097700000,86.36,86.37,86.23,86.26,1784.357886,2026-04-25 14:15:00+08:00
1777098600000,86.27,86.47,86.27,86.42,2369.035462,2026-04-25 14:30:00+08:00
1777099500000,86.42,86.66,86.42,86.44,15925.866975,2026-04-25 14:45:00+08:00
1777100400000,86.44,86.44,86.26,86.32,4377.655129,2026-04-25 15:00:00+08:00
1777101300000,86.33,86.38,86.26,86.31,6188.411627,2026-04-25 15:15:00+08:00
1777102200000,86.3,86.51,86.28,86.39,14688.16594,2026-04-25 15:30:00+08:00
1777103100000,86.39,86.45,86.34,86.37,1751.454724,2026-04-25 15:45:00+08:00
1777104000000,86.36,86.48,86.3,86.44,1734.846734,2026-04-25 16:00:00+08:00
1777104900000,86.43,86.61,86.43,86.59,4995.941444,2026-04-25 16:15:00+08:00
1777105800000,86.6,86.81,86.54,86.62,12426.84261,2026-04-25 16:30:00+08:00
1777106700000,86.63,86.63,86.57,86.62,2443.038509,2026-04-25 16:45:00+08:00
1777107600000,86.62,86.67,86.56,86.65,792.302945,2026-04-25 17:00:00+08:00
1777108500000,86.65,86.67,86.58,86.58,2913.127732,2026-04-25 17:15:00+08:00
1777109400000,86.58,86.79,86.58,86.7,3310.90957,2026-04-25 17:30:00+08:00
1777110300000,86.71,86.75,86.58,86.58,2020.359777,2026-04-25 17:45:00+08:00
1777111200000,86.58,86.69,86.58,86.62,1829.33286,2026-04-25 18:00:00+08:00
1777112100000,86.62,86.72,86.61,86.64,1246.659915,2026-04-25 18:15:00+08:00
1777113000000,86.64,86.72,86.58,86.63,2148.042482,2026-04-25 18:30:00+08:00
1777113900000,86.62,86.66,86.59,86.63,1997.6923,2026-04-25 18:45:00+08:00
1777114800000,86.63,86.63,86.43,86.44,4535.356649,2026-04-25 19:00:00+08:00
1777115700000,86.45,86.52,86.36,86.4,3695.01684,2026-04-25 19:15:00+08:00
1777116600000,86.4,86.49,86.34,86.35,5899.777616,2026-04-25 19:30:00+08:00
1777117500000,86.35,86.39,86.25,86.36,2971.067586,2026-04-25 19:45:00+08:00
1777118400000,86.36,86.38,86.23,86.36,2356.887882,2026-04-25 20:00:00+08:00
1777119300000,86.36,86.43,86.32,86.32,2430.503802,2026-04-25 20:15:00+08:00
1777120200000,86.33,86.43,86.27,86.33,2964.62874,2026-04-25 20:30:00+08:00
1777121100000,86.32,86.43,86.32,86.38,913.897645,2026-04-25 20:45:00+08:00
1777122000000,86.37,86.52,86.37,86.52,1069.885495,2026-04-25 21:00:00+08:00
1777122900000,86.52,86.57,86.49,86.55,976.705818,2026-04-25 21:15:00+08:00
1777123800000,86.54,86.66,86.53,86.66,1798.145679,2026-04-25 21:30:00+08:00
1777124700000,86.66,86.67,86.59,86.59,3153.881767,2026-04-25 21:45:00+08:00
1777125600000,86.6,86.65,86.5,86.58,2179.891274,2026-04-25 22:00:00+08:00
1777126500000,86.58,86.64,86.5,86.62,1710.875218,2026-04-25 22:15:00+08:00
1777127400000,86.63,86.65,86.59,86.62,1278.779657,2026-04-25 22:30:00+08:00
1777128300000,86.62,86.66,86.45,86.45,2627.645807,2026-04-25 22:45:00+08:00
1777129200000,86.46,86.59,86.41,86.57,1299.15703,2026-04-25 23:00:00+08:00
1777130100000,86.57,86.63,86.54,86.61,1031.737933,2026-04-25 23:15:00+08:00
1777131000000,86.61,86.63,86.52,86.52,607.653612,2026-04-25 23:30:00+08:00
1777131900000,86.52,86.53,86.11,86.23,7568.345764,2026-04-25 23:45:00+08:00
1777132800000,86.22,86.33,86.15,86.27,3460.310512,2026-04-26 00:00:00+08:00
1777133700000,86.26,86.31,86.06,86.15,5846.70218,2026-04-26 00:15:00+08:00
1777134600000,86.14,86.17,85.62,85.89,12326.738875,2026-04-26 00:30:00+08:00
1777135500000,85.89,85.95,85.84,85.88,1914.057265,2026-04-26 00:45:00+08:00
1777136400000,85.89,85.89,85.72,85.78,3235.950286,2026-04-26 01:00:00+08:00
1777137300000,85.77,85.86,85.67,85.68,4834.162379,2026-04-26 01:15:00+08:00
1777138200000,85.67,85.72,85.59,85.67,6880.415446,2026-04-26 01:30:00+08:00
1777139100000,85.68,85.73,85.53,85.55,6063.021784,2026-04-26 01:45:00+08:00
1777140000000,85.55,85.77,85.54,85.72,12779.158362,2026-04-26 02:00:00+08:00
1777140900000,85.72,85.77,85.55,85.71,18502.175839,2026-04-26 02:15:00+08:00
1777141800000,85.71,85.83,85.7,85.72,3610.286802,2026-04-26 02:30:00+08:00
1777142700000,85.71,85.83,85.68,85.69,2801.681071,2026-04-26 02:45:00+08:00
1777143600000,85.69,85.72,85.62,85.65,3885.099915,2026-04-26 03:00:00+08:00
1777144500000,85.66,85.71,85.57,85.59,4707.150078,2026-04-26 03:15:00+08:00
1777145400000,85.6,85.65,85.58,85.6,787.755675,2026-04-26 03:30:00+08:00
1777146300000,85.59,85.71,85.59,85.67,1646.045808,2026-04-26 03:45:00+08:00
1777147200000,85.68,85.73,85.61,85.73,1209.940591,2026-04-26 04:00:00+08:00
1777148100000,85.72,85.84,85.71,85.79,1202.209569,2026-04-26 04:15:00+08:00
1777149000000,85.8,85.85,85.76,85.84,1346.935926,2026-04-26 04:30:00+08:00
1777149900000,85.84,85.92,85.8,85.9,2448.544443,2026-04-26 04:45:00+08:00
1777150800000,85.91,86.06,85.9,86.02,2831.853562,2026-04-26 05:00:00+08:00
1777151700000,86.03,86.1,85.93,85.96,3964.457631,2026-04-26 05:15:00+08:00
1777152600000,85.95,85.95,85.73,85.8,4048.868849,2026-04-26 05:30:00+08:00
1777153500000,85.81,85.94,85.77,85.9,1367.672406,2026-04-26 05:45:00+08:00
1777154400000,85.9,86.01,85.86,85.97,1113.268768,2026-04-26 06:00:00+08:00
1777155300000,85.97,86.05,85.96,86.03,801.426611,2026-04-26 06:15:00+08:00
1777156200000,86.04,86.16,86.04,86.13,1224.882238,2026-04-26 06:30:00+08:00
1777157100000,86.14,86.14,86.07,86.1,630.143095,2026-04-26 06:45:00+08:00
1777158000000,86.1,86.14,86.03,86.1,973.561394,2026-04-26 07:00:00+08:00
1777158900000,86.09,86.09,86.02,86.07,2670.012306,2026-04-26 07:15:00+08:00
1777159800000,86.07,86.17,86.06,86.13,1056.39898,2026-04-26 07:30:00+08:00
1777160700000,86.13,86.17,86.11,86.16,677.259829,2026-04-26 07:45:00+08:00
1777161600000,86.17,86.2,86.05,86.12,2289.311329,2026-04-26 08:00:00+08:00
1777162500000,86.11,86.13,86.03,86.05,1604.218984,2026-04-26 08:15:00+08:00
1777163400000,86.05,86.12,86.01,86.11,665.879568,2026-04-26 08:30:00+08:00
1777164300000,86.12,86.14,85.94,86.03,2649.900904,2026-04-26 08:45:00+08:00
1777165200000,86.03,86.07,86.01,86.03,2211.517731,2026-04-26 09:00:00+08:00
1777166100000,86.03,86.07,85.98,85.99,1011.645855,2026-04-26 09:15:00+08:00
1777167000000,85.98,86.07,85.98,86.07,1211.628675,2026-04-26 09:30:00+08:00
1777167900000,86.06,86.12,85.97,85.98,891.920907,2026-04-26 09:45:00+08:00
1777168800000,85.98,86.17,85.97,86.17,1250.721961,2026-04-26 10:00:00+08:00
1777169700000,86.17,86.28,86.17,86.26,3350.832743,2026-04-26 10:15:00+08:00
1777170600000,86.27,86.31,86.21,86.25,1572.546841,2026-04-26 10:30:00+08:00
1777171500000,86.25,86.38,86.18,86.38,6895.841813,2026-04-26 10:45:00+08:00
1777172400000,86.38,86.45,86.19,86.28,12165.955259,2026-04-26 11:00:00+08:00
1777173300000,86.28,86.32,86.03,86.04,3271.930772,2026-04-26 11:15:00+08:00
1777174200000,86.03,86.11,85.84,85.89,13247.945086,2026-04-26 11:30:00+08:00
1777175100000,85.88,86.01,85.86,85.99,917.379825,2026-04-26 11:45:00+08:00
1777176000000,85.99,86.16,85.93,86.08,1264.161383,2026-04-26 12:00:00+08:00
1777176900000,86.09,86.14,86.09,86.13,1652.581315,2026-04-26 12:15:00+08:00
1777177800000,86.14,86.38,86.11,86.33,6663.056594,2026-04-26 12:30:00+08:00
1777178700000,86.33,86.72,86.33,86.44,22201.236734,2026-04-26 12:45:00+08:00
1777179600000,86.44,86.61,86.14,86.54,19919.665993,2026-04-26 13:00:00+08:00
1777180500000,86.55,86.71,86.51,86.56,5700.825651,2026-04-26 13:15:00+08:00
1777181400000,86.58,86.66,86.44,86.46,3377.97217,2026-04-26 13:30:00+08:00
1777182300000,86.47,86.48,86.39,86.45,547.341427,2026-04-26 13:45:00+08:00
1777183200000,86.46,86.59,86.46,86.53,2100.492554,2026-04-26 14:00:00+08:00
1777184100000,86.52,86.54,86.4,86.4,1016.381904,2026-04-26 14:15:00+08:00
1777185000000,86.4,86.59,86.39,86.53,828.084843,2026-04-26 14:30:00+08:00
1777185900000,86.53,86.54,86.41,86.5,1277.177677,2026-04-26 14:45:00+08:00
1777186800000,86.5,86.51,86.46,86.51,1700.109631,2026-04-26 15:00:00+08:00
1777187700000,86.51,86.57,86.49,86.51,2263.155389,2026-04-26 15:15:00+08:00
1777188600000,86.51,86.52,86.45,86.46,960.167301,2026-04-26 15:30:00+08:00
1777189500000,86.45,86.64,86.45,86.64,2752.514277,2026-04-26 15:45:00+08:00
1777190400000,86.64,86.7,86.55,86.59,2783.641947,2026-04-26 16:00:00+08:00
1777191300000,86.58,86.6,86.52,86.58,809.338876,2026-04-26 16:15:00+08:00
1777192200000,86.58,86.77,86.54,86.6,6773.486103,2026-04-26 16:30:00+08:00
1777193100000,86.59,86.63,86.55,86.58,4165.951547,2026-04-26 16:45:00+08:00
1777194000000,86.58,86.59,86.5,86.53,1594.197627,2026-04-26 17:00:00+08:00
1777194900000,86.53,86.58,86.5,86.53,1956.78082,2026-04-26 17:15:00+08:00
1777195800000,86.54,86.56,86.46,86.5,1359.274516,2026-04-26 17:30:00+08:00
1777196700000,86.5,86.55,86.48,86.53,599.449214,2026-04-26 17:45:00+08:00
1777197600000,86.54,86.6,86.49,86.59,918.499343,2026-04-26 18:00:00+08:00
1777198500000,86.59,86.61,86.56,86.56,1371.149001,2026-04-26 18:15:00+08:00
1777199400000,86.56,86.58,86.49,86.49,626.613555,2026-04-26 18:30:00+08:00
1777200300000,86.49,86.51,86.43,86.48,1044.781519,2026-04-26 18:45:00+08:00
1777201200000,86.48,86.58,86.48,86.53,4382.15541,2026-04-26 19:00:00+08:00
1777202100000,86.53,86.64,86.47,86.57,3793.110008,2026-04-26 19:15:00+08:00
1777203000000,86.57,86.6,86.49,86.5,1481.848664,2026-04-26 19:30:00+08:00
1777203900000,86.5,86.54,86.46,86.48,1062.825355,2026-04-26 19:45:00+08:00
1777204800000,86.49,86.5,86.25,86.27,3256.362352,2026-04-26 20:00:00+08:00
1777205700000,86.27,86.29,86.19,86.23,6025.273781,2026-04-26 20:15:00+08:00
1777206600000,86.24,86.31,86.16,86.16,3849.586992,2026-04-26 20:30:00+08:00
1777207500000,86.15,86.18,85.9,86.09,14496.525779,2026-04-26 20:45:00+08:00
1777208400000,86.1,86.16,86.01,86.13,3192.117695,2026-04-26 21:00:00+08:00
1777209300000,86.14,86.15,85.98,86.07,6960.889197,2026-04-26 21:15:00+08:00
1777210200000,86.07,86.3,86.06,86.08,22925.171171,2026-04-26 21:30:00+08:00
1777211100000,86.09,86.2,85.98,86.13,11181.248375,2026-04-26 21:45:00+08:00
1777212000000,86.12,86.16,86.07,86.15,1051.516902,2026-04-26 22:00:00+08:00
1777212900000,86.15,86.49,86.13,86.39,6349.831966,2026-04-26 22:15:00+08:00
1777213800000,86.39,86.5,86.32,86.4,3881.804734,2026-04-26 22:30:00+08:00
1777214700000,86.4,86.49,86.35,86.4,2567.052768,2026-04-26 22:45:00+08:00
1777215600000,86.41,86.49,86.36,86.43,1340.080556,2026-04-26 23:00:00+08:00
1777216500000,86.43,86.58,86.42,86.57,4848.289724,2026-04-26 23:15:00+08:00
1777217400000,86.58,86.58,86.48,86.49,2103.284478,2026-04-26 23:30:00+08:00
1777218300000,86.49,86.56,86.42,86.55,2002.620252,2026-04-26 23:45:00+08:00
1777219200000,86.56,86.58,86.47,86.48,2790.390483,2026-04-27 00:00:00+08:00
1777220100000,86.47,86.54,86.46,86.51,2058.463508,2026-04-27 00:15:00+08:00
1777221000000,86.5,86.59,86.45,86.45,3449.887421,2026-04-27 00:30:00+08:00
1777221900000,86.45,86.51,86.39,86.43,2192.329854,2026-04-27 00:45:00+08:00
1777222800000,86.43,86.48,86.28,86.47,2012.983385,2026-04-27 01:00:00+08:00
1777223700000,86.47,86.58,86.46,86.53,2627.817507,2026-04-27 01:15:00+08:00
1777224600000,86.52,86.52,86.4,86.48,1201.23915,2026-04-27 01:30:00+08:00
1777225500000,86.48,86.58,86.45,86.54,958.760513,2026-04-27 01:45:00+08:00
1777226400000,86.53,86.72,86.43,86.68,5781.842572,2026-04-27 02:00:00+08:00
1777227300000,86.7,86.99,86.68,86.73,15531.761449,2026-04-27 02:15:00+08:00
1777228200000,86.72,86.79,86.67,86.75,705.899332,2026-04-27 02:30:00+08:00
1777229100000,86.74,86.88,86.71,86.82,1258.42482,2026-04-27 02:45:00+08:00
1777230000000,86.82,86.95,86.78,86.91,2381.904514,2026-04-27 03:00:00+08:00
1777230900000,86.92,87.26,86.69,86.79,16335.26371,2026-04-27 03:15:00+08:00
1777231800000,86.79,86.85,86.71,86.83,2170.03752,2026-04-27 03:30:00+08:00
1777232700000,86.82,86.97,86.8,86.88,1606.624921,2026-04-27 03:45:00+08:00
1777233600000,86.88,86.93,86.74,86.74,2020.770171,2026-04-27 04:00:00+08:00
1777234500000,86.74,86.85,86.73,86.78,2430.127668,2026-04-27 04:15:00+08:00
1777235400000,86.78,86.86,86.6,86.77,8787.596033,2026-04-27 04:30:00+08:00
1777236300000,86.78,86.84,86.7,86.7,1223.503088,2026-04-27 04:45:00+08:00
1777237200000,86.71,87.03,86.69,87.01,5724.254909,2026-04-27 05:00:00+08:00
1777238100000,87.0,87.14,86.8,86.81,11683.602204,2026-04-27 05:15:00+08:00
1777239000000,86.8,86.81,86.4,86.46,10389.305517,2026-04-27 05:30:00+08:00
1777239900000,86.44,86.98,86.18,86.84,11377.133287,2026-04-27 05:45:00+08:00
1777240800000,86.82,87.08,86.75,86.99,6338.700139,2026-04-27 06:00:00+08:00
1777241700000,87.0,87.33,86.86,86.9,10714.393057,2026-04-27 06:15:00+08:00
1777242600000,86.89,86.89,86.33,86.59,9327.100045,2026-04-27 06:30:00+08:00
1777243500000,86.59,86.85,86.59,86.72,3881.800955,2026-04-27 06:45:00+08:00
1777244400000,86.72,86.75,86.6,86.71,2448.862899,2026-04-27 07:00:00+08:00
1777245300000,86.71,86.89,86.63,86.64,2126.88173,2026-04-27 07:15:00+08:00
1777246200000,86.64,87.01,86.53,86.99,3561.239544,2026-04-27 07:30:00+08:00
1777247100000,87.0,87.17,86.91,86.93,5067.026199,2026-04-27 07:45:00+08:00
1777248000000,86.93,87.19,86.81,86.83,7024.803848,2026-04-27 08:00:00+08:00
1777248900000,86.83,86.88,86.62,86.7,5012.912797,2026-04-27 08:15:00+08:00
1777249800000,86.7,87.0,86.56,86.94,6788.87522,2026-04-27 08:30:00+08:00
1777250700000,86.94,87.4,86.83,87.34,23694.767259,2026-04-27 08:45:00+08:00
1777251600000,87.35,87.88,87.35,87.45,21108.855969,2026-04-27 09:00:00+08:00
1777252500000,87.44,87.63,87.26,87.44,12991.749386,2026-04-27 09:15:00+08:00
1777253400000,87.44,87.68,87.37,87.6,4578.043332,2026-04-27 09:30:00+08:00
1777254300000,87.61,87.88,87.61,87.82,7806.916314,2026-04-27 09:45:00+08:00
1777255200000,87.82,87.9,87.43,87.47,10598.064228,2026-04-27 10:00:00+08:00
1777256100000,87.46,87.61,87.37,87.56,6267.567963,2026-04-27 10:15:00+08:00
1777257000000,87.57,87.81,87.53,87.61,2916.278213,2026-04-27 10:30:00+08:00
1777257900000,87.61,88.1,87.6,87.82,14306.718598,2026-04-27 10:45:00+08:00
1777258800000,87.81,88.07,87.75,87.99,3146.975182,2026-04-27 11:00:00+08:00
1777259700000,87.98,88.05,87.84,88.0,3428.881884,2026-04-27 11:15:00+08:00
1777260600000,88.0,88.07,87.82,88.02,4640.570354,2026-04-27 11:30:00+08:00
1777261500000,88.01,88.02,87.68,87.73,2297.62957,2026-04-27 11:45:00+08:00
1777262400000,87.73,87.79,87.63,87.67,3191.200823,2026-04-27 12:00:00+08:00
1777263300000,87.67,87.81,87.58,87.8,3552.730798,2026-04-27 12:15:00+08:00
1777264200000,87.81,87.85,87.64,87.66,2269.041021,2026-04-27 12:30:00+08:00
1777265100000,87.66,87.69,87.41,87.53,3213.824408,2026-04-27 12:45:00+08:00
1777266000000,87.54,87.55,86.8,86.8,15978.251387,2026-04-27 13:00:00+08:00
1777266900000,86.81,86.82,86.0,86.16,35802.137101,2026-04-27 13:15:00+08:00
1777267800000,86.15,86.16,85.82,86.01,16769.495667,2026-04-27 13:30:00+08:00
1777268700000,85.99,86.02,85.8,85.96,14839.580947,2026-04-27 13:45:00+08:00
1777269600000,85.95,85.97,85.67,85.83,10906.174267,2026-04-27 14:00:00+08:00
1777270500000,85.83,86.04,85.8,85.9,7917.74743,2026-04-27 14:15:00+08:00
1777271400000,85.91,85.91,85.42,85.69,12820.754577,2026-04-27 14:30:00+08:00
1777272300000,85.69,85.82,85.6,85.73,2986.334455,2026-04-27 14:45:00+08:00
1777273200000,85.73,85.79,85.56,85.61,5950.610648,2026-04-27 15:00:00+08:00
1777274100000,85.6,85.66,85.47,85.56,12140.80594,2026-04-27 15:15:00+08:00
1777275000000,85.56,85.56,85.36,85.47,10305.7205,2026-04-27 15:30:00+08:00
1777275900000,85.46,85.55,85.25,85.26,9904.36386,2026-04-27 15:45:00+08:00
1777276800000,85.26,85.38,85.17,85.34,7268.295927,2026-04-27 16:00:00+08:00
1777277700000,85.36,85.43,85.1,85.1,10921.546848,2026-04-27 16:15:00+08:00
1777278600000,85.09,85.29,85.04,85.24,5476.504702,2026-04-27 16:30:00+08:00
1777279500000,85.23,85.55,85.23,85.5,8721.143967,2026-04-27 16:45:00+08:00
1777280400000,85.52,85.61,85.5,85.61,6729.534924,2026-04-27 17:00:00+08:00
1777281300000,85.61,85.62,85.17,85.33,19817.072648,2026-04-27 17:15:00+08:00
1777282200000,85.33,85.5,85.3,85.45,6702.374441,2026-04-27 17:30:00+08:00
1777283100000,85.45,85.63,85.42,85.47,10309.703523,2026-04-27 17:45:00+08:00
1777284000000,85.47,85.52,85.33,85.48,4564.988249,2026-04-27 18:00:00+08:00
1777284900000,85.48,85.57,85.16,85.22,18968.416008,2026-04-27 18:15:00+08:00
1777285800000,85.22,85.42,85.15,85.2,12230.363228,2026-04-27 18:30:00+08:00
1777286700000,85.2,85.29,85.17,85.18,3829.193312,2026-04-27 18:45:00+08:00
1777287600000,85.18,85.19,85.06,85.13,5592.133292,2026-04-27 19:00:00+08:00
1777288500000,85.13,85.27,85.11,85.22,2734.371792,2026-04-27 19:15:00+08:00
1777289400000,85.22,85.27,85.15,85.24,3094.005511,2026-04-27 19:30:00+08:00
1777290300000,85.23,85.27,85.22,85.26,1275.741468,2026-04-27 19:45:00+08:00
1777291200000,85.26,85.26,85.11,85.15,3480.922238,2026-04-27 20:00:00+08:00
1777292100000,85.15,85.21,85.05,85.08,12113.131447,2026-04-27 20:15:00+08:00
1777293000000,85.08,85.15,84.92,85.07,13881.099339,2026-04-27 20:30:00+08:00
1777293900000,85.07,85.21,85.02,85.1,4286.596157,2026-04-27 20:45:00+08:00
1777294800000,85.1,85.18,85.05,85.14,4119.168475,2026-04-27 21:00:00+08:00
1777295700000,85.12,85.27,85.11,85.22,3668.777541,2026-04-27 21:15:00+08:00
1777296600000,85.21,85.38,85.12,85.24,4102.935506,2026-04-27 21:30:00+08:00
1777297500000,85.23,85.26,84.72,85.14,19838.982001,2026-04-27 21:45:00+08:00
1777298400000,85.13,85.27,84.99,85.17,7499.645055,2026-04-27 22:00:00+08:00
1777299300000,85.17,85.37,85.12,85.29,6024.123252,2026-04-27 22:15:00+08:00
1777300200000,85.28,85.83,85.19,85.56,17111.106512,2026-04-27 22:30:00+08:00
1777301100000,85.56,85.63,85.17,85.22,7420.127923,2026-04-27 22:45:00+08:00
1777302000000,85.22,85.26,84.5,84.75,21443.453958,2026-04-27 23:00:00+08:00
1777302900000,84.74,84.74,83.63,84.18,50315.476324,2026-04-27 23:15:00+08:00
1777303800000,84.18,84.33,84.13,84.21,11375.279174,2026-04-27 23:30:00+08:00
1777304700000,84.2,84.22,83.93,84.17,7470.724275,2026-04-27 23:45:00+08:00
1777305600000,84.17,84.25,84.04,84.25,6762.044154,2026-04-28 00:00:00+08:00
1777306500000,84.24,84.39,84.22,84.22,4495.257255,2026-04-28 00:15:00+08:00
1777307400000,84.23,84.31,84.13,84.27,4445.823534,2026-04-28 00:30:00+08:00
1777308300000,84.25,84.36,84.18,84.28,3217.576571,2026-04-28 00:45:00+08:00
1777309200000,84.29,84.44,84.29,84.35,5467.922847,2026-04-28 01:00:00+08:00
1777310100000,84.35,84.67,84.27,84.53,7796.722101,2026-04-28 01:15:00+08:00
1777311000000,84.53,84.7,84.4,84.54,8873.948779,2026-04-28 01:30:00+08:00
1777311900000,84.54,84.59,84.47,84.47,4849.249842,2026-04-28 01:45:00+08:00
1777312800000,84.46,84.6,84.41,84.6,1441.084896,2026-04-28 02:00:00+08:00
1777313700000,84.6,84.68,84.44,84.47,3371.532139,2026-04-28 02:15:00+08:00
1777314600000,84.46,84.61,84.43,84.61,964.732668,2026-04-28 02:30:00+08:00
1777315500000,84.58,84.66,84.55,84.58,1214.58126,2026-04-28 02:45:00+08:00
1777316400000,84.57,84.65,84.4,84.48,3843.273434,2026-04-28 03:00:00+08:00
1777317300000,84.48,84.5,84.04,84.06,8376.127516,2026-04-28 03:15:00+08:00
1777318200000,84.06,84.21,83.84,84.21,6752.825441,2026-04-28 03:30:00+08:00
1777319100000,84.21,84.26,84.04,84.19,6164.408067,2026-04-28 03:45:00+08:00
1777320000000,84.19,84.33,84.16,84.18,3762.301369,2026-04-28 04:00:00+08:00
1777320900000,84.19,84.29,84.19,84.28,1614.686161,2026-04-28 04:15:00+08:00
1777321800000,84.28,84.35,84.22,84.3,2336.970301,2026-04-28 04:30:00+08:00
1777322700000,84.29,84.35,84.2,84.29,3481.071841,2026-04-28 04:45:00+08:00
1777323600000,84.28,84.28,84.12,84.24,6242.526983,2026-04-28 05:00:00+08:00
1777324500000,84.23,84.36,84.21,84.34,1537.493802,2026-04-28 05:15:00+08:00
1777325400000,84.33,84.5,84.33,84.47,3693.887173,2026-04-28 05:30:00+08:00
1777326300000,84.47,84.47,84.26,84.27,2662.926755,2026-04-28 05:45:00+08:00
1777327200000,84.27,84.41,84.2,84.37,3382.971336,2026-04-28 06:00:00+08:00
1777328100000,84.38,84.51,84.35,84.51,2071.135465,2026-04-28 06:15:00+08:00
1777329000000,84.51,84.64,84.45,84.49,3056.99912,2026-04-28 06:30:00+08:00
1777329900000,84.49,84.6,84.49,84.54,1715.026292,2026-04-28 06:45:00+08:00
1777330800000,84.53,84.57,84.47,84.48,1844.661794,2026-04-28 07:00:00+08:00
1777331700000,84.49,84.72,84.49,84.66,4220.907585,2026-04-28 07:15:00+08:00
1777332600000,84.65,84.79,84.65,84.77,4446.59106,2026-04-28 07:30:00+08:00
1777333500000,84.75,84.91,84.66,84.82,5474.681103,2026-04-28 07:45:00+08:00
1777334400000,84.83,84.83,84.69,84.74,2365.577645,2026-04-28 08:00:00+08:00
1777335300000,84.74,84.81,84.43,84.63,10474.57958,2026-04-28 08:15:00+08:00
1777336200000,84.64,84.88,84.59,84.84,2844.029488,2026-04-28 08:30:00+08:00
1777337100000,84.83,84.94,84.76,84.83,2678.630744,2026-04-28 08:45:00+08:00
1777338000000,84.83,84.88,84.76,84.82,2719.855607,2026-04-28 09:00:00+08:00
1777338900000,84.82,84.82,84.58,84.62,5045.639946,2026-04-28 09:15:00+08:00
1777339800000,84.62,84.62,84.43,84.46,3438.766074,2026-04-28 09:30:00+08:00
1777340700000,84.47,84.52,84.4,84.41,1856.707858,2026-04-28 09:45:00+08:00
1777341600000,84.41,84.5,84.35,84.47,2326.240986,2026-04-28 10:00:00+08:00
1777342500000,84.47,84.65,84.36,84.37,8152.702964,2026-04-28 10:15:00+08:00
1777343400000,84.36,84.38,83.94,83.95,9490.708154,2026-04-28 10:30:00+08:00
1777344300000,83.95,84.2,83.92,84.18,4463.160337,2026-04-28 10:45:00+08:00
1777345200000,84.18,84.18,84.03,84.13,2508.248498,2026-04-28 11:00:00+08:00
1777346100000,84.12,84.16,84.02,84.07,2065.978611,2026-04-28 11:15:00+08:00
1777347000000,84.07,84.13,84.03,84.05,2834.120543,2026-04-28 11:30:00+08:00
1777347900000,84.04,84.2,84.04,84.18,3121.1261,2026-04-28 11:45:00+08:00
1777348800000,84.19,84.24,84.12,84.24,3329.19369,2026-04-28 12:00:00+08:00
1777349700000,84.25,84.42,83.83,83.91,26622.133629,2026-04-28 12:15:00+08:00
1777350600000,83.91,84.06,83.87,84.01,4481.433203,2026-04-28 12:30:00+08:00
1777351500000,84.0,84.15,84.0,84.07,1766.198785,2026-04-28 12:45:00+08:00
1777352400000,84.07,84.27,84.07,84.2,8198.206173,2026-04-28 13:00:00+08:00
1777353300000,84.2,84.44,84.14,84.39,3661.709086,2026-04-28 13:15:00+08:00
1777354200000,84.38,84.45,84.18,84.23,10350.533596,2026-04-28 13:30:00+08:00
1777355100000,84.24,84.38,84.04,84.21,19104.228951,2026-04-28 13:45:00+08:00
1777356000000,84.21,84.32,84.18,84.28,2634.193932,2026-04-28 14:00:00+08:00
1777356900000,84.28,84.28,84.04,84.22,3405.294093,2026-04-28 14:15:00+08:00
1777357800000,84.22,84.27,83.69,83.73,9172.887729,2026-04-28 14:30:00+08:00
1777358700000,83.73,84.12,83.7,83.95,5937.408903,2026-04-28 14:45:00+08:00
1777359600000,83.96,83.99,83.82,83.84,2330.807917,2026-04-28 15:00:00+08:00
1777360500000,83.85,83.86,83.65,83.82,7362.838744,2026-04-28 15:15:00+08:00
1777361400000,83.84,84.04,83.82,83.99,2937.325124,2026-04-28 15:30:00+08:00
1777362300000,84.0,84.07,83.97,84.03,3448.962424,2026-04-28 15:45:00+08:00
1777363200000,84.03,84.04,83.9,83.96,2434.334745,2026-04-28 16:00:00+08:00
1777364100000,83.96,84.16,83.95,84.16,3994.415421,2026-04-28 16:15:00+08:00
1777365000000,84.17,84.2,83.83,83.84,3900.694556,2026-04-28 16:30:00+08:00
1777365900000,83.85,83.96,83.77,83.95,3608.537909,2026-04-28 16:45:00+08:00
1777366800000,83.95,83.96,83.83,83.92,1462.632139,2026-04-28 17:00:00+08:00
1777367700000,83.92,83.98,83.82,83.92,1747.45616,2026-04-28 17:15:00+08:00
1777368600000,83.91,83.91,83.72,83.75,2650.319529,2026-04-28 17:30:00+08:00
1777369500000,83.75,83.76,83.42,83.64,9825.278578,2026-04-28 17:45:00+08:00
1777370400000,83.65,83.8,83.63,83.69,2755.704028,2026-04-28 18:00:00+08:00
1777371300000,83.68,83.78,83.64,83.72,1472.307079,2026-04-28 18:15:00+08:00
1777372200000,83.72,83.81,83.72,83.79,1309.558227,2026-04-28 18:30:00+08:00
1777373100000,83.79,83.82,83.76,83.8,1467.132441,2026-04-28 18:45:00+08:00
1777374000000,83.8,83.85,83.62,83.65,2207.154839,2026-04-28 19:00:00+08:00
1777374900000,83.63,83.7,83.52,83.65,3819.879815,2026-04-28 19:15:00+08:00
1777375800000,83.65,83.65,83.46,83.57,6103.039965,2026-04-28 19:30:00+08:00
1777376700000,83.57,83.58,83.29,83.42,9071.945237,2026-04-28 19:45:00+08:00
1777377600000,83.43,83.53,83.34,83.45,3235.9749,2026-04-28 20:00:00+08:00
1777378500000,83.46,83.61,83.3,83.35,10244.888495,2026-04-28 20:15:00+08:00
1777379400000,83.34,83.65,83.26,83.65,5372.703992,2026-04-28 20:30:00+08:00
1777380300000,83.65,83.74,83.62,83.69,3500.153038,2026-04-28 20:45:00+08:00
1777381200000,83.69,83.7,83.17,83.35,9733.742216,2026-04-28 21:00:00+08:00
1777382100000,83.35,83.57,83.25,83.48,5053.449247,2026-04-28 21:15:00+08:00
1777383000000,83.47,83.8,83.33,83.76,5912.342301,2026-04-28 21:30:00+08:00
1777383900000,83.75,84.0,83.44,83.54,7185.887657,2026-04-28 21:45:00+08:00
1777384800000,83.54,83.54,83.29,83.39,4446.246582,2026-04-28 22:00:00+08:00
1777385700000,83.4,83.46,83.01,83.16,9280.312988,2026-04-28 22:15:00+08:00
1777386600000,83.16,83.31,82.99,83.21,10662.253205,2026-04-28 22:30:00+08:00
1777387500000,83.2,83.42,83.06,83.42,20807.696851,2026-04-28 22:45:00+08:00
1777388400000,83.41,83.49,83.25,83.38,4820.351613,2026-04-28 23:00:00+08:00
1777389300000,83.38,83.5,83.33,83.4,4418.824155,2026-04-28 23:15:00+08:00
1777390200000,83.38,83.47,83.22,83.29,4935.21783,2026-04-28 23:30:00+08:00
1777391100000,83.29,83.51,83.27,83.48,4409.953006,2026-04-28 23:45:00+08:00
1777392000000,83.48,83.64,83.42,83.56,8856.09772,2026-04-29 00:00:00+08:00
1777392900000,83.54,83.75,83.45,83.55,9297.825436,2026-04-29 00:15:00+08:00
1777393800000,83.54,83.58,83.33,83.36,2562.405474,2026-04-29 00:30:00+08:00
1777394700000,83.37,83.71,83.36,83.59,7561.374006,2026-04-29 00:45:00+08:00
1777395600000,83.6,83.67,83.48,83.52,3705.009485,2026-04-29 01:00:00+08:00
1777396500000,83.52,83.56,83.38,83.53,1605.293963,2026-04-29 01:15:00+08:00
1777397400000,83.53,83.82,83.53,83.73,5045.810628,2026-04-29 01:30:00+08:00
1777398300000,83.73,83.75,83.59,83.62,2107.196355,2026-04-29 01:45:00+08:00
1777399200000,83.63,83.76,83.6,83.68,1792.588036,2026-04-29 02:00:00+08:00
1777400100000,83.68,83.83,83.68,83.81,4832.195395,2026-04-29 02:15:00+08:00
1777401000000,83.82,83.84,83.63,83.64,2207.243006,2026-04-29 02:30:00+08:00
1777401900000,83.63,83.82,83.61,83.82,2044.830533,2026-04-29 02:45:00+08:00
1777402800000,83.81,83.84,83.72,83.75,850.298272,2026-04-29 03:00:00+08:00
1777403700000,83.74,83.8,83.71,83.8,836.074481,2026-04-29 03:15:00+08:00
1777404600000,83.81,83.96,83.79,83.96,3495.884891,2026-04-29 03:30:00+08:00
1777405500000,83.96,84.05,83.89,83.9,5351.009271,2026-04-29 03:45:00+08:00
1777406400000,83.9,84.0,83.84,83.91,3312.838762,2026-04-29 04:00:00+08:00
1777407300000,83.91,83.93,83.83,83.85,971.425452,2026-04-29 04:15:00+08:00
1777408200000,83.84,83.93,83.77,83.81,4346.168004,2026-04-29 04:30:00+08:00
1777409100000,83.82,83.86,83.79,83.79,576.132551,2026-04-29 04:45:00+08:00
1777410000000,83.78,83.96,83.73,83.8,3253.539009,2026-04-29 05:00:00+08:00
1777410900000,83.81,83.82,83.71,83.72,2538.735234,2026-04-29 05:15:00+08:00
1777411800000,83.72,83.81,83.7,83.74,1886.341889,2026-04-29 05:30:00+08:00
1777412700000,83.74,83.87,83.63,83.72,8488.094969,2026-04-29 05:45:00+08:00
1777413600000,83.74,83.96,83.7,83.72,7008.744557,2026-04-29 06:00:00+08:00
1777414500000,83.71,83.79,83.65,83.68,3260.969219,2026-04-29 06:15:00+08:00
1777415400000,83.69,83.85,83.57,83.71,13578.124404,2026-04-29 06:30:00+08:00
1777416300000,83.7,83.72,83.67,83.72,616.237127,2026-04-29 06:45:00+08:00
1777417200000,83.72,83.83,83.63,83.81,5031.673148,2026-04-29 07:00:00+08:00
1777418100000,83.81,83.86,83.77,83.81,1023.104471,2026-04-29 07:15:00+08:00
1777419000000,83.81,83.99,83.8,83.91,5612.199126,2026-04-29 07:30:00+08:00
1777419900000,83.92,84.16,83.92,84.07,30174.440523,2026-04-29 07:45:00+08:00
1777420800000,84.07,84.2,83.96,84.04,8577.316048,2026-04-29 08:00:00+08:00
1777421700000,84.04,84.04,83.87,83.88,4172.973301,2026-04-29 08:15:00+08:00
1777422600000,83.88,83.95,83.84,83.92,3135.493193,2026-04-29 08:30:00+08:00
1777423500000,83.92,84.16,83.81,84.06,13931.05551,2026-04-29 08:45:00+08:00
1777424400000,84.06,84.11,83.82,83.9,1764.525474,2026-04-29 09:00:00+08:00
1777425300000,83.91,83.97,83.84,83.85,2218.553098,2026-04-29 09:15:00+08:00
1777426200000,83.85,83.99,83.8,83.99,3564.497988,2026-04-29 09:30:00+08:00
1777427100000,83.98,84.2,83.94,84.08,4078.477391,2026-04-29 09:45:00+08:00
1777428000000,84.1,84.23,84.08,84.12,3547.572421,2026-04-29 10:00:00+08:00
1777428900000,84.12,84.17,84.05,84.06,1578.369538,2026-04-29 10:15:00+08:00
1777429800000,84.05,84.07,83.94,83.95,3689.753905,2026-04-29 10:30:00+08:00
1777430700000,83.95,84.08,83.94,84.05,1479.38773,2026-04-29 10:45:00+08:00
1777431600000,84.05,84.26,84.05,84.23,3514.12477,2026-04-29 11:00:00+08:00
1777432500000,84.23,84.63,84.22,84.54,9064.197854,2026-04-29 11:15:00+08:00
1777433400000,84.54,84.73,84.39,84.65,11410.120782,2026-04-29 11:30:00+08:00
1777434300000,84.66,84.69,84.55,84.58,4922.836594,2026-04-29 11:45:00+08:00
1777435200000,84.59,84.63,84.43,84.57,5284.127918,2026-04-29 12:00:00+08:00
1777436100000,84.57,84.72,84.57,84.62,3613.422488,2026-04-29 12:15:00+08:00
1777437000000,84.62,85.06,84.6,84.88,12161.277368,2026-04-29 12:30:00+08:00
1777437900000,84.88,85.02,84.87,84.96,9451.205596,2026-04-29 12:45:00+08:00
1777438800000,84.97,85.02,84.7,84.83,14427.790492,2026-04-29 13:00:00+08:00
1777439700000,84.83,84.91,84.77,84.91,2330.527265,2026-04-29 13:15:00+08:00
1777440600000,84.91,84.91,84.8,84.85,5749.511733,2026-04-29 13:30:00+08:00
1777441500000,84.85,84.96,84.82,84.84,7258.164683,2026-04-29 13:45:00+08:00
1777442400000,84.85,85.0,84.8,84.82,9130.597382,2026-04-29 14:00:00+08:00
1777443300000,84.82,84.86,84.75,84.82,4981.766938,2026-04-29 14:15:00+08:00
1777444200000,84.82,84.84,84.69,84.74,2818.666486,2026-04-29 14:30:00+08:00
1777445100000,84.74,84.78,84.54,84.62,4134.432527,2026-04-29 14:45:00+08:00
1777446000000,84.63,84.71,84.6,84.69,3050.909295,2026-04-29 15:00:00+08:00
1777446900000,84.69,84.7,84.61,84.65,2034.965468,2026-04-29 15:15:00+08:00
1777447800000,84.66,84.86,84.66,84.81,3063.284552,2026-04-29 15:30:00+08:00
1777448700000,84.81,84.81,84.67,84.71,1975.871897,2026-04-29 15:45:00+08:00
1777449600000,84.71,84.76,84.53,84.6,3599.852504,2026-04-29 16:00:00+08:00
1777450500000,84.6,84.71,84.56,84.64,2328.482022,2026-04-29 16:15:00+08:00
1777451400000,84.63,84.63,84.36,84.48,4376.057472,2026-04-29 16:30:00+08:00
1777452300000,84.48,84.53,84.44,84.51,2644.980551,2026-04-29 16:45:00+08:00
1777453200000,84.52,84.63,84.48,84.62,3188.345103,2026-04-29 17:00:00+08:00
1777454100000,84.62,84.81,84.6,84.73,5176.839383,2026-04-29 17:15:00+08:00
1777455000000,84.73,84.91,84.7,84.85,5348.446822,2026-04-29 17:30:00+08:00
1777455900000,84.85,85.58,84.81,85.29,41269.515398,2026-04-29 17:45:00+08:00
1777456800000,85.31,85.47,85.27,85.44,9309.42211,2026-04-29 18:00:00+08:00
1777457700000,85.44,85.54,85.38,85.53,13383.354034,2026-04-29 18:15:00+08:00
1777458600000,85.53,85.54,85.14,85.16,8811.544613,2026-04-29 18:30:00+08:00
1777459500000,85.15,85.42,85.14,85.16,10793.656306,2026-04-29 18:45:00+08:00
1777460400000,85.15,85.18,84.95,85.04,6694.656225,2026-04-29 19:00:00+08:00
1777461300000,85.05,85.1,84.9,84.91,6027.241721,2026-04-29 19:15:00+08:00
1777462200000,84.91,85.04,84.9,84.92,1695.026807,2026-04-29 19:30:00+08:00
1777463100000,84.91,84.95,84.81,84.91,4191.210939,2026-04-29 19:45:00+08:00
1777464000000,84.92,84.92,84.34,84.34,11106.221767,2026-04-29 20:00:00+08:00
1777464900000,84.34,84.5,83.94,84.15,20256.063456,2026-04-29 20:15:00+08:00
1777465800000,84.15,84.3,83.95,84.16,14520.577007,2026-04-29 20:30:00+08:00
1777466700000,84.15,84.31,84.1,84.26,7224.418669,2026-04-29 20:45:00+08:00
1777467600000,84.25,84.29,84.14,84.25,7891.236815,2026-04-29 21:00:00+08:00
1777468500000,84.25,84.28,83.94,84.02,7143.703884,2026-04-29 21:15:00+08:00
1777469400000,84.0,84.11,83.7,83.81,14218.784325,2026-04-29 21:30:00+08:00
1777470300000,83.82,84.06,83.65,83.99,9824.653008,2026-04-29 21:45:00+08:00
1777471200000,84.0,84.01,83.67,83.81,9793.565435,2026-04-29 22:00:00+08:00
1777472100000,83.79,84.05,83.71,83.95,4640.655251,2026-04-29 22:15:00+08:00
1777473000000,83.96,84.05,83.78,83.92,8701.394516,2026-04-29 22:30:00+08:00
1777473900000,83.93,83.94,83.74,83.85,3991.408986,2026-04-29 22:45:00+08:00
1777474800000,83.85,83.92,83.1,83.25,18722.837632,2026-04-29 23:00:00+08:00
1777475700000,83.25,83.53,83.15,83.48,18358.338508,2026-04-29 23:15:00+08:00
1777476600000,83.49,83.61,83.12,83.15,14043.148027,2026-04-29 23:30:00+08:00
1777477500000,83.15,83.26,82.99,83.26,16267.27362,2026-04-29 23:45:00+08:00
1777478400000,83.25,83.63,83.18,83.48,11586.015409,2026-04-30 00:00:00+08:00
1777479300000,83.49,83.57,83.05,83.15,17268.053309,2026-04-30 00:15:00+08:00
1777480200000,83.15,83.24,83.03,83.19,8970.469648,2026-04-30 00:30:00+08:00
1777481100000,83.18,83.2,82.95,83.11,12000.736116,2026-04-30 00:45:00+08:00
1777482000000,83.12,83.29,83.04,83.12,5638.309799,2026-04-30 01:00:00+08:00
1777482900000,83.12,83.24,82.73,82.87,16186.583702,2026-04-30 01:15:00+08:00
1777483800000,82.89,83.07,82.85,83.07,2942.7145,2026-04-30 01:30:00+08:00
1777484700000,83.06,83.37,82.99,83.36,8148.248,2026-04-30 01:45:00+08:00
1777485600000,83.36,83.44,81.44,82.01,63919.204586,2026-04-30 02:00:00+08:00
1777486500000,82.01,82.15,81.54,81.75,24810.708037,2026-04-30 02:15:00+08:00
1777487400000,81.75,82.01,81.41,81.83,25376.791654,2026-04-30 02:30:00+08:00
1777488300000,81.83,82.3,81.8,82.29,9269.382257,2026-04-30 02:45:00+08:00
1777489200000,82.29,82.32,82.02,82.31,20152.045459,2026-04-30 03:00:00+08:00
1777490100000,82.31,82.4,82.19,82.27,8372.976008,2026-04-30 03:15:00+08:00
1777491000000,82.27,82.28,81.99,82.08,7436.822265,2026-04-30 03:30:00+08:00
1777491900000,82.08,82.3,82.05,82.2,6769.704025,2026-04-30 03:45:00+08:00
1777492800000,82.21,82.53,82.17,82.25,11649.863009,2026-04-30 04:00:00+08:00
1777493700000,82.26,82.54,82.23,82.53,2140.24202,2026-04-30 04:15:00+08:00
1777494600000,82.52,82.72,82.46,82.6,6514.078613,2026-04-30 04:30:00+08:00
1777495500000,82.6,82.8,82.58,82.63,3379.541494,2026-04-30 04:45:00+08:00
1777496400000,82.63,82.96,82.53,82.83,8335.152713,2026-04-30 05:00:00+08:00
1777497300000,82.83,82.95,82.78,82.91,4904.550598,2026-04-30 05:15:00+08:00
1777498200000,82.91,83.08,82.86,83.04,4492.671772,2026-04-30 05:30:00+08:00
1777499100000,83.03,83.22,82.9,82.91,3199.987118,2026-04-30 05:45:00+08:00
1777500000000,82.9,82.95,82.8,82.95,2900.602332,2026-04-30 06:00:00+08:00
1777500900000,82.96,83.04,82.86,82.88,2218.40635,2026-04-30 06:15:00+08:00
1777501800000,82.88,83.06,82.88,83.04,1299.346376,2026-04-30 06:30:00+08:00
1777502700000,83.03,83.15,83.01,83.06,14423.879572,2026-04-30 06:45:00+08:00
1777503600000,83.06,83.09,82.97,83.09,1244.79266,2026-04-30 07:00:00+08:00
1777504500000,83.08,83.09,82.83,83.03,3989.090238,2026-04-30 07:15:00+08:00
1777505400000,83.03,83.08,82.95,83.02,2086.707788,2026-04-30 07:30:00+08:00
1777506300000,83.03,83.11,82.94,83.05,3262.522577,2026-04-30 07:45:00+08:00
1777507200000,83.06,83.31,83.06,83.23,9815.753152,2026-04-30 08:00:00+08:00
1777508100000,83.22,83.34,83.11,83.28,6469.907269,2026-04-30 08:15:00+08:00
1777509000000,83.28,83.9,83.28,83.61,25776.406715,2026-04-30 08:30:00+08:00
1777509900000,83.62,84.02,83.61,83.8,7143.343308,2026-04-30 08:45:00+08:00
1777510800000,83.81,83.94,83.67,83.92,6554.255982,2026-04-30 09:00:00+08:00
1777511700000,83.93,83.98,83.76,83.87,5119.169285,2026-04-30 09:15:00+08:00
1777512600000,83.87,84.01,83.7,83.82,4321.000868,2026-04-30 09:30:00+08:00
1777513500000,83.82,83.97,83.74,83.75,2753.686255,2026-04-30 09:45:00+08:00
1777514400000,83.76,83.97,83.76,83.88,2825.525363,2026-04-30 10:00:00+08:00
1777515300000,83.88,83.89,83.52,83.56,5469.87012,2026-04-30 10:15:00+08:00
1777516200000,83.56,83.56,82.7,82.88,16266.758742,2026-04-30 10:30:00+08:00
1777517100000,82.88,83.07,82.69,82.98,4054.472553,2026-04-30 10:45:00+08:00
1777518000000,82.98,83.06,82.93,82.98,1311.83589,2026-04-30 11:00:00+08:00
1777518900000,82.98,83.07,82.87,83.07,3447.887025,2026-04-30 11:15:00+08:00
1777519800000,83.06,83.23,82.95,83.17,3134.887148,2026-04-30 11:30:00+08:00
1777520700000,83.17,83.18,83.05,83.05,951.291699,2026-04-30 11:45:00+08:00
1777521600000,83.05,83.09,82.73,82.86,2999.63404,2026-04-30 12:00:00+08:00
1777522500000,82.87,82.89,82.67,82.75,2674.167553,2026-04-30 12:15:00+08:00
1777523400000,82.75,82.77,82.38,82.38,12147.041266,2026-04-30 12:30:00+08:00
1777524300000,82.38,82.5,82.38,82.4,3750.352476,2026-04-30 12:45:00+08:00
1777525200000,82.4,82.58,82.32,82.51,4986.730837,2026-04-30 13:00:00+08:00
1777526100000,82.51,82.58,82.17,82.31,4675.337028,2026-04-30 13:15:00+08:00
1777527000000,82.32,82.99,82.31,82.7,23187.866746,2026-04-30 13:30:00+08:00
1777527900000,82.7,82.75,82.56,82.58,2199.518695,2026-04-30 13:45:00+08:00
1777528800000,82.57,82.68,82.54,82.62,6299.428078,2026-04-30 14:00:00+08:00
1777529700000,82.62,82.78,82.62,82.77,7181.63356,2026-04-30 14:15:00+08:00
1777530600000,82.77,83.06,82.77,82.91,3120.490616,2026-04-30 14:30:00+08:00
1777531500000,82.91,82.99,82.83,82.94,1348.272343,2026-04-30 14:45:00+08:00
1777532400000,82.94,83.09,82.89,83.04,5521.395034,2026-04-30 15:00:00+08:00
1777533300000,83.05,83.09,83.02,83.06,7048.74001,2026-04-30 15:15:00+08:00
1777534200000,83.07,83.29,83.07,83.22,7439.505098,2026-04-30 15:30:00+08:00
1777535100000,83.22,83.4,83.19,83.35,4441.82591,2026-04-30 15:45:00+08:00
1777536000000,83.35,83.43,83.23,83.3,2595.465909,2026-04-30 16:00:00+08:00
1777536900000,83.3,83.37,83.2,83.25,4385.164507,2026-04-30 16:15:00+08:00
1777537800000,83.25,83.25,83.14,83.22,4443.615393,2026-04-30 16:30:00+08:00
1777538700000,83.23,83.26,83.12,83.12,2244.489157,2026-04-30 16:45:00+08:00
1777539600000,83.12,83.19,83.08,83.15,3814.001793,2026-04-30 17:00:00+08:00
1777540500000,83.15,83.32,83.07,83.31,3620.69737,2026-04-30 17:15:00+08:00
1777541400000,83.32,83.56,83.24,83.24,8142.291395,2026-04-30 17:30:00+08:00
1777542300000,83.25,83.31,83.15,83.15,1591.883936,2026-04-30 17:45:00+08:00
1777543200000,83.16,83.22,83.02,83.02,2533.816845,2026-04-30 18:00:00+08:00
1777544100000,83.02,83.05,82.91,82.94,4704.609278,2026-04-30 18:15:00+08:00
1777545000000,82.94,83.07,82.94,83.02,2814.041796,2026-04-30 18:30:00+08:00
1777545900000,83.02,83.07,82.95,83.0,2033.166064,2026-04-30 18:45:00+08:00
1777546800000,83.01,83.38,83.01,83.25,7740.202771,2026-04-30 19:00:00+08:00
1777547700000,83.25,83.34,83.18,83.27,3029.831193,2026-04-30 19:15:00+08:00
1777548600000,83.26,83.27,82.9,82.93,2977.458998,2026-04-30 19:30:00+08:00
1777549500000,82.93,83.03,82.8,83.01,4288.982729,2026-04-30 19:45:00+08:00
1777550400000,83.01,83.14,83.0,83.13,1912.135411,2026-04-30 20:00:00+08:00
1777551300000,83.14,83.47,83.13,83.31,6519.556812,2026-04-30 20:15:00+08:00
1777552200000,83.32,83.38,83.19,83.22,3007.950151,2026-04-30 20:30:00+08:00
1777553100000,83.21,83.3,83.17,83.21,1156.226141,2026-04-30 20:45:00+08:00
1777554000000,83.21,83.29,83.14,83.16,2087.989846,2026-04-30 21:00:00+08:00
1777554900000,83.16,83.23,83.04,83.07,1576.552709,2026-04-30 21:15:00+08:00
1777555800000,83.07,83.53,82.88,83.53,10459.864287,2026-04-30 21:30:00+08:00
1777556700000,83.53,83.56,83.18,83.2,7046.177434,2026-04-30 21:45:00+08:00
1777557600000,83.2,83.43,83.04,83.15,7247.777701,2026-04-30 22:00:00+08:00
1777558500000,83.16,83.16,82.7,83.01,12372.723891,2026-04-30 22:15:00+08:00
1777559400000,83.01,83.33,82.93,83.12,7305.060145,2026-04-30 22:30:00+08:00
1777560300000,83.12,83.38,83.08,83.24,8234.769261,2026-04-30 22:45:00+08:00
1777561200000,83.24,83.36,83.02,83.32,4939.31093,2026-04-30 23:00:00+08:00
1777562100000,83.34,83.52,83.21,83.52,11651.802696,2026-04-30 23:15:00+08:00
1777563000000,83.53,83.84,83.24,83.33,10948.922513,2026-04-30 23:30:00+08:00
1777563900000,83.33,83.49,83.18,83.36,3052.213691,2026-04-30 23:45:00+08:00
1777564800000,83.36,83.45,83.22,83.4,3107.161202,2026-05-01 00:00:00+08:00
1777565700000,83.37,83.38,83.11,83.22,2697.27618,2026-05-01 00:15:00+08:00
1777566600000,83.24,83.25,83.14,83.2,1715.817074,2026-05-01 00:30:00+08:00
1777567500000,83.21,83.25,82.94,83.03,5992.704937,2026-05-01 00:45:00+08:00
1777568400000,83.03,83.15,82.96,83.05,5692.983081,2026-05-01 01:00:00+08:00
1777569300000,83.04,83.04,82.88,82.94,2221.225139,2026-05-01 01:15:00+08:00
1777570200000,82.96,83.1,82.87,83.0,7944.553313,2026-05-01 01:30:00+08:00
1777571100000,82.99,83.11,82.99,83.04,1124.151742,2026-05-01 01:45:00+08:00
1777572000000,83.04,83.3,83.04,83.08,4364.212432,2026-05-01 02:00:00+08:00
1777572900000,83.07,83.27,83.03,83.05,1396.914393,2026-05-01 02:15:00+08:00
1777573800000,83.05,83.19,83.0,83.14,1863.927845,2026-05-01 02:30:00+08:00
1777574700000,83.15,83.24,83.07,83.07,900.164613,2026-05-01 02:45:00+08:00
1777575600000,83.06,83.28,83.01,83.21,4815.212143,2026-05-01 03:00:00+08:00
1777576500000,83.2,83.21,83.08,83.17,1279.417876,2026-05-01 03:15:00+08:00
1777577400000,83.17,83.29,83.17,83.25,1720.066092,2026-05-01 03:30:00+08:00
1777578300000,83.25,83.25,83.04,83.04,5849.695346,2026-05-01 03:45:00+08:00
1777579200000,83.03,83.14,82.98,83.11,2558.754291,2026-05-01 04:00:00+08:00
1777580100000,83.11,83.2,83.03,83.13,1481.630131,2026-05-01 04:15:00+08:00
1777581000000,83.13,83.2,83.07,83.17,2224.273365,2026-05-01 04:30:00+08:00
1777581900000,83.17,83.19,83.09,83.1,1485.763655,2026-05-01 04:45:00+08:00
1777582800000,83.11,83.16,83.05,83.15,1619.944249,2026-05-01 05:00:00+08:00
1777583700000,83.15,83.15,82.98,82.99,1264.660227,2026-05-01 05:15:00+08:00
1777584600000,82.99,83.08,82.98,83.01,2381.1654,2026-05-01 05:30:00+08:00
1777585500000,83.02,83.02,82.86,82.89,1647.038085,2026-05-01 05:45:00+08:00
1777586400000,82.89,82.97,82.82,82.92,3071.345321,2026-05-01 06:00:00+08:00
1777587300000,82.91,83.03,82.9,83.02,1907.657829,2026-05-01 06:15:00+08:00
1777588200000,83.02,83.05,82.82,82.92,2054.099692,2026-05-01 06:30:00+08:00
1777589100000,82.92,82.95,82.8,82.87,3136.205648,2026-05-01 06:45:00+08:00
1777590000000,82.88,82.97,82.86,82.95,1442.428649,2026-05-01 07:00:00+08:00
1777590900000,82.97,83.01,82.96,83.01,715.237462,2026-05-01 07:15:00+08:00
1777591800000,83.02,83.1,83.01,83.03,1494.023291,2026-05-01 07:30:00+08:00
1777592700000,83.03,83.1,83.0,83.09,998.072693,2026-05-01 07:45:00+08:00
1777593600000,83.09,83.33,83.08,83.26,2397.000251,2026-05-01 08:00:00+08:00
1777594500000,83.27,83.36,83.23,83.28,1377.041029,2026-05-01 08:15:00+08:00
1777595400000,83.29,83.33,83.19,83.32,3397.447311,2026-05-01 08:30:00+08:00
1777596300000,83.32,83.42,83.15,83.21,4391.836302,2026-05-01 08:45:00+08:00
1777597200000,83.21,83.46,83.19,83.36,3476.417337,2026-05-01 09:00:00+08:00
1777598100000,83.39,83.45,83.34,83.36,1717.064983,2026-05-01 09:15:00+08:00
1777599000000,83.36,83.56,83.34,83.53,6259.279394,2026-05-01 09:30:00+08:00
1777599900000,83.54,83.68,83.51,83.62,5908.171705,2026-05-01 09:45:00+08:00
1777600800000,83.62,83.74,83.56,83.63,2452.489242,2026-05-01 10:00:00+08:00
1777601700000,83.64,83.7,83.52,83.54,2158.271208,2026-05-01 10:15:00+08:00
1777602600000,83.55,83.57,83.47,83.52,2157.996941,2026-05-01 10:30:00+08:00
1777603500000,83.52,83.86,83.51,83.63,15045.562687,2026-05-01 10:45:00+08:00
1777604400000,83.63,83.75,83.57,83.64,1917.305266,2026-05-01 11:00:00+08:00
1777605300000,83.65,84.39,83.65,84.14,21440.536392,2026-05-01 11:15:00+08:00
1777606200000,84.15,84.23,83.84,83.98,5079.094835,2026-05-01 11:30:00+08:00
1777607100000,83.98,84.03,83.86,83.9,3278.480608,2026-05-01 11:45:00+08:00
1777608000000,83.91,84.07,83.89,83.91,4335.740005,2026-05-01 12:00:00+08:00
1777608900000,83.92,84.03,83.7,83.75,3887.228875,2026-05-01 12:15:00+08:00
1777609800000,83.75,83.88,83.7,83.87,6392.933647,2026-05-01 12:30:00+08:00
1777610700000,83.86,83.92,83.81,83.82,1309.97699,2026-05-01 12:45:00+08:00
1777611600000,83.82,84.25,83.76,84.12,11440.392026,2026-05-01 13:00:00+08:00
1777612500000,84.12,84.12,83.97,83.98,1518.177449,2026-05-01 13:15:00+08:00
1777613400000,83.97,84.15,83.96,84.15,3583.543658,2026-05-01 13:30:00+08:00
1777614300000,84.14,84.21,84.04,84.06,2286.127946,2026-05-01 13:45:00+08:00
1777615200000,84.07,84.14,84.04,84.13,2447.896301,2026-05-01 14:00:00+08:00
1777616100000,84.14,84.2,84.08,84.09,1681.250781,2026-05-01 14:15:00+08:00
1777617000000,84.08,84.09,83.85,83.93,1963.546725,2026-05-01 14:30:00+08:00
1777617900000,83.93,83.96,83.71,83.86,5299.65416,2026-05-01 14:45:00+08:00
1777618800000,83.87,83.98,83.77,83.92,4912.253778,2026-05-01 15:00:00+08:00
1777619700000,83.93,84.0,83.7,83.7,13489.600788,2026-05-01 15:15:00+08:00
1777620600000,83.7,83.89,83.68,83.75,22495.967221,2026-05-01 15:30:00+08:00
1777621500000,83.76,83.97,83.76,83.97,7119.344016,2026-05-01 15:45:00+08:00
1777622400000,83.97,84.15,83.9,84.15,3049.873364,2026-05-01 16:00:00+08:00
1777623300000,84.16,84.3,84.14,84.16,5260.638542,2026-05-01 16:15:00+08:00
1777624200000,84.15,84.21,84.07,84.16,10201.643146,2026-05-01 16:30:00+08:00
1777625100000,84.17,84.2,84.13,84.19,2113.2067,2026-05-01 16:45:00+08:00
1777626000000,84.19,84.19,84.08,84.14,1125.235347,2026-05-01 17:00:00+08:00
1777626900000,84.14,84.14,83.99,84.05,5765.270321,2026-05-01 17:15:00+08:00
1777627800000,84.04,84.09,83.93,84.07,3583.827966,2026-05-01 17:30:00+08:00
1777628700000,84.07,84.07,83.93,83.97,1194.995888,2026-05-01 17:45:00+08:00
1777629600000,83.97,83.97,83.74,83.83,3466.324369,2026-05-01 18:00:00+08:00
1777630500000,83.83,84.09,83.82,83.98,4480.361683,2026-05-01 18:15:00+08:00
1777631400000,83.98,84.02,83.84,83.86,3163.027316,2026-05-01 18:30:00+08:00
1777632300000,83.86,83.97,83.86,83.95,3397.648435,2026-05-01 18:45:00+08:00
1777633200000,83.96,84.01,83.9,83.99,961.136553,2026-05-01 19:00:00+08:00
1777634100000,83.98,84.22,83.91,83.93,3107.455856,2026-05-01 19:15:00+08:00
1777635000000,83.92,83.99,83.88,83.95,772.019569,2026-05-01 19:30:00+08:00
1777635900000,83.96,84.03,83.89,84.03,874.572596,2026-05-01 19:45:00+08:00
1777636800000,84.03,84.24,83.93,84.11,4983.394156,2026-05-01 20:00:00+08:00
1777637700000,84.1,84.45,84.1,84.37,10634.255949,2026-05-01 20:15:00+08:00
1777638600000,84.37,84.59,84.33,84.33,8451.910604,2026-05-01 20:30:00+08:00
1777639500000,84.33,84.41,84.26,84.27,3117.259373,2026-05-01 20:45:00+08:00
1777640400000,84.28,84.62,84.28,84.54,14082.398167,2026-05-01 21:00:00+08:00
1777641300000,84.54,84.62,84.36,84.39,5181.682746,2026-05-01 21:15:00+08:00
1777642200000,84.39,84.61,84.25,84.33,8452.671485,2026-05-01 21:30:00+08:00
1777643100000,84.32,84.86,84.26,84.6,14888.764154,2026-05-01 21:45:00+08:00
1777644000000,84.61,84.74,84.43,84.47,8768.101239,2026-05-01 22:00:00+08:00
1777644900000,84.46,84.51,84.12,84.18,8055.762221,2026-05-01 22:15:00+08:00
1777645800000,84.18,84.24,83.87,84.19,9596.747053,2026-05-01 22:30:00+08:00
1777646700000,84.19,84.34,84.15,84.2,4768.384225,2026-05-01 22:45:00+08:00
1777647600000,84.21,84.29,84.01,84.29,5633.411963,2026-05-01 23:00:00+08:00
1777648500000,84.29,84.47,84.28,84.36,5761.932421,2026-05-01 23:15:00+08:00
1777649400000,84.37,84.62,84.37,84.51,6394.114625,2026-05-01 23:30:00+08:00
1777650300000,84.51,84.52,84.03,84.46,14643.769668,2026-05-01 23:45:00+08:00
1777651200000,84.46,84.63,84.26,84.26,6583.268269,2026-05-02 00:00:00+08:00
1777652100000,84.25,84.47,84.13,84.28,9326.806799,2026-05-02 00:15:00+08:00
1777653000000,84.29,84.31,84.13,84.22,3791.032241,2026-05-02 00:30:00+08:00
1777653900000,84.22,84.3,83.99,84.01,7458.201962,2026-05-02 00:45:00+08:00
1777654800000,84.01,84.23,83.92,84.22,3563.751404,2026-05-02 01:00:00+08:00
1777655700000,84.22,84.22,83.95,83.98,3412.91501,2026-05-02 01:15:00+08:00
1777656600000,84.0,84.21,83.92,84.1,6477.071745,2026-05-02 01:30:00+08:00
1777657500000,84.11,84.27,84.07,84.23,3295.378687,2026-05-02 01:45:00+08:00
1777658400000,84.23,84.26,84.14,84.21,3155.644382,2026-05-02 02:00:00+08:00
1777659300000,84.21,84.31,84.07,84.17,5179.062528,2026-05-02 02:15:00+08:00
1777660200000,84.17,84.19,84.03,84.03,4358.641961,2026-05-02 02:30:00+08:00
1777661100000,84.04,84.04,83.97,83.98,3696.874952,2026-05-02 02:45:00+08:00
1777662000000,83.98,84.06,83.95,84.03,2349.373803,2026-05-02 03:00:00+08:00
1777662900000,84.04,84.04,83.81,83.93,3249.700082,2026-05-02 03:15:00+08:00
1777663800000,83.94,83.94,83.82,83.82,3408.582903,2026-05-02 03:30:00+08:00
1777664700000,83.84,83.91,83.78,83.88,3148.495394,2026-05-02 03:45:00+08:00
1777665600000,83.89,83.93,83.73,83.85,4168.684164,2026-05-02 04:00:00+08:00
1777666500000,83.85,83.87,83.71,83.8,12109.605447,2026-05-02 04:15:00+08:00
1777667400000,83.81,83.85,83.54,83.63,4790.866467,2026-05-02 04:30:00+08:00
1777668300000,83.62,83.71,83.33,83.48,6512.527057,2026-05-02 04:45:00+08:00
1777669200000,83.48,83.58,83.43,83.54,4085.702068,2026-05-02 05:00:00+08:00
1777670100000,83.53,83.65,83.5,83.61,2178.22124,2026-05-02 05:15:00+08:00
1777671000000,83.61,83.81,83.6,83.69,5256.58109,2026-05-02 05:30:00+08:00
1777671900000,83.68,83.77,83.68,83.71,2373.034891,2026-05-02 05:45:00+08:00
1777672800000,83.72,83.83,83.68,83.71,3373.729281,2026-05-02 06:00:00+08:00
1777673700000,83.71,83.89,83.7,83.81,4396.676494,2026-05-02 06:15:00+08:00
1777674600000,83.81,83.81,83.7,83.74,2665.29321,2026-05-02 06:30:00+08:00
1777675500000,83.72,83.76,83.58,83.75,3964.949851,2026-05-02 06:45:00+08:00
1777676400000,83.75,83.83,83.68,83.78,6121.001731,2026-05-02 07:00:00+08:00
1777677300000,83.8,83.89,83.56,83.59,18694.807485,2026-05-02 07:15:00+08:00
1777678200000,83.59,83.71,83.58,83.68,1830.206489,2026-05-02 07:30:00+08:00
1777679100000,83.68,83.77,83.68,83.75,2699.58311,2026-05-02 07:45:00+08:00
1777680000000,83.76,83.77,83.64,83.66,2898.523673,2026-05-02 08:00:00+08:00
1777680900000,83.67,83.7,83.53,83.53,3870.76052,2026-05-02 08:15:00+08:00
1777681800000,83.54,83.75,83.43,83.74,17668.228892,2026-05-02 08:30:00+08:00
1777682700000,83.75,83.86,83.69,83.82,3173.272612,2026-05-02 08:45:00+08:00
1777683600000,83.83,83.92,83.76,83.9,3239.868287,2026-05-02 09:00:00+08:00
1777684500000,83.89,83.89,83.78,83.83,2441.28336,2026-05-02 09:15:00+08:00
1777685400000,83.83,83.96,83.82,83.95,3861.569218,2026-05-02 09:30:00+08:00
1777686300000,83.95,84.05,83.93,84.03,7301.016682,2026-05-02 09:45:00+08:00
1777687200000,84.04,84.2,83.86,83.97,23732.53414,2026-05-02 10:00:00+08:00
1777688100000,83.98,84.03,83.9,83.91,3641.647687,2026-05-02 10:15:00+08:00
1777689000000,83.91,84.02,83.89,83.92,2238.88493,2026-05-02 10:30:00+08:00
1777689900000,83.93,84.1,83.91,83.92,5468.954462,2026-05-02 10:45:00+08:00
1777690800000,83.93,83.94,83.71,83.77,5619.894172,2026-05-02 11:00:00+08:00
1777691700000,83.77,83.91,83.73,83.87,3330.572246,2026-05-02 11:15:00+08:00
1777692600000,83.87,83.96,83.79,83.81,3049.596029,2026-05-02 11:30:00+08:00
1777693500000,83.79,83.86,83.77,83.8,5207.489451,2026-05-02 11:45:00+08:00
1777694400000,83.81,83.82,83.63,83.66,3827.498809,2026-05-02 12:00:00+08:00
1777695300000,83.66,83.69,83.64,83.66,2052.330147,2026-05-02 12:15:00+08:00
1777696200000,83.66,83.74,83.62,83.64,2738.860187,2026-05-02 12:30:00+08:00
1777697100000,83.65,83.69,83.56,83.62,4316.231663,2026-05-02 12:45:00+08:00
1777698000000,83.63,83.67,83.54,83.56,6320.841374,2026-05-02 13:00:00+08:00
1777698900000,83.56,83.63,83.53,83.62,2161.239103,2026-05-02 13:15:00+08:00
1777699800000,83.63,83.71,83.62,83.69,2736.336635,2026-05-02 13:30:00+08:00
1777700700000,83.68,83.74,83.65,83.68,4950.756735,2026-05-02 13:45:00+08:00
1777701600000,83.69,83.77,83.65,83.65,2527.915156,2026-05-02 14:00:00+08:00
1777702500000,83.65,83.69,83.56,83.56,2434.084726,2026-05-02 14:15:00+08:00
1777703400000,83.57,83.65,83.56,83.64,2610.826452,2026-05-02 14:30:00+08:00
1777704300000,83.65,83.85,83.64,83.82,12608.504978,2026-05-02 14:45:00+08:00
1777705200000,83.82,83.85,83.76,83.77,2393.451089,2026-05-02 15:00:00+08:00
1777706100000,83.78,83.81,83.76,83.78,1913.788665,2026-05-02 15:15:00+08:00
1777707000000,83.78,83.78,83.7,83.74,2564.511079,2026-05-02 15:30:00+08:00
1777707900000,83.75,83.76,83.7,83.7,1842.622227,2026-05-02 15:45:00+08:00
1777708800000,83.71,83.72,83.62,83.7,2947.059096,2026-05-02 16:00:00+08:00
1777709700000,83.69,83.73,83.65,83.7,3280.669999,2026-05-02 16:15:00+08:00
1777710600000,83.71,83.83,83.71,83.8,1206.638602,2026-05-02 16:30:00+08:00
1777711500000,83.81,83.87,83.8,83.82,798.829586,2026-05-02 16:45:00+08:00
1777712400000,83.83,83.89,83.81,83.87,1113.229655,2026-05-02 17:00:00+08:00
1777713300000,83.88,83.96,83.86,83.9,2771.615371,2026-05-02 17:15:00+08:00
1777714200000,83.9,84.04,83.85,83.97,2478.580445,2026-05-02 17:30:00+08:00
1777715100000,83.97,84.15,83.96,83.99,7433.995488,2026-05-02 17:45:00+08:00
1777716000000,84.0,84.01,83.94,83.96,2621.934224,2026-05-02 18:00:00+08:00
1777716900000,83.95,83.98,83.88,83.91,2111.973562,2026-05-02 18:15:00+08:00
1777717800000,83.91,83.94,83.87,83.94,1622.499886,2026-05-02 18:30:00+08:00
1777718700000,83.93,83.96,83.9,83.94,1161.087606,2026-05-02 18:45:00+08:00
1777719600000,83.93,83.93,83.76,83.76,6347.238979,2026-05-02 19:00:00+08:00
1777720500000,83.77,83.8,83.74,83.75,4797.182522,2026-05-02 19:15:00+08:00
1777721400000,83.75,83.75,83.52,83.68,15633.752682,2026-05-02 19:30:00+08:00
1777722300000,83.68,83.71,83.61,83.7,2344.295251,2026-05-02 19:45:00+08:00
1777723200000,83.71,83.82,83.68,83.79,2722.060079,2026-05-02 20:00:00+08:00
1777724100000,83.79,84.07,83.79,84.06,8383.825729,2026-05-02 20:15:00+08:00
1777725000000,84.07,84.1,83.77,83.92,20870.3447,2026-05-02 20:30:00+08:00
1777725900000,83.92,84.0,83.8,83.86,15029.79962,2026-05-02 20:45:00+08:00
1777726800000,83.86,84.07,83.86,84.0,3080.810039,2026-05-02 21:00:00+08:00
1777727700000,83.99,84.01,83.94,83.95,1495.279825,2026-05-02 21:15:00+08:00
1777728600000,83.95,83.97,83.88,83.97,1515.316692,2026-05-02 21:30:00+08:00
1777729500000,83.97,83.99,83.88,83.93,1412.007442,2026-05-02 21:45:00+08:00
1777730400000,83.94,84.0,83.9,83.95,1749.823876,2026-05-02 22:00:00+08:00
1777731300000,83.94,84.09,83.92,84.0,4411.275727,2026-05-02 22:15:00+08:00
1777732200000,84.0,84.05,83.95,83.95,3245.56711,2026-05-02 22:30:00+08:00
1777733100000,83.95,84.06,83.95,83.98,1670.376469,2026-05-02 22:45:00+08:00
1777734000000,83.98,84.06,83.96,83.98,1318.396345,2026-05-02 23:00:00+08:00
1777734900000,83.99,84.01,83.93,84.01,2564.847209,2026-05-02 23:15:00+08:00
1777735800000,84.0,84.03,83.95,83.98,3537.167339,2026-05-02 23:30:00+08:00
1777736700000,83.98,84.07,83.97,84.05,3955.855711,2026-05-02 23:45:00+08:00
1777737600000,84.06,84.12,84.03,84.1,4648.280896,2026-05-03 00:00:00+08:00
1777738500000,84.1,84.22,84.08,84.08,6096.44509,2026-05-03 00:15:00+08:00
1777739400000,84.08,84.18,84.05,84.11,2770.338312,2026-05-03 00:30:00+08:00
1777740300000,84.11,84.27,84.09,84.2,5780.363147,2026-05-03 00:45:00+08:00
1777741200000,84.2,84.21,84.08,84.11,1523.508553,2026-05-03 01:00:00+08:00
1777742100000,84.11,84.12,84.04,84.06,1000.670299,2026-05-03 01:15:00+08:00
1777743000000,84.06,84.14,84.03,84.04,532.966919,2026-05-03 01:30:00+08:00
1777743900000,84.04,84.05,84.0,84.04,567.824648,2026-05-03 01:45:00+08:00
1777744800000,84.05,84.06,83.95,83.98,2189.511468,2026-05-03 02:00:00+08:00
1777745700000,83.98,84.14,83.97,84.13,1126.865669,2026-05-03 02:15:00+08:00
1777746600000,84.13,84.19,84.11,84.15,1049.387867,2026-05-03 02:30:00+08:00
1777747500000,84.15,84.21,84.15,84.17,628.212422,2026-05-03 02:45:00+08:00
1777748400000,84.18,84.31,84.17,84.28,1796.999096,2026-05-03 03:00:00+08:00
1777749300000,84.28,84.29,84.18,84.2,742.709206,2026-05-03 03:15:00+08:00
1777750200000,84.2,84.28,84.18,84.24,486.942379,2026-05-03 03:30:00+08:00
1777751100000,84.24,84.25,84.2,84.23,288.305192,2026-05-03 03:45:00+08:00
1777752000000,84.23,84.23,84.16,84.17,251.644811,2026-05-03 04:00:00+08:00
1777752900000,84.17,84.21,84.16,84.18,203.271271,2026-05-03 04:15:00+08:00
1777753800000,84.18,84.22,84.15,84.16,489.57561,2026-05-03 04:30:00+08:00
1777754700000,84.16,84.21,84.09,84.19,1019.969938,2026-05-03 04:45:00+08:00
1777755600000,84.19,84.21,84.15,84.15,3017.37523,2026-05-03 05:00:00+08:00
1777756500000,84.17,84.34,84.16,84.34,1617.317456,2026-05-03 05:15:00+08:00
1777757400000,84.34,84.98,84.34,84.65,26603.390262,2026-05-03 05:30:00+08:00
1777758300000,84.66,84.89,84.54,84.55,8990.439365,2026-05-03 05:45:00+08:00
1777759200000,84.56,84.64,84.42,84.44,3660.119797,2026-05-03 06:00:00+08:00
1777760100000,84.43,84.44,84.05,84.24,19131.123812,2026-05-03 06:15:00+08:00
1777761000000,84.24,84.38,84.19,84.23,1962.880211,2026-05-03 06:30:00+08:00
1777761900000,84.23,84.55,84.23,84.47,3418.734453,2026-05-03 06:45:00+08:00
1777762800000,84.47,84.47,84.3,84.38,1053.142684,2026-05-03 07:00:00+08:00
1777763700000,84.38,84.48,84.37,84.48,499.342489,2026-05-03 07:15:00+08:00
1777764600000,84.48,84.52,84.38,84.38,7025.490933,2026-05-03 07:30:00+08:00
1777765500000,84.39,84.49,84.23,84.28,14813.025155,2026-05-03 07:45:00+08:00
1777766400000,84.28,84.32,83.98,83.98,9925.301447,2026-05-03 08:00:00+08:00
1777767300000,83.98,84.14,83.83,84.13,20215.140113,2026-05-03 08:15:00+08:00
1777768200000,84.14,84.2,84.06,84.09,5160.933122,2026-05-03 08:30:00+08:00
1777769100000,84.09,84.11,83.95,84.09,1405.080996,2026-05-03 08:45:00+08:00
1777770000000,84.09,84.1,83.81,83.99,2539.942372,2026-05-03 09:00:00+08:00
1777770900000,83.98,84.02,83.8,83.87,4062.733821,2026-05-03 09:15:00+08:00
1777771800000,83.87,83.87,83.74,83.76,1780.456774,2026-05-03 09:30:00+08:00
1777772700000,83.77,83.83,83.74,83.76,1684.316804,2026-05-03 09:45:00+08:00
1777773600000,83.74,83.83,83.63,83.7,3926.716653,2026-05-03 10:00:00+08:00
1777774500000,83.71,83.72,83.61,83.62,2086.03124,2026-05-03 10:15:00+08:00
1777775400000,83.62,83.72,83.61,83.65,1925.175693,2026-05-03 10:30:00+08:00
1777776300000,83.64,83.72,83.63,83.69,1596.46468,2026-05-03 10:45:00+08:00
1777777200000,83.69,83.69,83.6,83.61,793.767912,2026-05-03 11:00:00+08:00
1777778100000,83.6,83.66,83.59,83.63,1307.12961,2026-05-03 11:15:00+08:00
1777779000000,83.63,83.74,83.62,83.63,3306.425356,2026-05-03 11:30:00+08:00
1777779900000,83.63,83.7,83.59,83.67,1278.083248,2026-05-03 11:45:00+08:00
1777780800000,83.67,83.69,83.58,83.63,1604.605483,2026-05-03 12:00:00+08:00
1777781700000,83.63,83.69,83.62,83.68,1165.321712,2026-05-03 12:15:00+08:00
1777782600000,83.69,83.75,83.68,83.7,1895.965922,2026-05-03 12:30:00+08:00
1777783500000,83.71,83.73,83.67,83.71,1690.228664,2026-05-03 12:45:00+08:00
1777784400000,83.71,83.84,83.7,83.81,1164.942461,2026-05-03 13:00:00+08:00
1777785300000,83.82,83.85,83.75,83.77,4556.346785,2026-05-03 13:15:00+08:00
1777786200000,83.77,83.8,83.68,83.68,4180.976763,2026-05-03 13:30:00+08:00
1777787100000,83.68,83.77,83.68,83.76,1079.476402,2026-05-03 13:45:00+08:00
1777788000000,83.75,83.75,83.66,83.67,1717.509361,2026-05-03 14:00:00+08:00
1777788900000,83.66,83.69,83.6,83.63,1408.652953,2026-05-03 14:15:00+08:00
1777789800000,83.62,83.69,83.62,83.68,912.300687,2026-05-03 14:30:00+08:00
1777790700000,83.69,83.88,83.68,83.75,2074.974735,2026-05-03 14:45:00+08:00
1777791600000,83.75,83.98,83.74,83.85,5278.36445,2026-05-03 15:00:00+08:00
1777792500000,83.85,83.99,83.84,83.92,1349.389823,2026-05-03 15:15:00+08:00
1777793400000,83.93,84.02,83.92,83.92,2176.179608,2026-05-03 15:30:00+08:00
1777794300000,83.93,83.98,83.85,83.88,1800.58094,2026-05-03 15:45:00+08:00
1777795200000,83.88,84.0,83.87,83.96,1089.52789,2026-05-03 16:00:00+08:00
1777796100000,83.97,84.02,83.85,83.87,5778.24848,2026-05-03 16:15:00+08:00
1777797000000,83.87,83.94,83.83,83.93,2581.370168,2026-05-03 16:30:00+08:00
1777797900000,83.93,83.97,83.89,83.9,1704.169135,2026-05-03 16:45:00+08:00
1777798800000,83.91,83.97,83.88,83.94,1979.677172,2026-05-03 17:00:00+08:00
1777799700000,83.94,84.06,83.9,84.02,3057.303004,2026-05-03 17:15:00+08:00
1777800600000,84.01,84.12,83.92,84.01,5854.133338,2026-05-03 17:30:00+08:00
1777801500000,84.01,84.07,83.97,84.04,2746.055636,2026-05-03 17:45:00+08:00
1777802400000,84.05,84.05,83.92,84.0,1602.308242,2026-05-03 18:00:00+08:00
1777803300000,84.0,84.02,83.93,83.95,634.851488,2026-05-03 18:15:00+08:00
1777804200000,83.95,84.04,83.94,83.94,1504.684338,2026-05-03 18:30:00+08:00
1777805100000,83.95,83.95,83.81,83.82,973.94287,2026-05-03 18:45:00+08:00
1777806000000,83.81,83.96,83.74,83.91,4292.381555,2026-05-03 19:00:00+08:00
1777806900000,83.91,83.92,83.86,83.87,644.440121,2026-05-03 19:15:00+08:00
1777807800000,83.87,84.15,83.87,84.06,3306.221232,2026-05-03 19:30:00+08:00
1777808700000,84.07,84.2,83.95,83.95,5189.851134,2026-05-03 19:45:00+08:00
1777809600000,83.96,84.24,83.96,84.19,2194.241555,2026-05-03 20:00:00+08:00
1777810500000,84.19,84.2,84.08,84.13,1372.512191,2026-05-03 20:15:00+08:00
1777811400000,84.13,84.14,84.06,84.13,2521.272968,2026-05-03 20:30:00+08:00
1777812300000,84.13,84.17,84.06,84.1,842.057149,2026-05-03 20:45:00+08:00
1777813200000,84.11,84.21,84.06,84.21,2665.075235,2026-05-03 21:00:00+08:00
1777814100000,84.21,84.22,84.02,84.08,3420.100951,2026-05-03 21:15:00+08:00
1777815000000,84.08,84.15,84.0,84.04,1064.022694,2026-05-03 21:30:00+08:00
1777815900000,84.03,84.13,84.0,84.09,1869.666093,2026-05-03 21:45:00+08:00
1777816800000,84.1,84.25,84.09,84.25,3381.496503,2026-05-03 22:00:00+08:00
1777817700000,84.24,84.32,84.15,84.26,3548.509706,2026-05-03 22:15:00+08:00
1777818600000,84.27,84.35,84.25,84.34,1764.077269,2026-05-03 22:30:00+08:00
1777819500000,84.34,84.44,84.26,84.36,2438.95822,2026-05-03 22:45:00+08:00
1777820400000,84.36,84.43,84.24,84.28,3956.685525,2026-05-03 23:00:00+08:00
1777821300000,84.28,84.35,84.24,84.33,2009.661149,2026-05-03 23:15:00+08:00
1777822200000,84.34,84.39,84.17,84.21,1567.902773,2026-05-03 23:30:00+08:00
1777823100000,84.21,84.21,84.11,84.14,4138.029016,2026-05-03 23:45:00+08:00
1777824000000,84.15,84.22,84.02,84.05,2030.581641,2026-05-04 00:00:00+08:00
1777824900000,84.05,84.15,84.0,84.15,4146.145176,2026-05-04 00:15:00+08:00
1777825800000,84.14,84.29,84.13,84.19,1841.673044,2026-05-04 00:30:00+08:00
1777826700000,84.19,84.22,84.12,84.14,1901.263498,2026-05-04 00:45:00+08:00
1777827600000,84.14,84.19,83.99,84.19,2264.92712,2026-05-04 01:00:00+08:00
1777828500000,84.18,84.3,84.18,84.23,4072.738241,2026-05-04 01:15:00+08:00
1777829400000,84.23,84.33,84.21,84.25,1151.561618,2026-05-04 01:30:00+08:00
1777830300000,84.24,84.25,84.18,84.2,695.356241,2026-05-04 01:45:00+08:00
1777831200000,84.2,84.21,84.14,84.15,880.501812,2026-05-04 02:00:00+08:00
1777832100000,84.15,84.25,84.11,84.22,862.763923,2026-05-04 02:15:00+08:00
1777833000000,84.22,84.24,84.14,84.24,1135.557078,2026-05-04 02:30:00+08:00
1777833900000,84.23,84.32,84.23,84.27,805.915466,2026-05-04 02:45:00+08:00
1777834800000,84.27,84.33,84.25,84.27,823.11589,2026-05-04 03:00:00+08:00
1777835700000,84.28,84.31,84.25,84.3,518.52382,2026-05-04 03:15:00+08:00
1777836600000,84.3,84.49,84.3,84.43,3520.862872,2026-05-04 03:30:00+08:00
1777837500000,84.43,84.44,84.36,84.37,879.143444,2026-05-04 03:45:00+08:00
1777838400000,84.37,84.45,84.36,84.36,570.015342,2026-05-04 04:00:00+08:00
1777839300000,84.36,84.58,84.33,84.5,3154.533966,2026-05-04 04:15:00+08:00
1777840200000,84.5,84.74,84.44,84.45,7429.75304,2026-05-04 04:30:00+08:00
1777841100000,84.45,84.47,84.26,84.34,2309.630322,2026-05-04 04:45:00+08:00
1777842000000,84.35,84.44,84.08,84.44,20694.700569,2026-05-04 05:00:00+08:00
1777842900000,84.43,84.44,84.29,84.32,4648.453878,2026-05-04 05:15:00+08:00
1777843800000,84.32,84.39,83.91,83.98,7761.968247,2026-05-04 05:30:00+08:00
1777844700000,83.98,84.14,83.88,84.12,3150.333031,2026-05-04 05:45:00+08:00
1777845600000,84.14,84.84,84.14,84.75,17152.249124,2026-05-04 06:00:00+08:00
1777846500000,84.76,84.96,84.48,84.58,16867.40013,2026-05-04 06:15:00+08:00
1777847400000,84.58,84.78,84.46,84.74,3144.583868,2026-05-04 06:30:00+08:00
1777848300000,84.75,84.87,84.62,84.69,3220.267296,2026-05-04 06:45:00+08:00
1777849200000,84.68,84.78,84.49,84.55,2580.279198,2026-05-04 07:00:00+08:00
1777850100000,84.56,84.58,83.99,84.07,7470.590941,2026-05-04 07:15:00+08:00
1777851000000,84.07,84.15,83.97,84.03,8605.867831,2026-05-04 07:30:00+08:00
1777851900000,84.02,84.02,83.88,83.92,4663.573124,2026-05-04 07:45:00+08:00
1777852800000,83.92,83.92,83.64,83.77,7208.317415,2026-05-04 08:00:00+08:00
1777853700000,83.78,83.8,83.36,83.45,11523.978349,2026-05-04 08:15:00+08:00
1777854600000,83.44,83.54,83.39,83.47,8931.321743,2026-05-04 08:30:00+08:00
1777855500000,83.47,83.85,83.47,83.79,3765.350981,2026-05-04 08:45:00+08:00
1777856400000,83.8,83.9,83.63,83.7,3932.300244,2026-05-04 09:00:00+08:00
1777857300000,83.71,83.76,83.44,83.58,13427.695116,2026-05-04 09:15:00+08:00
1777858200000,83.58,84.44,83.56,84.01,28557.648445,2026-05-04 09:30:00+08:00
1777859100000,84.02,84.92,84.02,84.76,30502.038713,2026-05-04 09:45:00+08:00
1777860000000,84.77,85.28,84.76,84.99,42971.700512,2026-05-04 10:00:00+08:00
1777860900000,85.0,85.2,84.71,85.05,22191.036431,2026-05-04 10:15:00+08:00
1777861800000,85.05,85.65,85.05,85.5,47070.88232,2026-05-04 10:30:00+08:00
1777862700000,85.51,85.57,85.24,85.24,22545.155233,2026-05-04 10:45:00+08:00
1777863600000,85.25,85.59,85.21,85.58,22427.035154,2026-05-04 11:00:00+08:00
1777864500000,85.58,85.58,85.25,85.32,43944.306681,2026-05-04 11:15:00+08:00
1777865400000,85.31,85.37,85.12,85.23,7217.000257,2026-05-04 11:30:00+08:00
1777866300000,85.24,85.42,85.19,85.41,3954.996214,2026-05-04 11:45:00+08:00
1777867200000,85.42,85.56,85.38,85.52,12143.516656,2026-05-04 12:00:00+08:00
1777868100000,85.53,85.8,85.5,85.68,20045.906386,2026-05-04 12:15:00+08:00
1777869000000,85.68,85.9,85.68,85.81,9749.63987,2026-05-04 12:30:00+08:00
1777869900000,85.82,85.86,85.7,85.75,5876.117464,2026-05-04 12:45:00+08:00
1777870800000,85.76,85.8,85.54,85.66,6869.351679,2026-05-04 13:00:00+08:00
1777871700000,85.65,85.65,85.38,85.41,17515.116899,2026-05-04 13:15:00+08:00
1777872600000,85.41,85.5,85.34,85.49,4130.866217,2026-05-04 13:30:00+08:00
1777873500000,85.49,85.5,85.36,85.37,2072.563394,2026-05-04 13:45:00+08:00
1777874400000,85.38,85.41,85.19,85.29,8131.585291,2026-05-04 14:00:00+08:00
1777875300000,85.28,85.29,84.52,84.81,31084.797157,2026-05-04 14:15:00+08:00
1777876200000,84.82,84.83,84.57,84.77,20733.663541,2026-05-04 14:30:00+08:00
1777877100000,84.77,85.01,84.77,84.87,6579.982914,2026-05-04 14:45:00+08:00
1777878000000,84.88,84.98,84.8,84.97,3573.73872,2026-05-04 15:00:00+08:00
1777878900000,84.98,85.02,84.83,84.86,2555.115037,2026-05-04 15:15:00+08:00
1777879800000,84.85,84.88,84.68,84.88,3923.835917,2026-05-04 15:30:00+08:00
1777880700000,84.89,84.99,84.84,84.88,2360.470491,2026-05-04 15:45:00+08:00
1777881600000,84.88,84.88,84.63,84.84,8385.180922,2026-05-04 16:00:00+08:00
1777882500000,84.85,84.88,84.67,84.82,2727.425461,2026-05-04 16:15:00+08:00
1777883400000,84.82,84.9,84.77,84.77,1385.676403,2026-05-04 16:30:00+08:00
1777884300000,84.77,84.89,84.71,84.77,2325.126367,2026-05-04 16:45:00+08:00
1777885200000,84.77,84.87,84.69,84.78,2407.058685,2026-05-04 17:00:00+08:00
1777886100000,84.79,84.92,84.76,84.83,2595.557565,2026-05-04 17:15:00+08:00
1777887000000,84.83,85.18,84.79,85.13,5323.06647,2026-05-04 17:30:00+08:00
1777887900000,85.14,85.19,85.02,85.04,3603.455909,2026-05-04 17:45:00+08:00
1777888800000,85.04,85.07,83.61,83.86,55314.613676,2026-05-04 18:00:00+08:00
1777889700000,83.85,83.85,83.26,83.55,36817.090573,2026-05-04 18:15:00+08:00
1777890600000,83.55,84.16,83.42,84.04,27060.884938,2026-05-04 18:30:00+08:00
1777891500000,84.05,84.2,83.95,84.04,3307.064168,2026-05-04 18:45:00+08:00
1777892400000,84.05,84.14,83.96,84.07,4745.291068,2026-05-04 19:00:00+08:00
1777893300000,84.06,84.14,83.89,83.91,4489.734572,2026-05-04 19:15:00+08:00
1777894200000,83.9,84.07,83.83,83.94,5611.101451,2026-05-04 19:30:00+08:00
1777895100000,83.94,84.02,83.87,83.96,2120.469658,2026-05-04 19:45:00+08:00
1777896000000,83.96,83.97,83.85,83.96,2568.902727,2026-05-04 20:00:00+08:00
1777896900000,83.95,84.17,83.87,84.08,3576.946573,2026-05-04 20:15:00+08:00
1777897800000,84.08,84.1,83.96,84.09,3353.115469,2026-05-04 20:30:00+08:00
1777898700000,84.08,84.09,83.88,83.89,5160.169869,2026-05-04 20:45:00+08:00
1777899600000,83.89,84.22,83.6,84.03,16669.576368,2026-05-04 21:00:00+08:00
1777900500000,84.02,84.18,84.0,84.13,5111.787771,2026-05-04 21:15:00+08:00
1777901400000,84.13,84.33,84.06,84.1,5105.482761,2026-05-04 21:30:00+08:00
1777902300000,84.09,84.22,83.91,84.01,3545.860546,2026-05-04 21:45:00+08:00
1777903200000,84.01,84.29,83.78,84.24,14651.500348,2026-05-04 22:00:00+08:00
1777904100000,84.25,84.71,84.21,84.45,16413.214347,2026-05-04 22:15:00+08:00
1777905000000,84.45,84.82,84.44,84.64,13380.851271,2026-05-04 22:30:00+08:00
1777905900000,84.65,85.32,84.65,84.98,26776.407458,2026-05-04 22:45:00+08:00
1777906800000,84.99,85.18,84.75,84.87,14056.282294,2026-05-04 23:00:00+08:00
1777907700000,84.86,85.02,83.97,84.48,41472.60605,2026-05-04 23:15:00+08:00
1777908600000,84.5,84.55,84.24,84.54,6846.904965,2026-05-04 23:30:00+08:00
1777909500000,84.54,84.64,84.08,84.48,14715.968973,2026-05-04 23:45:00+08:00
1777910400000,84.48,84.55,84.03,84.1,17461.826618,2026-05-05 00:00:00+08:00
1777911300000,84.09,84.8,84.0,84.56,15102.110415,2026-05-05 00:15:00+08:00
1777912200000,84.56,84.73,84.47,84.64,4898.046139,2026-05-05 00:30:00+08:00
1777913100000,84.64,84.66,84.4,84.49,4042.848931,2026-05-05 00:45:00+08:00
1777914000000,84.5,84.95,84.49,84.81,7108.418605,2026-05-05 01:00:00+08:00
1777914900000,84.82,85.0,84.72,84.9,6498.626719,2026-05-05 01:15:00+08:00
1777915800000,84.9,84.9,84.69,84.79,2059.412889,2026-05-05 01:30:00+08:00
1777916700000,84.8,85.2,84.77,84.95,9116.391974,2026-05-05 01:45:00+08:00
1777917600000,84.95,85.04,84.88,84.95,3648.842368,2026-05-05 02:00:00+08:00
1777918500000,84.94,84.97,84.73,84.83,12239.925533,2026-05-05 02:15:00+08:00
1777919400000,84.83,84.86,84.73,84.73,1172.88261,2026-05-05 02:30:00+08:00
1777920300000,84.73,84.76,84.59,84.76,11033.624147,2026-05-05 02:45:00+08:00
1777921200000,84.76,84.77,84.54,84.64,2089.219856,2026-05-05 03:00:00+08:00
1777922100000,84.63,84.64,84.41,84.49,1933.484982,2026-05-05 03:15:00+08:00
1777923000000,84.49,84.52,84.39,84.42,2262.898724,2026-05-05 03:30:00+08:00
1777923900000,84.41,84.49,84.38,84.45,2906.092341,2026-05-05 03:45:00+08:00
1777924800000,84.46,84.46,84.28,84.35,2017.363305,2026-05-05 04:00:00+08:00
1777925700000,84.35,84.39,84.14,84.24,2405.95417,2026-05-05 04:15:00+08:00
1777926600000,84.25,84.25,84.06,84.1,3378.043388,2026-05-05 04:30:00+08:00
1777927500000,84.09,84.13,84.07,84.08,1542.663904,2026-05-05 04:45:00+08:00
1777928400000,84.09,84.26,84.08,84.26,5972.545723,2026-05-05 05:00:00+08:00
1777929300000,84.26,84.37,84.23,84.33,1835.027523,2026-05-05 05:15:00+08:00
1777930200000,84.34,84.46,84.33,84.4,1957.704368,2026-05-05 05:30:00+08:00
1777931100000,84.41,84.5,84.41,84.42,537.160104,2026-05-05 05:45:00+08:00
1777932000000,84.41,84.54,84.4,84.48,2463.533097,2026-05-05 06:00:00+08:00
1777932900000,84.48,84.53,84.29,84.34,1895.798318,2026-05-05 06:15:00+08:00
1777933800000,84.33,84.34,84.2,84.2,2879.235443,2026-05-05 06:30:00+08:00
1777934700000,84.2,84.3,84.18,84.2,1904.846468,2026-05-05 06:45:00+08:00
1777935600000,84.21,84.21,84.07,84.13,1927.391307,2026-05-05 07:00:00+08:00
1777936500000,84.12,84.22,84.06,84.22,2375.022721,2026-05-05 07:15:00+08:00
1777937400000,84.21,84.21,84.02,84.08,2256.414181,2026-05-05 07:30:00+08:00
1777938300000,84.07,84.14,84.06,84.09,1661.344412,2026-05-05 07:45:00+08:00
1777939200000,84.1,84.2,84.04,84.16,4080.39989,2026-05-05 08:00:00+08:00
1777940100000,84.16,84.16,84.03,84.05,3200.937263,2026-05-05 08:15:00+08:00
1777941000000,84.06,84.27,84.06,84.24,2735.640524,2026-05-05 08:30:00+08:00
1777941900000,84.25,84.36,84.2,84.33,3124.023343,2026-05-05 08:45:00+08:00
1777942800000,84.33,84.4,84.16,84.34,13659.449985,2026-05-05 09:00:00+08:00
1777943700000,84.34,84.39,84.29,84.35,2384.483248,2026-05-05 09:15:00+08:00
1777944600000,84.34,84.41,84.2,84.35,2211.525559,2026-05-05 09:30:00+08:00
1777945500000,84.36,84.48,84.36,84.42,1978.112196,2026-05-05 09:45:00+08:00
1777946400000,84.42,84.63,84.35,84.59,4460.312683,2026-05-05 10:00:00+08:00
1777947300000,84.59,84.67,84.53,84.53,6253.94359,2026-05-05 10:15:00+08:00
1777948200000,84.54,84.78,84.54,84.73,4818.639933,2026-05-05 10:30:00+08:00
1777949100000,84.73,84.8,84.43,84.51,3313.021122,2026-05-05 10:45:00+08:00
1777950000000,84.52,84.64,84.41,84.61,2523.178568,2026-05-05 11:00:00+08:00
1777950900000,84.6,84.75,84.55,84.7,5091.407638,2026-05-05 11:15:00+08:00
1777951800000,84.71,84.97,84.65,84.82,11900.603441,2026-05-05 11:30:00+08:00
1777952700000,84.82,84.86,84.71,84.78,8628.315326,2026-05-05 11:45:00+08:00
1777953600000,84.77,84.92,84.68,84.7,4185.241016,2026-05-05 12:00:00+08:00
1777954500000,84.7,84.91,84.58,84.67,22558.124807,2026-05-05 12:15:00+08:00
1777955400000,84.67,84.71,84.6,84.66,2458.736669,2026-05-05 12:30:00+08:00
1777956300000,84.66,84.87,84.6,84.77,3684.353682,2026-05-05 12:45:00+08:00
1777957200000,84.77,84.93,84.71,84.82,7080.561841,2026-05-05 13:00:00+08:00
1777958100000,84.84,85.02,84.84,84.96,6203.162437,2026-05-05 13:15:00+08:00
1777959000000,84.96,85.14,84.9,84.94,7904.084293,2026-05-05 13:30:00+08:00
1777959900000,84.95,85.13,84.86,84.92,23272.613829,2026-05-05 13:45:00+08:00
1777960800000,84.92,84.98,84.78,84.84,3764.140617,2026-05-05 14:00:00+08:00
1777961700000,84.83,84.84,84.59,84.64,5721.838734,2026-05-05 14:15:00+08:00
1777962600000,84.64,84.75,84.55,84.61,10521.546848,2026-05-05 14:30:00+08:00
1777963500000,84.61,85.0,84.56,85.0,18869.771559,2026-05-05 14:45:00+08:00
1777964400000,85.0,85.03,84.79,84.91,18021.865408,2026-05-05 15:00:00+08:00
1777965300000,84.91,85.03,84.87,84.94,3358.517814,2026-05-05 15:15:00+08:00
1777966200000,84.94,85.07,84.94,84.99,7285.704364,2026-05-05 15:30:00+08:00
1777967100000,84.99,85.0,84.86,84.88,4490.606979,2026-05-05 15:45:00+08:00
1777968000000,84.87,84.9,84.84,84.87,4236.929457,2026-05-05 16:00:00+08:00
1777968900000,84.87,84.89,84.73,84.8,5149.245109,2026-05-05 16:15:00+08:00
1777969800000,84.79,84.85,84.7,84.71,1965.55647,2026-05-05 16:30:00+08:00
1777970700000,84.71,84.8,84.71,84.79,1023.660976,2026-05-05 16:45:00+08:00
1777971600000,84.79,84.8,84.6,84.6,3718.488142,2026-05-05 17:00:00+08:00
1777972500000,84.6,84.65,84.5,84.57,6317.761616,2026-05-05 17:15:00+08:00
1777973400000,84.58,84.66,84.46,84.54,15809.119699,2026-05-05 17:30:00+08:00
1777974300000,84.54,84.58,84.48,84.54,9070.096799,2026-05-05 17:45:00+08:00
1777975200000,84.55,84.67,84.44,84.6,3382.145846,2026-05-05 18:00:00+08:00
1777976100000,84.61,84.82,84.61,84.79,4032.989317,2026-05-05 18:15:00+08:00
1777977000000,84.78,84.94,84.77,84.84,4930.400686,2026-05-05 18:30:00+08:00
1777977900000,84.83,84.91,84.76,84.91,3184.066214,2026-05-05 18:45:00+08:00
1777978800000,84.9,84.92,84.79,84.89,6912.57512,2026-05-05 19:00:00+08:00
1777979700000,84.87,84.9,84.7,84.85,1546.862454,2026-05-05 19:15:00+08:00
1777980600000,84.85,84.97,84.81,84.94,5260.610635,2026-05-05 19:30:00+08:00
1777981500000,84.94,85.0,84.84,84.97,4608.546751,2026-05-05 19:45:00+08:00
1777982400000,84.98,85.09,84.91,85.08,4855.862593,2026-05-05 20:00:00+08:00
1777983300000,85.08,85.25,85.04,85.21,8562.741929,2026-05-05 20:15:00+08:00
1777984200000,85.21,85.31,85.14,85.23,7629.532171,2026-05-05 20:30:00+08:00
1777985100000,85.23,85.37,85.22,85.31,8001.632592,2026-05-05 20:45:00+08:00
1777986000000,85.31,86.08,85.31,85.9,48918.072158,2026-05-05 21:00:00+08:00
1777986900000,85.9,85.97,85.66,85.69,15733.368847,2026-05-05 21:15:00+08:00
1777987800000,85.69,85.78,85.4,85.55,12403.597195,2026-05-05 21:30:00+08:00
1777988700000,85.55,85.96,85.44,85.61,11743.928684,2026-05-05 21:45:00+08:00
1777989600000,85.62,85.75,85.37,85.39,17589.875966,2026-05-05 22:00:00+08:00
1777990500000,85.39,85.63,85.18,85.58,15378.387315,2026-05-05 22:15:00+08:00
1777991400000,85.58,85.71,85.25,85.35,11323.857755,2026-05-05 22:30:00+08:00
1777992300000,85.35,85.49,85.2,85.49,9758.362631,2026-05-05 22:45:00+08:00
1777993200000,85.49,85.89,85.35,85.73,7191.970902,2026-05-05 23:00:00+08:00
1777994100000,85.74,85.86,85.61,85.7,15513.769162,2026-05-05 23:15:00+08:00
1777995000000,85.71,85.8,85.54,85.61,5697.73307,2026-05-05 23:30:00+08:00
1777995900000,85.61,85.65,85.48,85.51,4830.411013,2026-05-05 23:45:00+08:00
1777996800000,85.51,85.69,85.51,85.58,9488.827482,2026-05-06 00:00:00+08:00
1777997700000,85.59,85.69,85.36,85.46,5756.914751,2026-05-06 00:15:00+08:00
1777998600000,85.46,85.46,85.03,85.13,18013.352687,2026-05-06 00:30:00+08:00
1777999500000,85.12,85.37,85.12,85.32,3662.433656,2026-05-06 00:45:00+08:00
1778000400000,85.33,85.4,85.12,85.29,2544.485155,2026-05-06 01:00:00+08:00
1778001300000,85.3,85.52,85.28,85.41,5425.892766,2026-05-06 01:15:00+08:00
1778002200000,85.41,85.43,85.33,85.43,2512.523856,2026-05-06 01:30:00+08:00
1778003100000,85.43,85.51,85.38,85.47,2506.71677,2026-05-06 01:45:00+08:00
1778004000000,85.47,85.83,85.43,85.81,11962.214676,2026-05-06 02:00:00+08:00
1778004900000,85.81,85.82,85.63,85.72,4077.383015,2026-05-06 02:15:00+08:00
1778005800000,85.7,85.72,85.6,85.72,4123.443854,2026-05-06 02:30:00+08:00
1778006700000,85.72,85.89,85.71,85.88,2764.798514,2026-05-06 02:45:00+08:00
1778007600000,85.88,85.95,85.82,85.92,3314.711814,2026-05-06 03:00:00+08:00
1778008500000,85.93,86.4,85.92,86.25,19340.871544,2026-05-06 03:15:00+08:00
1778009400000,86.25,86.53,86.18,86.49,13951.901511,2026-05-06 03:30:00+08:00
1778010300000,86.5,86.57,86.31,86.5,10826.138262,2026-05-06 03:45:00+08:00
1778011200000,86.49,86.76,86.41,86.74,12751.335945,2026-05-06 04:00:00+08:00
1778012100000,86.73,86.76,86.56,86.61,7347.201789,2026-05-06 04:15:00+08:00
1778013000000,86.62,86.92,86.62,86.76,12099.798088,2026-05-06 04:30:00+08:00
1778013900000,86.76,86.79,86.58,86.64,8477.442247,2026-05-06 04:45:00+08:00
1778014800000,86.65,86.94,86.57,86.6,10374.203684,2026-05-06 05:00:00+08:00
1778015700000,86.59,86.71,86.45,86.58,11595.898705,2026-05-06 05:15:00+08:00
1778016600000,86.59,86.61,86.27,86.41,7019.736326,2026-05-06 05:30:00+08:00
1778017500000,86.4,86.73,86.36,86.73,7407.29347,2026-05-06 05:45:00+08:00
1778018400000,86.73,86.98,86.59,86.63,9093.262726,2026-05-06 06:00:00+08:00
1778019300000,86.64,86.95,86.56,86.81,5238.748167,2026-05-06 06:15:00+08:00
1778020200000,86.81,86.81,86.2,86.38,14578.656125,2026-05-06 06:30:00+08:00
1778021100000,86.38,86.82,86.28,86.57,16015.519389,2026-05-06 06:45:00+08:00
1778022000000,86.57,86.67,86.43,86.67,3040.739572,2026-05-06 07:00:00+08:00
1778022900000,86.67,86.67,86.31,86.32,4394.040432,2026-05-06 07:15:00+08:00
1778023800000,86.32,86.41,86.17,86.36,7830.914875,2026-05-06 07:30:00+08:00
1778024700000,86.35,86.45,86.3,86.31,17379.534335,2026-05-06 07:45:00+08:00
1778025600000,86.29,86.44,86.26,86.32,7551.986937,2026-05-06 08:00:00+08:00
1778026500000,86.31,86.49,86.1,86.16,12290.884289,2026-05-06 08:15:00+08:00
1778027400000,86.16,86.44,86.13,86.38,6305.150241,2026-05-06 08:30:00+08:00
1778028300000,86.39,86.54,86.16,86.37,6597.239996,2026-05-06 08:45:00+08:00
1778029200000,86.38,86.57,86.32,86.56,3119.694942,2026-05-06 09:00:00+08:00
1778030100000,86.56,86.89,86.56,86.76,9488.829462,2026-05-06 09:15:00+08:00
1778031000000,86.76,86.92,86.76,86.84,4655.610479,2026-05-06 09:30:00+08:00
1778031900000,86.84,87.02,86.76,86.85,6709.478311,2026-05-06 09:45:00+08:00
1778032800000,86.86,86.88,86.65,86.82,3820.227196,2026-05-06 10:00:00+08:00
1778033700000,86.81,86.86,86.58,86.58,6434.107904,2026-05-06 10:15:00+08:00
1778034600000,86.58,86.62,86.39,86.55,6886.177243,2026-05-06 10:30:00+08:00
1778035500000,86.53,86.92,86.53,86.88,6575.683117,2026-05-06 10:45:00+08:00
1778036400000,86.89,87.33,86.88,87.03,24051.898513,2026-05-06 11:00:00+08:00
1778037300000,87.02,87.45,86.97,87.22,11166.313539,2026-05-06 11:15:00+08:00
1778038200000,87.21,87.45,87.21,87.3,6492.868262,2026-05-06 11:30:00+08:00
1778039100000,87.3,87.46,87.22,87.32,8422.927902,2026-05-06 11:45:00+08:00
1778040000000,87.32,87.42,87.26,87.32,8256.340586,2026-05-06 12:00:00+08:00
1778040900000,87.32,87.34,87.03,87.04,7641.559621,2026-05-06 12:15:00+08:00
1778041800000,87.03,87.05,86.9,86.93,5165.14571,2026-05-06 12:30:00+08:00
1778042700000,86.94,86.99,86.67,86.8,10775.844432,2026-05-06 12:45:00+08:00
1778043600000,86.8,86.94,86.76,86.88,4262.894768,2026-05-06 13:00:00+08:00
1778044500000,86.88,87.07,86.83,87.05,3606.716644,2026-05-06 13:15:00+08:00
1778045400000,87.05,87.34,86.92,87.13,17986.751674,2026-05-06 13:30:00+08:00
1778046300000,87.13,87.5,87.08,87.39,18377.388833,2026-05-06 13:45:00+08:00
1778047200000,87.41,87.56,87.23,87.3,10168.200325,2026-05-06 14:00:00+08:00
1778048100000,87.29,87.3,87.17,87.26,4576.429238,2026-05-06 14:15:00+08:00
1778049000000,87.25,87.41,87.18,87.41,3726.790549,2026-05-06 14:30:00+08:00
1778049900000,87.42,87.54,87.36,87.49,5649.165857,2026-05-06 14:45:00+08:00
1778050800000,87.5,87.74,87.46,87.53,9450.768852,2026-05-06 15:00:00+08:00
1778051700000,87.54,87.9,87.49,87.76,14240.806135,2026-05-06 15:15:00+08:00
1778052600000,87.75,87.83,87.52,87.76,14341.330969,2026-05-06 15:30:00+08:00
1778053500000,87.76,87.83,87.59,87.69,5291.938619,2026-05-06 15:45:00+08:00
1778054400000,87.7,87.98,87.64,87.89,14270.901658,2026-05-06 16:00:00+08:00
1778055300000,87.88,87.97,87.78,87.87,7518.223753,2026-05-06 16:15:00+08:00
1778056200000,87.86,88.31,87.86,88.29,18644.740331,2026-05-06 16:30:00+08:00
1778057100000,88.3,89.21,88.21,89.02,58848.059595,2026-05-06 16:45:00+08:00
1778058000000,89.03,89.08,88.66,88.79,22219.257575,2026-05-06 17:00:00+08:00
1778058900000,88.79,88.92,88.6,88.82,9791.871263,2026-05-06 17:15:00+08:00
1778059800000,88.81,89.29,88.79,89.24,22650.885459,2026-05-06 17:30:00+08:00
1778060700000,89.24,89.56,89.06,89.48,17679.024036,2026-05-06 17:45:00+08:00
1778061600000,89.49,89.58,89.21,89.52,14968.436769,2026-05-06 18:00:00+08:00
1778062500000,89.51,89.7,89.41,89.52,17214.27547,2026-05-06 18:15:00+08:00
1778063400000,89.52,89.69,89.5,89.6,7029.936303,2026-05-06 18:30:00+08:00
1778064300000,89.59,89.67,89.37,89.38,8455.115235,2026-05-06 18:45:00+08:00
1778065200000,89.37,89.57,89.32,89.53,8407.936361,2026-05-06 19:00:00+08:00
1778066100000,89.53,90.08,89.52,89.61,25926.916987,2026-05-06 19:15:00+08:00
1778067000000,89.61,89.85,89.48,89.52,9672.043337,2026-05-06 19:30:00+08:00
1778067900000,89.51,89.87,89.48,89.87,7578.576574,2026-05-06 19:45:00+08:00
1778068800000,89.87,89.96,89.51,89.52,16882.942528,2026-05-06 20:00:00+08:00
1778069700000,89.51,89.8,89.46,89.63,15129.592939,2026-05-06 20:15:00+08:00
1778070600000,89.64,89.84,89.63,89.73,4879.572065,2026-05-06 20:30:00+08:00
1778071500000,89.74,89.89,89.55,89.66,9470.266306,2026-05-06 20:45:00+08:00
1778072400000,89.65,89.65,88.43,88.92,45791.503811,2026-05-06 21:00:00+08:00
1778073300000,88.91,89.07,88.36,88.52,19820.786006,2026-05-06 21:15:00+08:00
1778074200000,88.51,88.8,88.39,88.69,18632.043945,2026-05-06 21:30:00+08:00
1778075100000,88.69,88.7,88.05,88.33,35547.358641,2026-05-06 21:45:00+08:00
1778076000000,88.32,88.36,87.46,88.1,33778.798381,2026-05-06 22:00:00+08:00
1778076900000,88.1,88.47,87.89,88.19,22253.840921,2026-05-06 22:15:00+08:00
1778077800000,88.19,88.63,88.18,88.63,14606.176685,2026-05-06 22:30:00+08:00
1778078700000,88.63,88.84,88.33,88.4,10873.404595,2026-05-06 22:45:00+08:00
1778079600000,88.4,88.63,88.31,88.39,5665.758666,2026-05-06 23:00:00+08:00
1778080500000,88.4,88.97,88.4,88.75,8877.970649,2026-05-06 23:15:00+08:00
1778081400000,88.74,88.92,88.54,88.81,11800.754328,2026-05-06 23:30:00+08:00
1778082300000,88.81,89.06,88.81,88.97,7322.030098,2026-05-06 23:45:00+08:00
1778083200000,88.97,89.19,88.84,89.07,11568.280419,2026-05-07 00:00:00+08:00
1778084100000,89.06,89.14,88.65,88.71,8036.683923,2026-05-07 00:15:00+08:00
1778085000000,88.72,89.28,88.6,89.22,9453.484739,2026-05-07 00:30:00+08:00
1778085900000,89.23,89.53,89.15,89.18,11572.900142,2026-05-07 00:45:00+08:00
1778086800000,89.18,89.43,89.15,89.23,5289.661942,2026-05-07 01:00:00+08:00
1778087700000,89.22,89.23,88.9,89.03,20887.114032,2026-05-07 01:15:00+08:00
1778088600000,89.03,89.08,88.9,88.96,12115.492587,2026-05-07 01:30:00+08:00
1778089500000,88.96,88.97,88.58,88.83,15502.680436,2026-05-07 01:45:00+08:00
1778090400000,88.84,88.91,88.49,88.75,7806.539524,2026-05-07 02:00:00+08:00
1778091300000,88.75,88.96,88.73,88.85,6704.918343,2026-05-07 02:15:00+08:00
1778092200000,88.84,89.0,88.62,88.97,5504.093268,2026-05-07 02:30:00+08:00
1778093100000,88.96,89.14,88.85,88.98,6610.066005,2026-05-07 02:45:00+08:00
1778094000000,88.97,89.19,88.97,88.97,4042.620139,2026-05-07 03:00:00+08:00
1778094900000,88.98,89.26,88.93,89.08,2664.693592,2026-05-07 03:15:00+08:00
1778095800000,89.07,89.2,88.89,89.11,2612.298408,2026-05-07 03:30:00+08:00
1778096700000,89.11,89.33,89.05,89.27,5773.880821,2026-05-07 03:45:00+08:00
1778097600000,89.27,89.53,89.22,89.49,10522.983556,2026-05-07 04:00:00+08:00
1778098500000,89.5,89.62,89.4,89.42,5155.173409,2026-05-07 04:15:00+08:00
1778099400000,89.42,89.47,89.01,89.01,10887.359241,2026-05-07 04:30:00+08:00
1778100300000,89.01,89.19,88.92,89.19,6195.065546,2026-05-07 04:45:00+08:00
1778101200000,89.2,89.4,89.08,89.25,39596.792068,2026-05-07 05:00:00+08:00
1778102100000,89.25,89.45,89.24,89.42,7733.339403,2026-05-07 05:15:00+08:00
1778103000000,89.42,89.59,89.34,89.5,5965.101079,2026-05-07 05:30:00+08:00
1778103900000,89.51,89.58,89.41,89.48,2691.729035,2026-05-07 05:45:00+08:00
1778104800000,89.49,89.56,89.26,89.36,4584.93237,2026-05-07 06:00:00+08:00
1778105700000,89.35,89.37,89.07,89.08,5456.800992,2026-05-07 06:15:00+08:00
1778106600000,89.08,89.23,89.08,89.13,3052.570388,2026-05-07 06:30:00+08:00
1778107500000,89.13,89.23,89.03,89.07,2284.565395,2026-05-07 06:45:00+08:00
1778108400000,89.08,89.1,88.67,88.95,12634.828587,2026-05-07 07:00:00+08:00
1778109300000,88.96,89.17,88.96,89.15,1807.26615,2026-05-07 07:15:00+08:00
1778110200000,89.15,89.16,89.0,89.1,1607.087082,2026-05-07 07:30:00+08:00
1778111100000,89.1,89.18,89.01,89.16,2312.577471,2026-05-07 07:45:00+08:00
1778112000000,89.16,89.25,89.0,89.01,2693.715049,2026-05-07 08:00:00+08:00
1778112900000,89.01,89.01,88.66,88.67,6264.587109,2026-05-07 08:15:00+08:00
1778113800000,88.66,88.69,88.25,88.32,16806.779262,2026-05-07 08:30:00+08:00
1778114700000,88.32,88.53,88.21,88.33,14707.794294,2026-05-07 08:45:00+08:00
1778115600000,88.34,88.4,87.88,88.37,18617.346376,2026-05-07 09:00:00+08:00
1778116500000,88.38,88.4,87.91,88.4,11897.086556,2026-05-07 09:15:00+08:00
1778117400000,88.39,88.51,88.24,88.34,5409.379476,2026-05-07 09:30:00+08:00
1778118300000,88.34,88.36,88.08,88.31,8312.526368,2026-05-07 09:45:00+08:00
1778119200000,88.31,88.36,87.95,87.98,10075.257952,2026-05-07 10:00:00+08:00
1778120100000,87.99,88.07,87.84,87.93,19990.439945,2026-05-07 10:15:00+08:00
1778121000000,87.93,88.07,87.81,87.92,4887.138056,2026-05-07 10:30:00+08:00
1778121900000,87.93,88.2,87.92,88.14,5131.681089,2026-05-07 10:45:00+08:00
1778122800000,88.14,88.14,87.94,87.96,12326.934345,2026-05-07 11:00:00+08:00
1778123700000,87.96,88.04,87.64,87.89,27948.441612,2026-05-07 11:15:00+08:00
1778124600000,87.89,87.97,87.68,87.97,8195.047099,2026-05-07 11:30:00+08:00
1778125500000,87.98,88.04,87.75,87.75,4859.282183,2026-05-07 11:45:00+08:00
1778126400000,87.76,88.03,87.7,88.02,3729.06352,2026-05-07 12:00:00+08:00
1778127300000,88.01,88.22,87.97,88.12,6139.453103,2026-05-07 12:15:00+08:00
1778128200000,88.12,88.23,87.96,87.99,7023.712947,2026-05-07 12:30:00+08:00
1778129100000,87.99,88.37,87.99,88.36,35663.641332,2026-05-07 12:45:00+08:00
1778130000000,88.37,88.89,88.34,88.55,58590.471897,2026-05-07 13:00:00+08:00
1778130900000,88.55,88.66,88.44,88.59,12047.971142,2026-05-07 13:15:00+08:00
1778131800000,88.6,88.67,88.48,88.48,5058.368816,2026-05-07 13:30:00+08:00
1778132700000,88.48,88.66,88.36,88.66,11633.800891,2026-05-07 13:45:00+08:00
1778133600000,88.66,88.68,88.22,88.23,21428.859052,2026-05-07 14:00:00+08:00
1778134500000,88.24,88.48,88.22,88.48,4004.664318,2026-05-07 14:15:00+08:00
1778135400000,88.49,89.17,88.48,89.16,24697.596072,2026-05-07 14:30:00+08:00
1778136300000,89.16,89.29,88.99,89.27,14483.795618,2026-05-07 14:45:00+08:00
1778137200000,89.27,89.52,89.13,89.51,23297.593334,2026-05-07 15:00:00+08:00
1778138100000,89.52,89.62,89.39,89.61,8970.578605,2026-05-07 15:15:00+08:00
1778139000000,89.62,90.37,89.61,90.17,36602.54823,2026-05-07 15:30:00+08:00
1778139900000,90.18,90.42,89.95,90.15,31795.123361,2026-05-07 15:45:00+08:00
1778140800000,90.15,90.27,90.05,90.15,24205.009544,2026-05-07 16:00:00+08:00
1778141700000,90.16,90.16,89.65,89.84,18522.660878,2026-05-07 16:15:00+08:00
1778142600000,89.84,89.99,89.54,89.63,16017.771353,2026-05-07 16:30:00+08:00
1778143500000,89.63,89.81,89.5,89.6,11588.197718,2026-05-07 16:45:00+08:00
1778144400000,89.6,89.6,89.34,89.54,6272.937357,2026-05-07 17:00:00+08:00
1778145300000,89.55,89.58,89.19,89.28,13844.152478,2026-05-07 17:15:00+08:00
1778146200000,89.27,89.57,89.18,89.29,30826.489182,2026-05-07 17:30:00+08:00
1778147100000,89.29,89.48,89.29,89.45,2326.074699,2026-05-07 17:45:00+08:00
1778148000000,89.45,89.53,89.03,89.16,6070.537757,2026-05-07 18:00:00+08:00
1778148900000,89.16,89.25,88.73,88.79,16106.577966,2026-05-07 18:15:00+08:00
1778149800000,88.79,89.2,88.76,89.18,26059.591808,2026-05-07 18:30:00+08:00
1778150700000,89.19,89.24,89.1,89.17,10800.729198,2026-05-07 18:45:00+08:00
1778151600000,89.17,89.68,89.17,89.48,26296.365431,2026-05-07 19:00:00+08:00
1778152500000,89.47,89.65,89.37,89.43,8285.410722,2026-05-07 19:15:00+08:00
1778153400000,89.44,89.64,89.44,89.61,14053.770924,2026-05-07 19:30:00+08:00
1778154300000,89.61,89.66,89.3,89.57,19431.071863,2026-05-07 19:45:00+08:00
1778155200000,89.56,90.01,89.53,90.0,17031.956166,2026-05-07 20:00:00+08:00
1778156100000,90.0,90.1,89.75,89.93,10818.151649,2026-05-07 20:15:00+08:00
1778157000000,89.93,90.0,89.81,89.91,4433.133194,2026-05-07 20:30:00+08:00
1778157900000,89.91,89.95,89.66,89.77,4104.536725,2026-05-07 20:45:00+08:00
1778158800000,89.76,89.76,89.05,89.12,18568.082791,2026-05-07 21:00:00+08:00
1778159700000,89.13,89.54,89.12,89.26,10034.712662,2026-05-07 21:15:00+08:00
1778160600000,89.26,89.26,88.92,88.92,13146.621012,2026-05-07 21:30:00+08:00
1778161500000,88.93,89.03,88.4,88.67,28090.696444,2026-05-07 21:45:00+08:00
1778162400000,88.67,88.91,88.47,88.88,7622.26896,2026-05-07 22:00:00+08:00
1778163300000,88.88,88.9,88.43,88.51,15958.352974,2026-05-07 22:15:00+08:00
1778164200000,88.52,88.57,87.85,88.02,32252.408426,2026-05-07 22:30:00+08:00
1778165100000,88.03,88.31,87.97,88.16,9671.329466,2026-05-07 22:45:00+08:00
1778166000000,88.16,88.49,88.08,88.36,9034.710425,2026-05-07 23:00:00+08:00
1778166900000,88.35,88.51,87.8,88.07,15648.840363,2026-05-07 23:15:00+08:00
1778167800000,88.07,88.51,88.01,88.42,11097.693181,2026-05-07 23:30:00+08:00
1778168700000,88.42,88.58,88.24,88.32,6527.251523,2026-05-07 23:45:00+08:00
1778169600000,88.31,88.5,88.13,88.36,15311.480562,2026-05-08 00:00:00+08:00
1778170500000,88.36,88.76,88.1,88.7,16606.213924,2026-05-08 00:15:00+08:00
1778171400000,88.69,88.79,88.37,88.53,7737.714541,2026-05-08 00:30:00+08:00
1778172300000,88.55,88.75,88.31,88.46,6330.265129,2026-05-08 00:45:00+08:00
1778173200000,88.47,88.63,88.34,88.6,2583.853596,2026-05-08 01:00:00+08:00
1778174100000,88.59,88.63,87.97,88.17,16271.481217,2026-05-08 01:15:00+08:00
1778175000000,88.16,88.56,88.15,88.48,5702.801426,2026-05-08 01:30:00+08:00
1778175900000,88.49,88.86,88.37,88.8,11788.152527,2026-05-08 01:45:00+08:00
1778176800000,88.82,88.98,88.71,88.82,6609.549825,2026-05-08 02:00:00+08:00
1778177700000,88.82,88.95,88.79,88.86,2437.93336,2026-05-08 02:15:00+08:00
1778178600000,88.87,89.05,88.57,88.63,10939.998052,2026-05-08 02:30:00+08:00
1778179500000,88.63,88.7,88.25,88.59,14743.075263,2026-05-08 02:45:00+08:00
1778180400000,88.59,88.62,88.34,88.56,3431.982849,2026-05-08 03:00:00+08:00
1778181300000,88.56,88.6,88.22,88.3,3794.521089,2026-05-08 03:15:00+08:00
1778182200000,88.3,88.73,88.3,88.55,5112.37006,2026-05-08 03:30:00+08:00
1778183100000,88.55,88.74,88.31,88.44,10633.044908,2026-05-08 03:45:00+08:00
1778184000000,88.46,88.86,88.38,88.54,10465.30485,2026-05-08 04:00:00+08:00
1778184900000,88.54,88.59,88.42,88.57,2408.651627,2026-05-08 04:15:00+08:00
1778185800000,88.57,88.57,88.17,88.22,8781.714384,2026-05-08 04:30:00+08:00
1778186700000,88.23,88.28,88.05,88.05,5797.586942,2026-05-08 04:45:00+08:00
1778187600000,88.07,88.14,87.67,87.89,16847.456122,2026-05-08 05:00:00+08:00
1778188500000,87.9,88.17,87.79,88.16,6693.871669,2026-05-08 05:15:00+08:00
1778189400000,88.17,88.22,87.99,88.0,5046.031919,2026-05-08 05:30:00+08:00
1778190300000,88.0,88.12,87.97,87.98,3313.084169,2026-05-08 05:45:00+08:00
1778191200000,87.97,88.01,87.7,87.97,14834.255282,2026-05-08 06:00:00+08:00
1778192100000,87.97,88.23,87.93,88.04,6890.402005,2026-05-08 06:15:00+08:00
1778193000000,88.03,88.15,87.82,87.88,4512.844134,2026-05-08 06:30:00+08:00
1778193900000,87.89,88.18,87.89,88.1,1570.227769,2026-05-08 06:45:00+08:00
1778194800000,88.1,88.3,88.07,88.22,1794.700751,2026-05-08 07:00:00+08:00
1778195700000,88.22,88.36,88.1,88.25,2530.838672,2026-05-08 07:15:00+08:00
1778196600000,88.26,88.39,88.2,88.39,3026.140965,2026-05-08 07:30:00+08:00
1778197500000,88.39,88.49,88.39,88.43,3825.381566,2026-05-08 07:45:00+08:00
1778198400000,88.44,88.65,88.4,88.57,7216.25286,2026-05-08 08:00:00+08:00
1778199300000,88.58,88.61,88.4,88.43,3739.992187,2026-05-08 08:15:00+08:00
1778200200000,88.42,88.46,88.28,88.32,2669.017928,2026-05-08 08:30:00+08:00
1778201100000,88.31,88.31,88.12,88.27,8132.635812,2026-05-08 08:45:00+08:00
1778202000000,88.28,88.37,88.0,88.03,3864.400543,2026-05-08 09:00:00+08:00
1778202900000,88.02,88.2,87.93,88.19,8272.09502,2026-05-08 09:15:00+08:00
1778203800000,88.2,88.29,88.15,88.2,2464.0035,2026-05-08 09:30:00+08:00
1778204700000,88.2,88.24,88.13,88.15,1812.767537,2026-05-08 09:45:00+08:00
1778205600000,88.15,88.18,87.79,87.95,7691.819867,2026-05-08 10:00:00+08:00
1778206500000,87.95,87.95,87.59,87.9,8772.59416,2026-05-08 10:15:00+08:00
1778207400000,87.91,88.35,87.88,88.12,7792.501941,2026-05-08 10:30:00+08:00
1778208300000,88.14,88.28,88.01,88.07,2105.490695,2026-05-08 10:45:00+08:00
1778209200000,88.08,88.08,87.63,88.01,15519.224583,2026-05-08 11:00:00+08:00
1778210100000,88.02,88.27,88.02,88.2,7064.88487,2026-05-08 11:15:00+08:00
1778211000000,88.21,88.37,88.21,88.29,5586.909525,2026-05-08 11:30:00+08:00
1778211900000,88.29,88.32,88.19,88.23,3296.072563,2026-05-08 11:45:00+08:00
1778212800000,88.23,88.34,88.22,88.34,2389.962266,2026-05-08 12:00:00+08:00
1778213700000,88.33,88.37,88.25,88.33,2201.087741,2026-05-08 12:15:00+08:00
1778214600000,88.34,88.34,88.03,88.12,6026.423446,2026-05-08 12:30:00+08:00
1778215500000,88.12,88.25,88.08,88.18,1799.01709,2026-05-08 12:45:00+08:00
1778216400000,88.18,88.29,88.09,88.23,3668.034962,2026-05-08 13:00:00+08:00
1778217300000,88.22,88.37,88.15,88.28,3233.086783,2026-05-08 13:15:00+08:00
1778218200000,88.27,88.4,88.27,88.38,2363.808646,2026-05-08 13:30:00+08:00
1778219100000,88.37,88.44,88.04,88.04,4106.392728,2026-05-08 13:45:00+08:00
1778220000000,88.04,88.15,87.84,88.11,18990.783402,2026-05-08 14:00:00+08:00
1778220900000,88.1,88.28,88.06,88.06,12506.214528,2026-05-08 14:15:00+08:00
1778221800000,88.06,88.13,87.83,88.04,6481.378293,2026-05-08 14:30:00+08:00
1778222700000,88.05,88.07,87.91,88.05,1524.858397,2026-05-08 14:45:00+08:00
1778223600000,88.05,88.05,87.76,87.77,13037.184559,2026-05-08 15:00:00+08:00
1778224500000,87.79,87.89,87.66,87.84,20378.980353,2026-05-08 15:15:00+08:00
1778225400000,87.84,88.12,87.81,88.07,6804.362908,2026-05-08 15:30:00+08:00
1778226300000,88.08,88.24,88.05,88.23,13385.287746,2026-05-08 15:45:00+08:00
1778227200000,88.24,88.33,88.19,88.23,16542.931138,2026-05-08 16:00:00+08:00
1778228100000,88.23,88.29,88.02,88.22,15356.769495,2026-05-08 16:15:00+08:00
1778229000000,88.22,88.49,88.19,88.47,9916.528691,2026-05-08 16:30:00+08:00
1778229900000,88.46,88.62,88.36,88.36,12032.290931,2026-05-08 16:45:00+08:00
1778230800000,88.37,88.56,88.23,88.56,5423.555213,2026-05-08 17:00:00+08:00
1778231700000,88.55,88.71,88.53,88.56,9104.18847,2026-05-08 17:15:00+08:00
1778232600000,88.56,88.61,88.45,88.46,3180.225668,2026-05-08 17:30:00+08:00
1778233500000,88.46,88.47,88.32,88.41,2619.894224,2026-05-08 17:45:00+08:00
1778234400000,88.42,88.58,88.28,88.41,5241.720805,2026-05-08 18:00:00+08:00
1778235300000,88.4,88.51,88.33,88.45,2748.408549,2026-05-08 18:15:00+08:00
1778236200000,88.46,88.71,88.46,88.67,5744.559818,2026-05-08 18:30:00+08:00
1778237100000,88.68,88.77,88.6,88.63,7974.294704,2026-05-08 18:45:00+08:00
1778238000000,88.63,88.72,88.48,88.58,12806.104614,2026-05-08 19:00:00+08:00
1778238900000,88.6,88.72,88.55,88.64,1679.658428,2026-05-08 19:15:00+08:00
1778239800000,88.64,88.69,88.49,88.51,2811.203938,2026-05-08 19:30:00+08:00
1778240700000,88.53,88.69,88.53,88.64,4189.819518,2026-05-08 19:45:00+08:00
1778241600000,88.65,88.71,88.51,88.61,1404.610304,2026-05-08 20:00:00+08:00
1778242500000,88.6,88.75,88.52,88.71,7154.76793,2026-05-08 20:15:00+08:00
1778243400000,88.71,88.87,88.44,88.72,8320.326228,2026-05-08 20:30:00+08:00
1778244300000,88.71,88.73,88.37,88.46,5392.810133,2026-05-08 20:45:00+08:00
1778245200000,88.46,88.56,88.18,88.28,14705.953173,2026-05-08 21:00:00+08:00
1778246100000,88.3,88.5,88.26,88.28,9561.669087,2026-05-08 21:15:00+08:00
1778247000000,88.29,88.51,88.01,88.1,13093.290974,2026-05-08 21:30:00+08:00
1778247900000,88.1,88.4,88.1,88.32,20270.876971,2026-05-08 21:45:00+08:00
1778248800000,88.32,88.85,88.32,88.82,29887.086928,2026-05-08 22:00:00+08:00
1778249700000,88.81,89.38,88.78,89.03,22901.371291,2026-05-08 22:15:00+08:00
1778250600000,89.04,89.22,88.62,89.19,28091.206866,2026-05-08 22:30:00+08:00
1778251500000,89.2,89.22,89.01,89.13,17054.722385,2026-05-08 22:45:00+08:00
1778252400000,89.14,89.28,88.84,88.89,15811.383332,2026-05-08 23:00:00+08:00
1778253300000,88.9,88.91,88.43,88.58,14902.4908,2026-05-08 23:15:00+08:00
1778254200000,88.6,89.29,88.46,89.18,10335.546969,2026-05-08 23:30:00+08:00
1778255100000,89.16,89.6,89.12,89.59,23592.726417,2026-05-08 23:45:00+08:00
1778256000000,89.6,89.62,89.34,89.47,9305.807918,2026-05-09 00:00:00+08:00
1778256900000,89.46,89.78,89.39,89.58,11678.81608,2026-05-09 00:15:00+08:00
1778257800000,89.59,89.73,89.44,89.71,9786.772001,2026-05-09 00:30:00+08:00
1778258700000,89.72,89.75,89.5,89.6,4902.358396,2026-05-09 00:45:00+08:00
1778259600000,89.6,89.83,89.56,89.78,10452.012011,2026-05-09 01:00:00+08:00
1778260500000,89.78,90.35,89.76,90.31,23645.614772,2026-05-09 01:15:00+08:00
1778261400000,90.32,91.97,90.32,91.52,121013.900216,2026-05-09 01:30:00+08:00
1778262300000,91.52,91.86,91.46,91.66,26661.85119,2026-05-09 01:45:00+08:00
1778263200000,91.67,92.05,91.65,91.88,29604.726162,2026-05-09 02:00:00+08:00
1778264100000,91.89,92.4,91.72,92.28,29865.331399,2026-05-09 02:15:00+08:00
1778265000000,92.29,92.57,92.25,92.32,21067.215649,2026-05-09 02:30:00+08:00
1778265900000,92.31,92.54,92.29,92.32,12109.468612,2026-05-09 02:45:00+08:00
1778266800000,92.32,92.47,92.05,92.41,14526.498873,2026-05-09 03:00:00+08:00
1778267700000,92.42,92.78,92.42,92.74,26813.748482,2026-05-09 03:15:00+08:00
1778268600000,92.74,92.8,92.41,92.44,27225.036329,2026-05-09 03:30:00+08:00
1778269500000,92.46,92.62,92.43,92.59,10985.446077,2026-05-09 03:45:00+08:00
1778270400000,92.6,92.66,92.22,92.42,12686.848344,2026-05-09 04:00:00+08:00
1778271300000,92.41,92.5,92.22,92.49,13763.087498,2026-05-09 04:15:00+08:00
1778272200000,92.49,92.49,92.23,92.35,5580.249656,2026-05-09 04:30:00+08:00
1778273100000,92.36,92.4,92.03,92.11,6469.115956,2026-05-09 04:45:00+08:00
1778274000000,92.12,92.24,91.75,91.92,9950.473676,2026-05-09 05:00:00+08:00
1778274900000,91.92,92.13,91.89,91.94,6396.710176,2026-05-09 05:15:00+08:00
1778275800000,91.95,92.39,91.95,92.38,12393.468731,2026-05-09 05:30:00+08:00
1778276700000,92.38,92.38,92.26,92.32,4508.878113,2026-05-09 05:45:00+08:00
1778277600000,92.32,92.64,92.29,92.64,6672.171556,2026-05-09 06:00:00+08:00
1778278500000,92.65,92.7,92.41,92.43,3670.35278,2026-05-09 06:15:00+08:00
1778279400000,92.43,92.49,92.34,92.37,5716.765322,2026-05-09 06:30:00+08:00
1778280300000,92.36,92.45,92.26,92.3,4127.156181,2026-05-09 06:45:00+08:00
1778281200000,92.31,92.31,92.04,92.05,9442.261392,2026-05-09 07:00:00+08:00
1778282100000,92.05,92.13,91.94,91.96,5616.625088,2026-05-09 07:15:00+08:00
1778283000000,91.95,91.96,91.75,91.82,9142.104638,2026-05-09 07:30:00+08:00
1778283900000,91.81,92.02,91.79,92.02,5300.626554,2026-05-09 07:45:00+08:00
1778284800000,92.02,92.1,91.85,92.07,7992.322795,2026-05-09 08:00:00+08:00
1778285700000,92.08,92.4,92.07,92.37,6501.386976,2026-05-09 08:15:00+08:00
1778286600000,92.38,92.55,92.33,92.37,4273.651363,2026-05-09 08:30:00+08:00
1778287500000,92.4,92.62,92.37,92.47,5425.247606,2026-05-09 08:45:00+08:00
1778288400000,92.47,92.7,92.43,92.67,5344.606449,2026-05-09 09:00:00+08:00
1778289300000,92.68,92.69,92.47,92.48,4689.876692,2026-05-09 09:15:00+08:00
1778290200000,92.47,93.33,92.47,93.19,28708.551803,2026-05-09 09:30:00+08:00
1778291100000,93.18,93.83,93.0,93.5,48419.860587,2026-05-09 09:45:00+08:00
1778292000000,93.5,93.79,93.27,93.57,15708.812628,2026-05-09 10:00:00+08:00
1778292900000,93.57,93.63,93.35,93.45,5645.269375,2026-05-09 10:15:00+08:00
1778293800000,93.44,93.79,93.4,93.48,9025.740586,2026-05-09 10:30:00+08:00
1778294700000,93.48,93.5,93.3,93.49,7718.03413,2026-05-09 10:45:00+08:00
1778295600000,93.5,93.71,93.4,93.55,6802.292196,2026-05-09 11:00:00+08:00
1778296500000,93.56,93.76,93.56,93.67,6873.194333,2026-05-09 11:15:00+08:00
1778297400000,93.66,93.67,93.41,93.53,5903.739138,2026-05-09 11:30:00+08:00
1778298300000,93.52,93.72,93.48,93.63,6406.942874,2026-05-09 11:45:00+08:00
1778299200000,93.63,94.17,93.63,93.95,20450.703412,2026-05-09 12:00:00+08:00
1778300100000,93.95,93.95,93.51,93.64,10364.750446,2026-05-09 12:15:00+08:00
1778301000000,93.64,93.73,93.43,93.44,3964.65545,2026-05-09 12:30:00+08:00
1778301900000,93.45,93.6,93.1,93.23,17752.376747,2026-05-09 12:45:00+08:00
1778302800000,93.23,93.24,92.83,93.1,21299.685191,2026-05-09 13:00:00+08:00
1778303700000,93.11,93.53,93.11,93.5,11512.205998,2026-05-09 13:15:00+08:00
1778304600000,93.49,93.72,93.44,93.7,6732.695243,2026-05-09 13:30:00+08:00
1778305500000,93.7,93.77,93.61,93.72,6463.050208,2026-05-09 13:45:00+08:00
1778306400000,93.74,94.11,93.72,93.88,17551.918318,2026-05-09 14:00:00+08:00
1778307300000,93.88,93.88,93.51,93.56,5525.471001,2026-05-09 14:15:00+08:00
1778308200000,93.56,93.63,93.2,93.43,17202.785048,2026-05-09 14:30:00+08:00
1778309100000,93.42,93.56,93.35,93.51,5560.432521,2026-05-09 14:45:00+08:00
1778310000000,93.52,93.69,93.34,93.49,5199.221144,2026-05-09 15:00:00+08:00
1778310900000,93.48,93.8,93.48,93.66,4672.248919,2026-05-09 15:15:00+08:00
1778311800000,93.66,94.0,93.62,93.72,24015.267732,2026-05-09 15:30:00+08:00
1778312700000,93.71,93.8,93.64,93.74,9651.991229,2026-05-09 15:45:00+08:00
1778313600000,93.74,93.85,93.66,93.82,8040.180705,2026-05-09 16:00:00+08:00
1778314500000,93.83,93.91,93.75,93.84,4562.305762,2026-05-09 16:15:00+08:00
1778315400000,93.85,93.94,93.73,93.74,2617.738058,2026-05-09 16:30:00+08:00
1778316300000,93.74,93.81,93.68,93.7,1698.705931,2026-05-09 16:45:00+08:00
1778317200000,93.7,93.7,93.51,93.51,3334.322683,2026-05-09 17:00:00+08:00
1778318100000,93.5,93.5,93.05,93.43,15674.209794,2026-05-09 17:15:00+08:00
1778319000000,93.44,93.45,93.23,93.3,5270.955654,2026-05-09 17:30:00+08:00
1778319900000,93.29,93.4,93.17,93.28,4208.004657,2026-05-09 17:45:00+08:00
1778320800000,93.28,93.29,93.11,93.27,3698.364728,2026-05-09 18:00:00+08:00
1778321700000,93.27,93.5,93.27,93.34,4730.331546,2026-05-09 18:15:00+08:00
1778322600000,93.34,93.59,93.34,93.5,2241.411795,2026-05-09 18:30:00+08:00
1778323500000,93.49,93.51,93.35,93.39,1650.957639,2026-05-09 18:45:00+08:00
1778324400000,93.38,93.56,93.32,93.51,2748.42175,2026-05-09 19:00:00+08:00
1778325300000,93.51,93.67,93.49,93.66,4393.181222,2026-05-09 19:15:00+08:00
1778326200000,93.67,93.67,93.55,93.57,2026.967163,2026-05-09 19:30:00+08:00
1778327100000,93.57,93.66,93.54,93.61,3698.112291,2026-05-09 19:45:00+08:00
1778328000000,93.61,93.74,93.46,93.5,4091.951539,2026-05-09 20:00:00+08:00
1778328900000,93.5,93.68,93.24,93.61,7501.06673,2026-05-09 20:15:00+08:00
1778329800000,93.59,93.59,93.26,93.33,3287.280356,2026-05-09 20:30:00+08:00
1778330700000,93.34,93.48,93.3,93.45,2450.225528,2026-05-09 20:45:00+08:00
1778331600000,93.44,93.46,93.24,93.37,3601.518303,2026-05-09 21:00:00+08:00
1778332500000,93.38,93.41,93.1,93.22,4645.996667,2026-05-09 21:15:00+08:00
1778333400000,93.23,93.27,93.01,93.27,8512.565041,2026-05-09 21:30:00+08:00
1778334300000,93.27,93.45,93.27,93.45,3346.905659,2026-05-09 21:45:00+08:00
1778335200000,93.45,93.45,93.18,93.23,3503.968585,2026-05-09 22:00:00+08:00
1778336100000,93.23,93.27,92.91,93.01,10745.684002,2026-05-09 22:15:00+08:00
1778337000000,93.01,93.11,92.98,93.03,3417.612426,2026-05-09 22:30:00+08:00
1778337900000,93.03,93.09,92.77,92.87,6435.774225,2026-05-09 22:45:00+08:00
1778338800000,92.88,92.97,92.4,92.55,9047.951352,2026-05-09 23:00:00+08:00
1778339700000,92.56,92.86,92.55,92.84,5399.640173,2026-05-09 23:15:00+08:00
1778340600000,92.83,92.97,92.7,92.7,5108.262723,2026-05-09 23:30:00+08:00
1778341500000,92.72,92.99,92.72,92.99,3837.025191,2026-05-09 23:45:00+08:00
1778342400000,93.0,93.08,92.83,93.08,12976.37722,2026-05-10 00:00:00+08:00
1778343300000,93.07,93.3,92.94,92.94,9617.517218,2026-05-10 00:15:00+08:00
1778344200000,92.94,92.96,92.69,92.76,5768.93605,2026-05-10 00:30:00+08:00
1778345100000,92.76,92.91,92.7,92.77,8351.726835,2026-05-10 00:45:00+08:00
1778346000000,92.77,93.11,92.77,93.01,7420.790293,2026-05-10 01:00:00+08:00
1778346900000,93.01,93.22,92.94,93.22,3323.709624,2026-05-10 01:15:00+08:00
1778347800000,93.21,93.49,93.21,93.37,7370.283362,2026-05-10 01:30:00+08:00
1778348700000,93.37,93.39,93.12,93.22,2882.955176,2026-05-10 01:45:00+08:00
1778349600000,93.23,93.32,93.16,93.21,1984.082973,2026-05-10 02:00:00+08:00
1778350500000,93.21,93.64,93.19,93.56,5174.219625,2026-05-10 02:15:00+08:00
1778351400000,93.58,93.6,93.33,93.38,2470.987394,2026-05-10 02:30:00+08:00
1778352300000,93.38,93.38,93.3,93.38,1368.174725,2026-05-10 02:45:00+08:00
1778353200000,93.38,93.42,93.27,93.36,1885.002703,2026-05-10 03:00:00+08:00
1778354100000,93.36,93.36,93.23,93.35,1653.645819,2026-05-10 03:15:00+08:00
1778355000000,93.35,93.48,93.32,93.44,9299.533892,2026-05-10 03:30:00+08:00
1778355900000,93.43,93.59,93.4,93.51,3763.013409,2026-05-10 03:45:00+08:00
1778356800000,93.52,93.53,93.32,93.33,1103.185337,2026-05-10 04:00:00+08:00
1778357700000,93.32,93.32,93.23,93.3,1923.814163,2026-05-10 04:15:00+08:00
1778358600000,93.3,93.31,93.15,93.27,2090.579857,2026-05-10 04:30:00+08:00
1778359500000,93.26,93.31,93.21,93.27,805.613081,2026-05-10 04:45:00+08:00
1778360400000,93.27,93.43,93.26,93.35,2360.44479,2026-05-10 05:00:00+08:00
1778361300000,93.35,93.44,93.25,93.38,1765.358151,2026-05-10 05:15:00+08:00
1778362200000,93.38,93.46,93.3,93.44,1132.451766,2026-05-10 05:30:00+08:00
1778363100000,93.44,93.55,93.37,93.48,2239.374045,2026-05-10 05:45:00+08:00
1778364000000,93.49,93.51,93.35,93.37,1246.260345,2026-05-10 06:00:00+08:00
1778364900000,93.38,93.45,93.31,93.4,3121.903125,2026-05-10 06:15:00+08:00
1778365800000,93.39,93.49,93.22,93.47,1498.824258,2026-05-10 06:30:00+08:00
1778366700000,93.46,93.46,93.29,93.33,1073.378483,2026-05-10 06:45:00+08:00
1778367600000,93.34,93.49,93.25,93.29,1891.280863,2026-05-10 07:00:00+08:00
1778368500000,93.29,93.3,93.15,93.16,906.972967,2026-05-10 07:15:00+08:00
1778369400000,93.16,93.18,93.04,93.06,1354.053206,2026-05-10 07:30:00+08:00
1778370300000,93.07,93.21,93.06,93.13,1607.069124,2026-05-10 07:45:00+08:00
1778371200000,93.13,93.2,92.93,93.19,4036.277886,2026-05-10 08:00:00+08:00
1778372100000,93.18,93.35,93.14,93.18,2431.852582,2026-05-10 08:15:00+08:00
1778373000000,93.18,93.18,93.0,93.05,2502.167609,2026-05-10 08:30:00+08:00
1778373900000,93.04,93.08,92.95,93.02,1994.972054,2026-05-10 08:45:00+08:00
1778374800000,93.03,93.03,92.84,92.86,2765.473454,2026-05-10 09:00:00+08:00
1778375700000,92.86,92.91,92.61,92.64,4688.476317,2026-05-10 09:15:00+08:00
1778376600000,92.65,92.86,92.64,92.79,7176.77559,2026-05-10 09:30:00+08:00
1778377500000,92.79,92.99,92.71,92.97,10188.437677,2026-05-10 09:45:00+08:00
1778378400000,92.98,92.99,92.81,92.88,9512.614874,2026-05-10 10:00:00+08:00
1778379300000,92.89,93.11,92.88,93.07,4231.522531,2026-05-10 10:15:00+08:00
1778380200000,93.08,93.08,92.9,92.95,4417.234131,2026-05-10 10:30:00+08:00
1778381100000,92.96,93.1,92.82,93.03,14254.221978,2026-05-10 10:45:00+08:00
1778382000000,93.04,93.2,93.02,93.17,4489.361689,2026-05-10 11:00:00+08:00
1778382900000,93.18,93.25,93.04,93.16,7085.146966,2026-05-10 11:15:00+08:00
1778383800000,93.16,93.49,93.06,93.38,5152.458981,2026-05-10 11:30:00+08:00
1778384700000,93.38,93.48,93.38,93.41,2224.244623,2026-05-10 11:45:00+08:00
1778385600000,93.41,93.45,93.27,93.34,1748.300306,2026-05-10 12:00:00+08:00
1778386500000,93.34,93.45,93.23,93.32,3838.004105,2026-05-10 12:15:00+08:00
1778387400000,93.33,93.6,93.32,93.37,14449.681686,2026-05-10 12:30:00+08:00
1778388300000,93.37,93.45,93.31,93.35,685.734209,2026-05-10 12:45:00+08:00
1778389200000,93.35,93.35,93.25,93.33,1616.760027,2026-05-10 13:00:00+08:00
1778390100000,93.34,93.49,93.33,93.44,1190.451337,2026-05-10 13:15:00+08:00
1778391000000,93.44,93.5,93.39,93.42,814.819296,2026-05-10 13:30:00+08:00
1778391900000,93.41,93.44,93.31,93.33,1784.495797,2026-05-10 13:45:00+08:00
1778392800000,93.34,93.42,93.29,93.35,1501.249574,2026-05-10 14:00:00+08:00
1778393700000,93.35,93.39,93.24,93.27,5848.395827,2026-05-10 14:15:00+08:00
1778394600000,93.28,93.43,93.27,93.38,3864.405849,2026-05-10 14:30:00+08:00
1778395500000,93.37,93.46,93.37,93.4,1022.903808,2026-05-10 14:45:00+08:00
1778396400000,93.41,93.64,93.38,93.38,3967.06258,2026-05-10 15:00:00+08:00
1778397300000,93.39,93.6,93.37,93.53,1368.063183,2026-05-10 15:15:00+08:00
1778398200000,93.53,93.62,93.47,93.52,1519.421425,2026-05-10 15:30:00+08:00
1778399100000,93.53,93.59,93.43,93.45,1102.093236,2026-05-10 15:45:00+08:00
1778400000000,93.45,94.06,93.42,93.75,10818.421336,2026-05-10 16:00:00+08:00
1778400900000,93.74,94.05,93.68,93.9,4015.071519,2026-05-10 16:15:00+08:00
1778401800000,93.91,94.0,93.85,93.9,3318.613254,2026-05-10 16:30:00+08:00
1778402700000,93.89,94.07,93.88,94.05,3091.834516,2026-05-10 16:45:00+08:00
1778403600000,94.06,94.84,94.05,94.47,33638.055927,2026-05-10 17:00:00+08:00
1778404500000,94.47,94.54,94.31,94.51,7275.182289,2026-05-10 17:15:00+08:00
1778405400000,94.5,94.63,94.22,94.31,7253.160768,2026-05-10 17:30:00+08:00
1778406300000,94.3,94.45,94.22,94.29,8080.371561,2026-05-10 17:45:00+08:00
1778407200000,94.3,94.37,93.8,93.82,13173.647167,2026-05-10 18:00:00+08:00
1778408100000,93.82,93.87,93.57,93.84,16107.208077,2026-05-10 18:15:00+08:00
1778409000000,93.83,93.9,93.72,93.79,4521.015448,2026-05-10 18:30:00+08:00
1778409900000,93.79,93.93,93.66,93.86,9270.957546,2026-05-10 18:45:00+08:00
1778410800000,93.86,94.01,93.76,93.8,2726.771967,2026-05-10 19:00:00+08:00
1778411700000,93.8,93.82,92.92,93.29,22349.004343,2026-05-10 19:15:00+08:00
1778412600000,93.29,93.41,93.23,93.35,4326.618583,2026-05-10 19:30:00+08:00
1778413500000,93.35,93.62,93.34,93.56,7866.651057,2026-05-10 19:45:00+08:00
1778414400000,93.55,93.69,93.37,93.49,5099.105751,2026-05-10 20:00:00+08:00
1778415300000,93.48,93.54,93.31,93.39,3713.455005,2026-05-10 20:15:00+08:00
1778416200000,93.39,93.46,93.31,93.38,2903.46431,2026-05-10 20:30:00+08:00
1778417100000,93.38,93.45,93.2,93.32,4072.953735,2026-05-10 20:45:00+08:00
1778418000000,93.31,93.52,93.24,93.42,8955.374562,2026-05-10 21:00:00+08:00
1778418900000,93.43,93.78,93.39,93.68,8785.190768,2026-05-10 21:15:00+08:00
1778419800000,93.67,93.79,93.6,93.76,3303.93105,2026-05-10 21:30:00+08:00
1778420700000,93.75,93.96,93.7,93.77,6221.298541,2026-05-10 21:45:00+08:00
1778421600000,93.78,93.97,93.72,93.86,3662.509702,2026-05-10 22:00:00+08:00
1778422500000,93.87,93.88,93.71,93.74,4472.108568,2026-05-10 22:15:00+08:00
1778423400000,93.76,94.13,93.76,93.94,5657.430848,2026-05-10 22:30:00+08:00
1778424300000,93.93,94.06,93.69,93.89,3545.985723,2026-05-10 22:45:00+08:00
1778425200000,93.89,94.31,93.89,94.27,22226.51559,2026-05-10 23:00:00+08:00
1778426100000,94.28,94.41,94.18,94.35,6674.450227,2026-05-10 23:15:00+08:00
1778427000000,94.37,94.67,94.36,94.56,10579.251807,2026-05-10 23:30:00+08:00
1778427900000,94.56,94.74,94.4,94.54,8794.726634,2026-05-10 23:45:00+08:00
1778428800000,94.54,94.65,94.29,94.51,11386.256419,2026-05-11 00:00:00+08:00
1778429700000,94.52,94.53,94.17,94.37,12034.023207,2026-05-11 00:15:00+08:00
1778430600000,94.38,94.87,94.32,94.7,11717.722343,2026-05-11 00:30:00+08:00
1778431500000,94.71,94.98,94.64,94.81,11437.114277,2026-05-11 00:45:00+08:00
1778432400000,94.82,95.36,94.82,95.21,28499.229593,2026-05-11 01:00:00+08:00
1778433300000,95.21,95.98,95.17,95.91,19791.4085,2026-05-11 01:15:00+08:00
1778434200000,95.93,96.16,95.65,95.93,14127.6763,2026-05-11 01:30:00+08:00
1778435100000,95.93,96.51,95.7,96.49,14451.818349,2026-05-11 01:45:00+08:00
1778436000000,96.5,96.69,96.13,96.66,10809.807172,2026-05-11 02:00:00+08:00
1778436900000,96.65,96.85,96.41,96.63,15989.708097,2026-05-11 02:15:00+08:00
1778437800000,96.63,96.89,96.51,96.58,11399.838501,2026-05-11 02:30:00+08:00
1778438700000,96.59,96.77,96.4,96.44,8462.762432,2026-05-11 02:45:00+08:00
1778439600000,96.43,96.43,95.75,96.19,12085.657218,2026-05-11 03:00:00+08:00
1778440500000,96.18,96.88,96.15,96.81,9101.132594,2026-05-11 03:15:00+08:00
1778441400000,96.82,96.88,96.46,96.6,6902.018627,2026-05-11 03:30:00+08:00
1778442300000,96.59,96.64,96.25,96.48,4490.610582,2026-05-11 03:45:00+08:00
1778443200000,96.48,96.61,95.97,95.98,5676.895524,2026-05-11 04:00:00+08:00
1778444100000,95.99,96.03,95.52,95.82,20150.742204,2026-05-11 04:15:00+08:00
1778445000000,95.81,95.81,94.78,94.91,17951.843091,2026-05-11 04:30:00+08:00
1778445900000,94.9,94.91,93.41,94.53,44647.720937,2026-05-11 04:45:00+08:00
1778446800000,94.51,95.24,94.47,94.66,19422.784296,2026-05-11 05:00:00+08:00
1778447700000,94.66,95.33,94.64,95.33,9110.723512,2026-05-11 05:15:00+08:00
1778448600000,95.33,95.58,95.03,95.39,11814.196148,2026-05-11 05:30:00+08:00
1778449500000,95.39,95.55,95.06,95.07,7453.00498,2026-05-11 05:45:00+08:00
1778450400000,95.05,95.81,94.87,95.49,15700.229464,2026-05-11 06:00:00+08:00
1778451300000,95.5,96.07,95.31,95.75,12613.36119,2026-05-11 06:15:00+08:00
1778452200000,95.76,96.36,95.56,95.95,12997.254411,2026-05-11 06:30:00+08:00
1778453100000,95.96,96.32,95.92,96.21,8308.791213,2026-05-11 06:45:00+08:00
1778454000000,96.24,96.48,96.12,96.24,18136.910848,2026-05-11 07:00:00+08:00
1778454900000,96.24,96.54,95.97,96.34,15461.818963,2026-05-11 07:15:00+08:00
1778455800000,96.34,96.88,96.25,96.69,15333.080962,2026-05-11 07:30:00+08:00
1778456700000,96.69,96.7,96.33,96.45,6444.886165,2026-05-11 07:45:00+08:00
1778457600000,96.46,96.64,95.98,96.22,18433.482294,2026-05-11 08:00:00+08:00
1778458500000,96.23,96.53,95.89,96.11,25275.493168,2026-05-11 08:15:00+08:00
1778459400000,96.12,96.66,95.9,95.97,13989.628768,2026-05-11 08:30:00+08:00
1778460300000,95.97,96.11,95.34,95.79,17714.018291,2026-05-11 08:45:00+08:00
1778461200000,95.79,96.03,95.33,95.88,7687.388332,2026-05-11 09:00:00+08:00
1778462100000,95.89,96.4,95.77,96.1,11534.565327,2026-05-11 09:15:00+08:00
1778463000000,96.09,96.29,95.81,95.98,12060.175401,2026-05-11 09:30:00+08:00
1778463900000,95.97,96.26,95.79,96.06,4715.68131,2026-05-11 09:45:00+08:00
1778464800000,96.07,96.14,95.69,95.82,6366.7125,2026-05-11 10:00:00+08:00
1778465700000,95.81,95.81,95.4,95.59,6804.412049,2026-05-11 10:15:00+08:00
1778466600000,95.58,95.61,95.19,95.36,8397.269382,2026-05-11 10:30:00+08:00
1778467500000,95.38,95.44,95.26,95.31,5626.945135,2026-05-11 10:45:00+08:00
1778468400000,95.32,95.36,94.72,94.73,17484.945637,2026-05-11 11:00:00+08:00
1778469300000,94.73,95.01,94.67,94.72,10417.010949,2026-05-11 11:15:00+08:00
1778470200000,94.73,94.86,94.46,94.86,9200.344583,2026-05-11 11:30:00+08:00
1778471100000,94.85,94.96,94.75,94.77,7580.201104,2026-05-11 11:45:00+08:00
1778472000000,94.78,94.78,94.44,94.52,4761.920071,2026-05-11 12:00:00+08:00
1778472900000,94.52,94.89,94.52,94.83,3463.08684,2026-05-11 12:15:00+08:00
1778473800000,94.84,95.15,94.83,95.14,4146.771401,2026-05-11 12:30:00+08:00
1778474700000,95.15,95.2,94.94,94.96,2477.316443,2026-05-11 12:45:00+08:00
1778475600000,94.97,95.34,94.94,95.16,7087.501248,2026-05-11 13:00:00+08:00
1778476500000,95.16,95.59,95.16,95.59,4405.699234,2026-05-11 13:15:00+08:00
1778477400000,95.59,95.87,95.51,95.51,4318.387077,2026-05-11 13:30:00+08:00
1778478300000,95.51,95.78,95.49,95.7,2236.44788,2026-05-11 13:45:00+08:00
1778479200000,95.7,96.17,95.66,95.93,6335.532644,2026-05-11 14:00:00+08:00
1778480100000,95.94,96.07,95.73,95.97,3200.780207,2026-05-11 14:15:00+08:00
1778481000000,95.97,96.03,95.45,95.6,5091.196956,2026-05-11 14:30:00+08:00
1778481900000,95.6,95.65,95.43,95.49,3760.76859,2026-05-11 14:45:00+08:00
1778482800000,95.49,95.5,95.25,95.37,3514.284891,2026-05-11 15:00:00+08:00
1778483700000,95.36,95.57,95.25,95.31,3484.814661,2026-05-11 15:15:00+08:00
1778484600000,95.31,95.47,95.17,95.31,3317.305478,2026-05-11 15:30:00+08:00
1778485500000,95.31,95.54,95.28,95.34,8026.094771,2026-05-11 15:45:00+08:00
1778486400000,95.34,95.37,94.91,95.06,22647.193598,2026-05-11 16:00:00+08:00
1778487300000,95.06,95.13,94.62,94.62,13453.313425,2026-05-11 16:15:00+08:00
1778488200000,94.62,94.94,94.58,94.93,3966.400731,2026-05-11 16:30:00+08:00
1778489100000,94.92,94.99,94.71,94.77,4460.370941,2026-05-11 16:45:00+08:00
1778490000000,94.77,95.24,94.74,95.21,7685.901678,2026-05-11 17:00:00+08:00
1778490900000,95.22,95.29,95.13,95.25,3137.684969,2026-05-11 17:15:00+08:00
1778491800000,95.25,95.29,95.07,95.17,3052.320067,2026-05-11 17:30:00+08:00
1778492700000,95.16,95.35,95.12,95.29,4001.475677,2026-05-11 17:45:00+08:00
1778493600000,95.29,95.51,95.16,95.37,4248.398438,2026-05-11 18:00:00+08:00
1778494500000,95.36,95.59,95.32,95.5,17018.074785,2026-05-11 18:15:00+08:00
1778495400000,95.5,95.57,95.11,95.22,5555.800897,2026-05-11 18:30:00+08:00
1778496300000,95.22,95.29,95.05,95.07,1895.208311,2026-05-11 18:45:00+08:00
1778497200000,95.07,95.15,94.92,95.04,5519.983586,2026-05-11 19:00:00+08:00
1778498100000,95.03,95.31,95.03,95.19,2484.910653,2026-05-11 19:15:00+08:00
1778499000000,95.19,95.5,95.18,95.33,2273.287224,2026-05-11 19:30:00+08:00
1778499900000,95.32,95.36,95.03,95.25,2038.900277,2026-05-11 19:45:00+08:00
1778500800000,95.26,95.38,94.74,94.74,9630.160361,2026-05-11 20:00:00+08:00
1778501700000,94.75,95.33,94.68,95.2,7914.527223,2026-05-11 20:15:00+08:00
1778502600000,95.2,95.29,95.0,95.04,3159.531446,2026-05-11 20:30:00+08:00
1778503500000,95.04,95.21,94.71,94.79,8276.989087,2026-05-11 20:45:00+08:00
1778504400000,94.8,95.39,94.79,95.29,4184.845077,2026-05-11 21:00:00+08:00
1778505300000,95.28,95.33,95.09,95.15,1823.643169,2026-05-11 21:15:00+08:00
1778506200000,95.16,95.48,94.57,95.37,20734.35679,2026-05-11 21:30:00+08:00
1778507100000,95.37,95.45,94.93,95.23,10039.964699,2026-05-11 21:45:00+08:00
1778508000000,95.24,95.88,95.24,95.71,13205.789019,2026-05-11 22:00:00+08:00
1778508900000,95.72,95.76,94.77,94.77,8371.55158,2026-05-11 22:15:00+08:00
1778509800000,94.77,95.02,94.31,94.66,22694.715116,2026-05-11 22:30:00+08:00
1778510700000,94.67,95.2,94.4,95.17,19399.230308,2026-05-11 22:45:00+08:00
1778511600000,95.19,95.47,94.89,95.31,10892.226964,2026-05-11 23:00:00+08:00
1778512500000,95.33,96.5,95.33,96.23,28991.238335,2026-05-11 23:15:00+08:00
1778513400000,96.25,96.45,95.92,95.92,10192.356192,2026-05-11 23:30:00+08:00
1778514300000,95.92,96.8,95.84,96.79,18046.325408,2026-05-11 23:45:00+08:00
1778515200000,96.8,97.97,96.49,97.92,40880.041418,2026-05-12 00:00:00+08:00
1778516100000,97.93,97.98,97.22,97.42,21442.611314,2026-05-12 00:15:00+08:00
1778517000000,97.44,97.83,97.01,97.3,14958.488588,2026-05-12 00:30:00+08:00
1778517900000,97.28,97.77,97.26,97.32,10740.025911,2026-05-12 00:45:00+08:00
1778518800000,97.33,97.47,96.89,97.18,7011.55703,2026-05-12 01:00:00+08:00
1778519700000,97.19,97.49,97.12,97.23,5452.320542,2026-05-12 01:15:00+08:00
1778520600000,97.23,97.89,96.99,97.81,10562.69869,2026-05-12 01:30:00+08:00
1778521500000,97.82,97.94,97.63,97.76,6043.093674,2026-05-12 01:45:00+08:00
1778522400000,97.77,98.07,97.51,97.55,10756.555719,2026-05-12 02:00:00+08:00
1778523300000,97.55,97.7,97.27,97.57,18459.978885,2026-05-12 02:15:00+08:00
1778524200000,97.55,97.67,97.4,97.46,4502.741485,2026-05-12 02:30:00+08:00
1778525100000,97.47,97.77,97.25,97.28,14868.600766,2026-05-12 02:45:00+08:00
1778526000000,97.29,97.52,97.03,97.47,5914.663984,2026-05-12 03:00:00+08:00
1778526900000,97.47,97.85,97.36,97.71,7377.27347,2026-05-12 03:15:00+08:00
1778527800000,97.71,98.38,97.71,98.16,9119.669597,2026-05-12 03:30:00+08:00
1778528700000,98.15,98.28,98.0,98.18,30351.879805,2026-05-12 03:45:00+08:00
1778529600000,98.2,98.38,97.82,97.87,14240.147426,2026-05-12 04:00:00+08:00
1778530500000,97.89,98.09,97.77,97.8,4915.131397,2026-05-12 04:15:00+08:00
1778531400000,97.81,98.01,97.66,97.79,2978.322541,2026-05-12 04:30:00+08:00
1778532300000,97.81,97.93,97.6,97.64,4942.208841,2026-05-12 04:45:00+08:00
1778533200000,97.63,97.76,97.42,97.63,5247.519977,2026-05-12 05:00:00+08:00
1778534100000,97.62,97.68,97.46,97.56,4210.861531,2026-05-12 05:15:00+08:00
1778535000000,97.55,97.81,97.48,97.6,3477.690997,2026-05-12 05:30:00+08:00
1778535900000,97.59,97.59,97.32,97.4,9428.85302,2026-05-12 05:45:00+08:00
1778536800000,97.39,97.77,97.38,97.47,4280.075269,2026-05-12 06:00:00+08:00
1778537700000,97.48,97.71,97.36,97.47,4045.690436,2026-05-12 06:15:00+08:00
1778538600000,97.47,97.59,97.43,97.59,1089.704762,2026-05-12 06:30:00+08:00
1778539500000,97.6,97.83,97.56,97.64,1839.586444,2026-05-12 06:45:00+08:00
1778540400000,97.64,97.64,97.28,97.48,6113.194876,2026-05-12 07:00:00+08:00
1778541300000,97.48,97.49,97.09,97.16,5830.611793,2026-05-12 07:15:00+08:00
1778542200000,97.16,97.51,97.13,97.42,1780.27863,2026-05-12 07:30:00+08:00
1778543100000,97.41,97.44,97.28,97.36,2662.214183,2026-05-12 07:45:00+08:00
1778544000000,97.37,97.42,97.18,97.27,5167.388945,2026-05-12 08:00:00+08:00
1778544900000,97.26,97.48,97.22,97.43,2742.257803,2026-05-12 08:15:00+08:00
1778545800000,97.43,97.6,97.36,97.4,2309.015224,2026-05-12 08:30:00+08:00
1778546700000,97.4,97.66,97.4,97.51,3002.629822,2026-05-12 08:45:00+08:00
1778547600000,97.52,97.65,97.01,97.04,4969.910883,2026-05-12 09:00:00+08:00
1778548500000,97.05,97.06,96.59,96.82,13092.493911,2026-05-12 09:15:00+08:00
1778549400000,96.8,96.81,95.54,96.12,28415.328968,2026-05-12 09:30:00+08:00
1778550300000,96.12,96.45,96.01,96.29,7208.336393,2026-05-12 09:45:00+08:00
1778551200000,96.28,96.71,96.2,96.62,6630.710232,2026-05-12 10:00:00+08:00
1778552100000,96.64,96.65,96.16,96.58,5477.489817,2026-05-12 10:15:00+08:00
1778553000000,96.58,96.62,96.28,96.39,4881.665107,2026-05-12 10:30:00+08:00
1778553900000,96.39,96.65,96.38,96.56,5144.93668,2026-05-12 10:45:00+08:00
1778554800000,96.57,96.65,96.29,96.38,2952.34099,2026-05-12 11:00:00+08:00
1778555700000,96.37,96.37,96.1,96.21,4767.287731,2026-05-12 11:15:00+08:00
1778556600000,96.22,96.37,96.22,96.35,1867.9892,2026-05-12 11:30:00+08:00
1778557500000,96.33,96.33,96.05,96.14,4704.425046,2026-05-12 11:45:00+08:00
1778558400000,96.15,96.2,96.08,96.13,3065.54282,2026-05-12 12:00:00+08:00
1778559300000,96.13,96.4,96.1,96.28,2807.5311,2026-05-12 12:15:00+08:00
1778560200000,96.29,96.45,96.28,96.34,1222.792086,2026-05-12 12:30:00+08:00
1778561100000,96.34,96.5,96.3,96.36,1636.415325,2026-05-12 12:45:00+08:00
1778562000000,96.36,96.5,96.24,96.35,3594.59395,2026-05-12 13:00:00+08:00
1778562900000,96.35,96.7,96.35,96.62,4385.92091,2026-05-12 13:15:00+08:00
1778563800000,96.62,96.76,96.48,96.63,3040.161132,2026-05-12 13:30:00+08:00
1778564700000,96.64,96.75,96.56,96.57,1177.364752,2026-05-12 13:45:00+08:00
1778565600000,96.57,96.71,96.48,96.7,1096.266911,2026-05-12 14:00:00+08:00
1778566500000,96.7,96.99,96.69,96.74,5320.933477,2026-05-12 14:15:00+08:00
1778567400000,96.74,96.77,96.33,96.37,3511.463171,2026-05-12 14:30:00+08:00
1778568300000,96.38,96.43,96.16,96.2,1694.642382,2026-05-12 14:45:00+08:00
1778569200000,96.19,96.26,95.82,96.23,8989.846679,2026-05-12 15:00:00+08:00
1778570100000,96.24,96.31,96.03,96.07,3107.632723,2026-05-12 15:15:00+08:00
1778571000000,96.08,96.23,96.0,96.05,4989.403256,2026-05-12 15:30:00+08:00
1778571900000,96.04,96.3,95.86,96.04,4485.278352,2026-05-12 15:45:00+08:00
1778572800000,96.05,96.19,95.59,95.63,33514.918092,2026-05-12 16:00:00+08:00
1778573700000,95.62,95.88,95.39,95.64,10169.694677,2026-05-12 16:15:00+08:00
1778574600000,95.66,95.86,95.59,95.85,5228.112725,2026-05-12 16:30:00+08:00
1778575500000,95.84,95.89,95.58,95.66,7180.563956,2026-05-12 16:45:00+08:00
1778576400000,95.65,95.73,95.36,95.4,12094.422165,2026-05-12 17:00:00+08:00
1778577300000,95.4,95.6,95.33,95.53,5043.404569,2026-05-12 17:15:00+08:00
1778578200000,95.53,96.06,95.53,95.98,10087.565968,2026-05-12 17:30:00+08:00
1778579100000,95.99,96.04,95.73,95.79,2502.882376,2026-05-12 17:45:00+08:00
1778580000000,95.79,95.98,95.69,95.69,4889.798115,2026-05-12 18:00:00+08:00
1778580900000,95.7,95.7,95.19,95.44,8452.934062,2026-05-12 18:15:00+08:00
1778581800000,95.43,95.49,95.05,95.15,6400.538722,2026-05-12 18:30:00+08:00
1778582700000,95.15,95.19,94.95,95.01,7458.210812,2026-05-12 18:45:00+08:00
1778583600000,95.02,95.06,94.67,94.81,7507.993417,2026-05-12 19:00:00+08:00
1778584500000,94.81,94.82,94.61,94.75,4727.266561,2026-05-12 19:15:00+08:00
1778585400000,94.75,94.93,94.74,94.91,4563.436114,2026-05-12 19:30:00+08:00
1778586300000,94.91,95.0,94.81,94.98,1990.324642,2026-05-12 19:45:00+08:00
1778587200000,94.98,95.13,94.75,95.1,5961.257861,2026-05-12 20:00:00+08:00
1778588100000,95.1,95.21,94.81,94.9,8258.086624,2026-05-12 20:15:00+08:00
1778589000000,94.91,95.57,94.39,95.32,29497.123065,2026-05-12 20:30:00+08:00
1778589900000,95.33,95.43,95.19,95.22,4844.908922,2026-05-12 20:45:00+08:00
1778590800000,95.23,95.39,95.02,95.03,4687.096715,2026-05-12 21:00:00+08:00
1778591700000,95.03,95.13,94.82,95.01,3961.477458,2026-05-12 21:15:00+08:00
1778592600000,94.99,95.19,94.68,95.16,5469.441437,2026-05-12 21:30:00+08:00
1778593500000,95.17,95.38,94.55,94.69,11648.184918,2026-05-12 21:45:00+08:00
1778594400000,94.71,95.07,94.6,95.06,9071.42633,2026-05-12 22:00:00+08:00
1778595300000,95.07,95.23,94.61,94.81,6429.248509,2026-05-12 22:15:00+08:00
1778596200000,94.8,95.14,94.41,94.95,13075.348825,2026-05-12 22:30:00+08:00
1778597100000,94.94,94.94,94.43,94.56,5533.538258,2026-05-12 22:45:00+08:00
1778598000000,94.56,94.79,94.35,94.62,7928.977712,2026-05-12 23:00:00+08:00
1778598900000,94.61,94.61,93.62,93.86,31790.425036,2026-05-12 23:15:00+08:00
1778599800000,93.86,94.25,93.82,94.15,17882.224074,2026-05-12 23:30:00+08:00
1778600700000,94.16,94.24,93.85,93.87,16628.820764,2026-05-12 23:45:00+08:00
1778601600000,93.87,94.19,93.64,94.09,12797.670001,2026-05-13 00:00:00+08:00
1778602500000,94.09,94.31,93.99,94.16,7706.882754,2026-05-13 00:15:00+08:00
1778603400000,94.17,94.23,93.9,94.08,2816.851211,2026-05-13 00:30:00+08:00
1778604300000,94.07,94.12,93.61,93.84,10291.445707,2026-05-13 00:45:00+08:00
1778605200000,93.84,94.23,93.82,94.23,3661.653792,2026-05-13 01:00:00+08:00
1778606100000,94.23,94.59,94.23,94.46,8487.134991,2026-05-13 01:15:00+08:00
1778607000000,94.46,94.67,94.44,94.65,8879.440546,2026-05-13 01:30:00+08:00
1778607900000,94.66,94.67,94.48,94.52,1640.78536,2026-05-13 01:45:00+08:00
1778608800000,94.53,94.6,94.37,94.44,2523.506332,2026-05-13 02:00:00+08:00
1778609700000,94.45,94.6,94.36,94.42,4547.565472,2026-05-13 02:15:00+08:00
1778610600000,94.41,94.65,94.41,94.62,1685.988988,2026-05-13 02:30:00+08:00
1778611500000,94.62,94.8,94.5,94.56,6156.234548,2026-05-13 02:45:00+08:00
1778612400000,94.56,94.98,94.56,94.93,2417.18977,2026-05-13 03:00:00+08:00
1778613300000,94.92,94.96,94.58,94.58,2786.354087,2026-05-13 03:15:00+08:00
1778614200000,94.62,94.85,94.58,94.71,3275.297704,2026-05-13 03:30:00+08:00
1778615100000,94.7,94.96,94.69,94.93,3260.22752,2026-05-13 03:45:00+08:00
1778616000000,94.92,94.98,94.81,94.91,3355.627169,2026-05-13 04:00:00+08:00
1778616900000,94.91,94.97,94.85,94.96,997.567515,2026-05-13 04:15:00+08:00
1778617800000,94.95,94.96,94.65,94.72,1747.260678,2026-05-13 04:30:00+08:00
1778618700000,94.73,94.86,94.63,94.75,13459.179269,2026-05-13 04:45:00+08:00
1778619600000,94.76,94.87,94.73,94.78,4448.333367,2026-05-13 05:00:00+08:00
1778620500000,94.77,94.81,94.7,94.76,3230.252334,2026-05-13 05:15:00+08:00
1778621400000,94.76,94.8,94.6,94.71,2699.677004,2026-05-13 05:30:00+08:00
1778622300000,94.71,94.74,94.54,94.69,2601.733172,2026-05-13 05:45:00+08:00
1778623200000,94.69,95.05,94.69,94.75,3751.209423,2026-05-13 06:00:00+08:00
1778624100000,94.76,94.86,94.72,94.75,1164.305347,2026-05-13 06:15:00+08:00
1778625000000,94.74,94.82,94.64,94.75,1500.730614,2026-05-13 06:30:00+08:00
1778625900000,94.75,94.79,94.67,94.68,536.785289,2026-05-13 06:45:00+08:00
1778626800000,94.67,94.76,94.48,94.57,3257.400064,2026-05-13 07:00:00+08:00
1778627700000,94.57,94.72,94.56,94.67,881.843503,2026-05-13 07:15:00+08:00
1778628600000,94.67,94.68,94.41,94.41,1638.008296,2026-05-13 07:30:00+08:00
1778629500000,94.42,94.44,94.25,94.29,2402.821036,2026-05-13 07:45:00+08:00
1778630400000,94.29,94.34,94.06,94.16,4733.892855,2026-05-13 08:00:00+08:00
1778631300000,94.16,94.55,94.15,94.37,4460.691278,2026-05-13 08:15:00+08:00
1778632200000,94.38,94.63,94.35,94.56,1622.927573,2026-05-13 08:30:00+08:00
1778633100000,94.57,94.57,94.35,94.49,1355.117425,2026-05-13 08:45:00+08:00
1778634000000,94.49,95.15,94.48,95.01,7115.498595,2026-05-13 09:00:00+08:00
1778634900000,95.02,95.37,94.93,95.27,7999.047834,2026-05-13 09:15:00+08:00
1778635800000,95.3,95.44,95.18,95.27,4475.248117,2026-05-13 09:30:00+08:00
1778636700000,95.27,95.37,95.1,95.19,2995.768817,2026-05-13 09:45:00+08:00
1778637600000,95.2,95.31,95.03,95.21,2505.582598,2026-05-13 10:00:00+08:00
1778638500000,95.21,95.58,95.09,95.33,4488.899498,2026-05-13 10:15:00+08:00
1778639400000,95.34,95.37,95.2,95.27,1638.760303,2026-05-13 10:30:00+08:00
1778640300000,95.28,95.33,95.16,95.24,1471.06761,2026-05-13 10:45:00+08:00
1778641200000,95.24,95.27,95.08,95.09,3021.606309,2026-05-13 11:00:00+08:00
1778642100000,95.09,95.29,95.09,95.27,2306.983931,2026-05-13 11:15:00+08:00
1778643000000,95.26,95.5,95.24,95.47,3015.38646,2026-05-13 11:30:00+08:00
1778643900000,95.47,95.57,95.42,95.56,4325.901483,2026-05-13 11:45:00+08:00
1778644800000,95.57,95.72,95.49,95.57,3410.80762,2026-05-13 12:00:00+08:00
1778645700000,95.59,95.84,95.49,95.72,4700.124213,2026-05-13 12:15:00+08:00
1778646600000,95.73,95.99,95.52,95.57,7215.986526,2026-05-13 12:30:00+08:00
1778647500000,95.57,95.64,95.44,95.49,2936.452527,2026-05-13 12:45:00+08:00
1778648400000,95.49,95.51,95.28,95.39,7831.115096,2026-05-13 13:00:00+08:00
1778649300000,95.38,95.5,95.08,95.44,20959.651938,2026-05-13 13:15:00+08:00
1778650200000,95.43,95.44,95.16,95.23,5706.208146,2026-05-13 13:30:00+08:00
1778651100000,95.24,95.36,95.15,95.25,3076.270975,2026-05-13 13:45:00+08:00
1778652000000,95.26,95.58,95.16,95.57,3342.041102,2026-05-13 14:00:00+08:00
1778652900000,95.58,95.76,95.18,95.28,40326.928765,2026-05-13 14:15:00+08:00
1778653800000,95.28,95.32,95.17,95.26,3097.337674,2026-05-13 14:30:00+08:00
1778654700000,95.25,95.29,95.11,95.12,2499.072709,2026-05-13 14:45:00+08:00
1778655600000,95.12,95.23,95.1,95.2,2134.962646,2026-05-13 15:00:00+08:00
1778656500000,95.21,95.3,94.9,94.97,5976.880957,2026-05-13 15:15:00+08:00
1778657400000,94.98,95.23,94.89,95.19,3271.03727,2026-05-13 15:30:00+08:00
1778658300000,95.19,95.23,95.01,95.13,2336.125264,2026-05-13 15:45:00+08:00
1778659200000,95.14,95.27,95.09,95.15,2346.228818,2026-05-13 16:00:00+08:00
1778660100000,95.15,95.29,95.13,95.17,2753.925035,2026-05-13 16:15:00+08:00
1778661000000,95.17,95.75,95.0,95.73,8163.595512,2026-05-13 16:30:00+08:00
1778661900000,95.73,95.76,95.5,95.56,5295.953208,2026-05-13 16:45:00+08:00
1778662800000,95.56,95.86,95.56,95.69,6270.643853,2026-05-13 17:00:00+08:00
1778663700000,95.7,95.79,95.61,95.71,4482.880528,2026-05-13 17:15:00+08:00
1778664600000,95.72,95.87,95.69,95.71,4263.351635,2026-05-13 17:30:00+08:00
1778665500000,95.72,95.82,95.66,95.72,2262.679027,2026-05-13 17:45:00+08:00
1778666400000,95.72,95.76,95.33,95.35,3183.232664,2026-05-13 18:00:00+08:00
1778667300000,95.34,95.46,95.12,95.14,5339.580517,2026-05-13 18:15:00+08:00
1778668200000,95.14,95.2,94.75,94.83,9280.103055,2026-05-13 18:30:00+08:00
1778669100000,94.84,94.96,94.74,94.79,3031.684681,2026-05-13 18:45:00+08:00
1778670000000,94.8,94.83,94.28,94.39,16543.890095,2026-05-13 19:00:00+08:00
1778670900000,94.38,94.58,94.25,94.38,9336.313093,2026-05-13 19:15:00+08:00
1778671800000,94.39,94.63,94.37,94.63,9619.166832,2026-05-13 19:30:00+08:00
1778672700000,94.62,94.65,94.27,94.34,15579.951141,2026-05-13 19:45:00+08:00
1778673600000,94.34,94.64,94.31,94.53,16271.518946,2026-05-13 20:00:00+08:00
1778674500000,94.54,94.64,94.0,94.19,9366.24023,2026-05-13 20:15:00+08:00
1778675400000,94.19,94.2,92.26,93.02,104208.005377,2026-05-13 20:30:00+08:00
1778676300000,93.02,93.25,92.98,93.18,10822.645534,2026-05-13 20:45:00+08:00
1778677200000,93.18,93.45,93.17,93.37,8762.721812,2026-05-13 21:00:00+08:00
1778678100000,93.37,93.44,93.21,93.29,4828.754255,2026-05-13 21:15:00+08:00
1778679000000,93.28,93.35,92.74,92.9,13348.596137,2026-05-13 21:30:00+08:00
1778679900000,92.88,92.88,91.96,92.29,45473.405441,2026-05-13 21:45:00+08:00
1778680800000,92.29,92.29,91.44,92.04,53620.490783,2026-05-13 22:00:00+08:00
1778681700000,92.03,92.34,91.9,92.23,14392.295164,2026-05-13 22:15:00+08:00
1778682600000,92.22,92.28,91.64,91.83,18015.21339,2026-05-13 22:30:00+08:00
1778683500000,91.83,91.91,91.68,91.78,14093.415037,2026-05-13 22:45:00+08:00
1778684400000,91.77,91.95,91.0,91.04,29257.503707,2026-05-13 23:00:00+08:00
1778685300000,91.03,91.29,90.76,90.89,14432.157365,2026-05-13 23:15:00+08:00
1778686200000,90.88,91.04,90.76,90.83,10005.457878,2026-05-13 23:30:00+08:00
1778687100000,90.83,90.9,90.29,90.45,21075.08054,2026-05-13 23:45:00+08:00
1778688000000,90.45,91.02,90.42,90.74,16055.530058,2026-05-14 00:00:00+08:00
1778688900000,90.74,91.03,90.55,90.96,11405.576694,2026-05-14 00:15:00+08:00
1778689800000,90.96,91.16,90.85,90.99,11156.350987,2026-05-14 00:30:00+08:00
1778690700000,91.0,91.27,90.88,90.89,14510.559947,2026-05-14 00:45:00+08:00
1778691600000,90.89,91.15,90.84,91.04,8850.619466,2026-05-14 01:00:00+08:00
1778692500000,91.04,91.09,90.78,90.99,10744.406357,2026-05-14 01:15:00+08:00
1778693400000,91.0,91.04,90.72,90.95,7147.70088,2026-05-14 01:30:00+08:00
1778694300000,90.95,91.03,90.76,90.9,9954.954457,2026-05-14 01:45:00+08:00
1778695200000,90.9,91.14,90.89,91.09,9893.482842,2026-05-14 02:00:00+08:00
1778696100000,91.08,91.41,91.03,91.33,7772.839345,2026-05-14 02:15:00+08:00
1778697000000,91.34,91.42,91.0,91.02,4195.678526,2026-05-14 02:30:00+08:00
1778697900000,91.01,91.08,90.77,90.94,4484.056164,2026-05-14 02:45:00+08:00
1778698800000,90.93,90.96,90.62,90.66,5287.028086,2026-05-14 03:00:00+08:00
1778699700000,90.65,90.73,90.49,90.67,6666.181902,2026-05-14 03:15:00+08:00
1778700600000,90.67,90.97,90.67,90.9,3224.190486,2026-05-14 03:30:00+08:00
1778701500000,90.92,91.02,90.82,90.95,3173.337902,2026-05-14 03:45:00+08:00
1778702400000,90.96,91.18,90.93,91.1,4753.321262,2026-05-14 04:00:00+08:00
1778703300000,91.1,91.31,91.09,91.13,3373.438356,2026-05-14 04:15:00+08:00
1778704200000,91.15,91.35,91.13,91.15,8575.822905,2026-05-14 04:30:00+08:00
1778705100000,91.17,91.25,91.1,91.23,2819.740374,2026-05-14 04:45:00+08:00
1778706000000,91.25,91.28,90.74,90.95,11012.607641,2026-05-14 05:00:00+08:00
1778706900000,90.95,90.99,90.83,90.91,3032.984754,2026-05-14 05:15:00+08:00
1778707800000,90.91,90.97,90.85,90.91,3502.812141,2026-05-14 05:30:00+08:00
1778708700000,90.9,91.02,90.77,90.89,4723.902182,2026-05-14 05:45:00+08:00
1778709600000,90.89,90.98,90.65,90.95,6893.531361,2026-05-14 06:00:00+08:00
1778710500000,90.96,91.14,90.83,91.12,2003.591952,2026-05-14 06:15:00+08:00
1778711400000,91.12,91.18,91.01,91.09,1665.537835,2026-05-14 06:30:00+08:00
1778712300000,91.09,91.23,91.09,91.17,1959.134921,2026-05-14 06:45:00+08:00
1778713200000,91.18,91.31,91.09,91.26,3495.757698,2026-05-14 07:00:00+08:00
1778714100000,91.26,91.32,91.12,91.22,2564.682329,2026-05-14 07:15:00+08:00
1778715000000,91.23,91.27,91.05,91.14,1537.450567,2026-05-14 07:30:00+08:00
1778715900000,91.15,91.18,91.07,91.17,2001.342032,2026-05-14 07:45:00+08:00
1778716800000,91.16,91.42,91.15,91.37,3786.192223,2026-05-14 08:00:00+08:00
1778717700000,91.37,91.42,91.08,91.16,3572.069141,2026-05-14 08:15:00+08:00
1778718600000,91.17,91.32,91.14,91.21,3240.57295,2026-05-14 08:30:00+08:00
1778719500000,91.21,91.3,91.18,91.21,3620.737889,2026-05-14 08:45:00+08:00
1778720400000,91.21,91.34,91.13,91.16,1939.368399,2026-05-14 09:00:00+08:00
1778721300000,91.16,91.26,91.01,91.1,3225.982039,2026-05-14 09:15:00+08:00
1778722200000,91.1,91.18,91.01,91.11,3909.325305,2026-05-14 09:30:00+08:00
1778723100000,91.11,91.27,91.02,91.17,3554.115613,2026-05-14 09:45:00+08:00
1778724000000,91.17,91.25,91.09,91.1,4659.438759,2026-05-14 10:00:00+08:00
1778724900000,91.11,91.22,91.03,91.18,1874.090787,2026-05-14 10:15:00+08:00
1778725800000,91.17,91.17,90.93,91.07,4127.42528,2026-05-14 10:30:00+08:00
1778726700000,91.07,91.07,90.44,90.58,9283.821006,2026-05-14 10:45:00+08:00
1778727600000,90.59,90.77,90.0,90.5,17301.881568,2026-05-14 11:00:00+08:00
1778728500000,90.51,90.58,89.95,90.55,9872.281517,2026-05-14 11:15:00+08:00
1778729400000,90.55,90.58,90.2,90.31,3894.197668,2026-05-14 11:30:00+08:00
1778730300000,90.3,90.32,89.81,89.93,8980.415215,2026-05-14 11:45:00+08:00
1778731200000,89.94,90.27,89.87,90.22,9442.266358,2026-05-14 12:00:00+08:00
1778732100000,90.22,90.39,90.15,90.3,4112.725533,2026-05-14 12:15:00+08:00
1778733000000,90.32,90.45,90.27,90.41,2667.99387,2026-05-14 12:30:00+08:00
1778733900000,90.42,90.62,90.32,90.48,2782.916556,2026-05-14 12:45:00+08:00
1778734800000,90.48,90.62,90.41,90.53,3900.499461,2026-05-14 13:00:00+08:00
1778735700000,90.53,90.87,90.48,90.86,5174.096874,2026-05-14 13:15:00+08:00
1778736600000,90.87,91.19,90.87,91.12,5736.33729,2026-05-14 13:30:00+08:00
1778737500000,91.13,91.46,91.13,91.29,6771.575256,2026-05-14 13:45:00+08:00
1778738400000,91.28,91.45,91.13,91.43,6562.539352,2026-05-14 14:00:00+08:00
1778739300000,91.45,91.45,91.22,91.33,17248.276338,2026-05-14 14:15:00+08:00
1778740200000,91.33,91.35,91.12,91.26,4673.246867,2026-05-14 14:30:00+08:00
1778741100000,91.26,91.47,91.22,91.39,8016.366549,2026-05-14 14:45:00+08:00
1778742000000,91.39,91.71,90.9,90.91,32333.544275,2026-05-14 15:00:00+08:00
1778742900000,90.92,90.94,90.74,90.83,6405.918827,2026-05-14 15:15:00+08:00
1778743800000,90.83,91.15,90.69,91.08,15715.476357,2026-05-14 15:30:00+08:00
1778744700000,91.07,91.09,90.85,90.89,5001.56343,2026-05-14 15:45:00+08:00
1778745600000,90.89,91.07,90.68,91.03,3464.364823,2026-05-14 16:00:00+08:00
1778746500000,91.04,91.1,90.94,90.98,1395.119475,2026-05-14 16:15:00+08:00
1778747400000,90.98,91.29,90.98,91.18,5528.991566,2026-05-14 16:30:00+08:00
1778748300000,91.19,91.23,91.0,91.06,4157.171401,2026-05-14 16:45:00+08:00
1778749200000,91.06,91.14,90.98,90.98,1982.240265,2026-05-14 17:00:00+08:00
1778750100000,90.98,91.08,90.83,90.86,3692.831936,2026-05-14 17:15:00+08:00
1778751000000,90.87,90.89,90.59,90.69,6210.654,2026-05-14 17:30:00+08:00
1778751900000,90.68,90.91,90.6,90.85,3202.923546,2026-05-14 17:45:00+08:00
1778752800000,90.86,91.09,90.73,90.92,3321.607547,2026-05-14 18:00:00+08:00
1778753700000,90.94,91.12,90.94,91.0,3165.819654,2026-05-14 18:15:00+08:00
1778754600000,91.0,91.07,90.66,90.78,3438.649778,2026-05-14 18:30:00+08:00
1778755500000,90.78,91.12,90.78,91.06,1978.766151,2026-05-14 18:45:00+08:00
1778756400000,91.05,91.1,90.89,90.9,2472.217739,2026-05-14 19:00:00+08:00
1778757300000,90.89,91.02,90.68,90.74,2664.831596,2026-05-14 19:15:00+08:00
1778758200000,90.74,90.8,90.63,90.67,2576.447628,2026-05-14 19:30:00+08:00
1778759100000,90.67,90.77,90.62,90.64,1586.896281,2026-05-14 19:45:00+08:00
1778760000000,90.63,90.94,90.54,90.88,2195.596061,2026-05-14 20:00:00+08:00
1778760900000,90.88,91.02,90.74,90.91,3147.586075,2026-05-14 20:15:00+08:00
1778761800000,90.91,91.25,90.88,91.13,4693.930166,2026-05-14 20:30:00+08:00
1778762700000,91.12,91.28,91.1,91.21,2625.015241,2026-05-14 20:45:00+08:00
1778763600000,91.21,91.4,91.11,91.37,4381.469701,2026-05-14 21:00:00+08:00
1778764500000,91.36,91.48,91.11,91.24,8524.027065,2026-05-14 21:15:00+08:00
1778765400000,91.24,91.33,90.82,91.1,8858.111391,2026-05-14 21:30:00+08:00
1778766300000,91.11,91.29,90.73,90.78,8213.676255,2026-05-14 21:45:00+08:00
1778767200000,90.77,91.12,90.63,91.06,9335.360701,2026-05-14 22:00:00+08:00
1778768100000,91.07,91.64,91.04,91.48,14293.532899,2026-05-14 22:15:00+08:00
1778769000000,91.49,91.66,91.27,91.61,10415.117476,2026-05-14 22:30:00+08:00
1778769900000,91.62,92.35,91.62,92.26,28967.431281,2026-05-14 22:45:00+08:00
1778770800000,92.28,92.37,91.94,92.26,21365.598028,2026-05-14 23:00:00+08:00
1778771700000,92.27,92.66,92.13,92.47,19037.15428,2026-05-14 23:15:00+08:00
1778772600000,92.47,92.7,92.2,92.47,12009.820993,2026-05-14 23:30:00+08:00
1778773500000,92.47,93.23,92.44,93.16,20265.835671,2026-05-14 23:45:00+08:00
1778774400000,93.18,93.67,93.06,93.51,17447.768393,2026-05-15 00:00:00+08:00
1778775300000,93.51,93.55,93.11,93.3,14304.059206,2026-05-15 00:15:00+08:00
1778776200000,93.31,93.37,93.02,93.23,14104.05526,2026-05-15 00:30:00+08:00
1778777100000,93.23,93.39,92.34,93.32,21014.160056,2026-05-15 00:45:00+08:00
1778778000000,93.32,93.56,92.98,93.04,16618.300358,2026-05-15 01:00:00+08:00
1778778900000,93.04,93.04,92.32,92.42,16478.706791,2026-05-15 01:15:00+08:00
1778779800000,92.42,92.94,92.31,92.93,8881.479942,2026-05-15 01:30:00+08:00
1778780700000,92.94,93.31,92.93,93.0,10289.95792,2026-05-15 01:45:00+08:00
1778781600000,93.0,93.35,92.7,93.35,8238.848065,2026-05-15 02:00:00+08:00
1778782500000,93.35,93.65,93.16,93.58,7450.746546,2026-05-15 02:15:00+08:00
1778783400000,93.57,93.58,93.12,93.2,7544.308751,2026-05-15 02:30:00+08:00
1778784300000,93.21,93.58,93.2,93.43,5535.768238,2026-05-15 02:45:00+08:00
1778785200000,93.43,93.63,93.32,93.37,4558.487499,2026-05-15 03:00:00+08:00
1778786100000,93.37,93.48,92.94,92.94,9145.042447,2026-05-15 03:15:00+08:00
1778787000000,92.95,93.23,92.95,93.07,9971.11047,2026-05-15 03:30:00+08:00
1778787900000,93.07,93.07,92.8,92.9,6737.574957,2026-05-15 03:45:00+08:00
1778788800000,92.9,92.99,92.66,92.66,4707.462146,2026-05-15 04:00:00+08:00
1778789700000,92.66,92.83,92.45,92.55,6471.664213,2026-05-15 04:15:00+08:00
1778790600000,92.55,92.59,92.37,92.57,3446.36533,2026-05-15 04:30:00+08:00
1778791500000,92.57,92.8,92.54,92.72,1430.749159,2026-05-15 04:45:00+08:00
1778792400000,92.74,92.88,92.6,92.63,3621.577161,2026-05-15 05:00:00+08:00
1778793300000,92.62,92.83,92.55,92.79,1789.388104,2026-05-15 05:15:00+08:00
1778794200000,92.79,92.95,92.77,92.81,2459.438847,2026-05-15 05:30:00+08:00
1778795100000,92.8,92.8,92.64,92.7,4690.726341,2026-05-15 05:45:00+08:00
1778796000000,92.71,92.86,92.63,92.84,5261.888166,2026-05-15 06:00:00+08:00
1778796900000,92.83,92.83,92.65,92.77,1684.90968,2026-05-15 06:15:00+08:00
1778797800000,92.77,92.92,92.75,92.87,2097.478635,2026-05-15 06:30:00+08:00
1778798700000,92.87,92.91,92.61,92.66,1221.798709,2026-05-15 06:45:00+08:00
1778799600000,92.65,92.66,92.35,92.44,4915.202072,2026-05-15 07:00:00+08:00
1778800500000,92.44,92.6,92.29,92.57,3712.121083,2026-05-15 07:15:00+08:00
1778801400000,92.56,92.59,92.44,92.51,1823.974028,2026-05-15 07:30:00+08:00
1778802300000,92.49,92.49,92.12,92.17,6013.809022,2026-05-15 07:45:00+08:00
1778803200000,92.17,92.39,92.11,92.39,6327.092003,2026-05-15 08:00:00+08:00
1778804100000,92.38,92.53,92.35,92.48,5252.750762,2026-05-15 08:15:00+08:00
1778805000000,92.47,92.66,92.11,92.31,8389.758509,2026-05-15 08:30:00+08:00
1778805900000,92.32,92.48,92.29,92.43,3855.695451,2026-05-15 08:45:00+08:00
1778806800000,92.43,92.55,92.36,92.42,4564.910283,2026-05-15 09:00:00+08:00
1778807700000,92.42,92.51,92.2,92.2,3069.478708,2026-05-15 09:15:00+08:00
1778808600000,92.19,92.3,91.81,92.22,9617.98975,2026-05-15 09:30:00+08:00
1778809500000,92.22,92.22,91.71,91.76,9371.219422,2026-05-15 09:45:00+08:00
1778810400000,91.76,92.05,91.5,91.92,31071.971598,2026-05-15 10:00:00+08:00
1778811300000,91.91,92.05,91.71,91.72,5338.986402,2026-05-15 10:15:00+08:00
1778812200000,91.7,92.1,91.48,92.08,10917.595745,2026-05-15 10:30:00+08:00
1778813100000,92.09,92.43,92.08,92.35,5134.323515,2026-05-15 10:45:00+08:00
1778814000000,92.35,92.45,92.12,92.24,1877.341734,2026-05-15 11:00:00+08:00
1778814900000,92.24,92.3,92.15,92.28,1141.693951,2026-05-15 11:15:00+08:00
1778815800000,92.27,92.27,91.88,92.0,6861.443096,2026-05-15 11:30:00+08:00
1778816700000,92.0,92.14,91.94,92.06,2635.168969,2026-05-15 11:45:00+08:00
1778817600000,92.06,92.06,91.86,91.99,3675.983503,2026-05-15 12:00:00+08:00
1778818500000,91.99,92.01,91.68,91.72,2796.344652,2026-05-15 12:15:00+08:00
1778819400000,91.71,91.85,91.55,91.71,4476.373767,2026-05-15 12:30:00+08:00
1778820300000,91.71,91.77,91.22,91.28,12868.320301,2026-05-15 12:45:00+08:00
1778821200000,91.29,91.49,91.16,91.47,8650.414154,2026-05-15 13:00:00+08:00
1778822100000,91.46,91.52,91.3,91.35,2153.198458,2026-05-15 13:15:00+08:00
1778823000000,91.36,91.37,90.27,90.67,27978.316461,2026-05-15 13:30:00+08:00
1778823900000,90.66,90.76,90.41,90.6,5153.781498,2026-05-15 13:45:00+08:00
1778824800000,90.59,91.01,90.59,90.67,24708.123669,2026-05-15 14:00:00+08:00
1778825700000,90.67,90.82,90.48,90.82,3936.87707,2026-05-15 14:15:00+08:00
1778826600000,90.81,91.05,90.78,91.02,4691.431879,2026-05-15 14:30:00+08:00
1778827500000,91.03,91.08,90.95,91.01,4176.136309,2026-05-15 14:45:00+08:00
1778828400000,91.01,91.24,90.93,91.22,3423.74623,2026-05-15 15:00:00+08:00
1778829300000,91.21,91.72,91.09,91.56,24707.435813,2026-05-15 15:15:00+08:00
1778830200000,91.57,91.58,91.27,91.36,9929.831409,2026-05-15 15:30:00+08:00
1778831100000,91.36,91.71,91.33,91.6,14326.744295,2026-05-15 15:45:00+08:00
1778832000000,91.61,91.67,91.34,91.45,6726.834588,2026-05-15 16:00:00+08:00
1778832900000,91.46,91.6,91.12,91.14,10418.680008,2026-05-15 16:15:00+08:00
1778833800000,91.14,91.47,90.97,91.43,7839.106937,2026-05-15 16:30:00+08:00
1778834700000,91.44,91.69,91.17,91.26,23680.429166,2026-05-15 16:45:00+08:00
1778835600000,91.28,91.3,90.96,91.21,17478.035928,2026-05-15 17:00:00+08:00
1778836500000,91.21,91.23,91.02,91.22,4060.023394,2026-05-15 17:15:00+08:00
1778837400000,91.22,91.35,90.97,90.97,8124.2994,2026-05-15 17:30:00+08:00
1778838300000,90.98,91.19,90.93,91.16,5776.616004,2026-05-15 17:45:00+08:00
1778839200000,91.17,91.28,91.02,91.24,3153.454106,2026-05-15 18:00:00+08:00
1778840100000,91.25,91.25,91.01,91.08,2590.209254,2026-05-15 18:15:00+08:00
1778841000000,91.09,91.31,91.01,91.22,3875.539205,2026-05-15 18:30:00+08:00
1778841900000,91.23,91.58,91.2,91.46,7137.802698,2026-05-15 18:45:00+08:00
1778842800000,91.47,91.55,91.26,91.43,1968.462357,2026-05-15 19:00:00+08:00
1778843700000,91.43,91.5,91.27,91.34,4524.946084,2026-05-15 19:15:00+08:00
1778844600000,91.35,91.4,91.24,91.3,2033.561878,2026-05-15 19:30:00+08:00
1778845500000,91.29,91.36,91.18,91.27,2667.693737,2026-05-15 19:45:00+08:00
1778846400000,91.26,91.26,90.8,90.8,7038.323471,2026-05-15 20:00:00+08:00
1778847300000,90.79,91.01,90.73,90.86,7352.155093,2026-05-15 20:15:00+08:00
1778848200000,90.86,90.89,90.62,90.65,5706.887204,2026-05-15 20:30:00+08:00
1778849100000,90.64,90.76,90.57,90.68,4478.953609,2026-05-15 20:45:00+08:00
1778850000000,90.67,90.67,90.21,90.35,10884.833752,2026-05-15 21:00:00+08:00
1778850900000,90.35,90.58,90.27,90.48,6673.570018,2026-05-15 21:15:00+08:00
1778851800000,90.49,90.49,89.16,89.25,43294.896261,2026-05-15 21:30:00+08:00
1778852700000,89.24,89.67,88.68,88.9,38468.421453,2026-05-15 21:45:00+08:00
1778853600000,88.91,89.52,88.55,89.38,32783.784727,2026-05-15 22:00:00+08:00
1778854500000,89.37,89.56,89.03,89.12,8460.699944,2026-05-15 22:15:00+08:00
1778855400000,89.13,89.31,89.03,89.14,5827.376354,2026-05-15 22:30:00+08:00
1778856300000,89.1,89.24,88.8,89.07,14163.32466,2026-05-15 22:45:00+08:00
1778857200000,89.07,89.24,88.88,89.1,7052.839829,2026-05-15 23:00:00+08:00
1778858100000,89.08,89.33,88.9,89.02,12459.007689,2026-05-15 23:15:00+08:00
1778859000000,89.03,89.18,88.77,88.82,6802.570193,2026-05-15 23:30:00+08:00
1778859900000,88.83,89.13,88.72,89.05,10416.338241,2026-05-15 23:45:00+08:00
1778860800000,89.05,89.09,88.82,88.97,6253.987854,2026-05-16 00:00:00+08:00
1778861700000,88.94,89.5,88.89,89.47,13114.596295,2026-05-16 00:15:00+08:00
1778862600000,89.48,89.72,89.48,89.52,9705.974087,2026-05-16 00:30:00+08:00
1778863500000,89.52,89.57,89.27,89.53,3673.682099,2026-05-16 00:45:00+08:00
1778864400000,89.53,89.95,89.49,89.71,11368.360438,2026-05-16 01:00:00+08:00
1778865300000,89.71,89.9,89.61,89.75,4114.617108,2026-05-16 01:15:00+08:00
1778866200000,89.75,89.85,89.67,89.7,3562.900612,2026-05-16 01:30:00+08:00
1778867100000,89.69,89.86,89.63,89.82,2666.310984,2026-05-16 01:45:00+08:00
1778868000000,89.83,90.1,89.82,89.97,8957.486582,2026-05-16 02:00:00+08:00
1778868900000,89.97,90.03,89.65,89.77,4824.740719,2026-05-16 02:15:00+08:00
1778869800000,89.77,89.91,89.47,89.89,4157.945396,2026-05-16 02:30:00+08:00
1778870700000,89.87,89.93,89.72,89.81,1682.181577,2026-05-16 02:45:00+08:00
1778871600000,89.81,89.82,89.42,89.51,5367.9349,2026-05-16 03:00:00+08:00
1778872500000,89.52,89.64,89.51,89.56,1357.933411,2026-05-16 03:15:00+08:00
1778873400000,89.56,89.67,89.43,89.43,3787.568848,2026-05-16 03:30:00+08:00
1778874300000,89.43,89.56,89.36,89.43,5966.053074,2026-05-16 03:45:00+08:00
1778875200000,89.44,89.53,89.12,89.29,5405.340445,2026-05-16 04:00:00+08:00
1778876100000,89.29,89.41,89.13,89.41,1136.72227,2026-05-16 04:15:00+08:00
1778877000000,89.42,89.44,89.18,89.18,2847.555881,2026-05-16 04:30:00+08:00
1778877900000,89.17,89.31,89.1,89.29,1960.368279,2026-05-16 04:45:00+08:00
1778878800000,89.29,89.43,89.28,89.41,3112.271017,2026-05-16 05:00:00+08:00
1778879700000,89.42,89.44,89.2,89.27,3323.534723,2026-05-16 05:15:00+08:00
1778880600000,89.27,89.32,89.15,89.23,3934.259671,2026-05-16 05:30:00+08:00
1778881500000,89.22,89.25,88.97,89.06,6145.309783,2026-05-16 05:45:00+08:00
1778882400000,89.07,89.27,89.07,89.21,736.163047,2026-05-16 06:00:00+08:00
1778883300000,89.22,89.29,89.15,89.23,1458.597225,2026-05-16 06:15:00+08:00
1778884200000,89.24,89.31,89.15,89.27,1033.690641,2026-05-16 06:30:00+08:00
1778885100000,89.25,89.37,89.23,89.35,1533.57204,2026-05-16 06:45:00+08:00
1778886000000,89.34,89.4,89.28,89.28,1317.86809,2026-05-16 07:00:00+08:00
1778886900000,89.27,89.38,89.26,89.3,1346.650334,2026-05-16 07:15:00+08:00
1778887800000,89.29,89.34,89.21,89.33,1212.217287,2026-05-16 07:30:00+08:00
1778888700000,89.33,89.33,89.23,89.25,1370.803947,2026-05-16 07:45:00+08:00
1778889600000,89.25,89.44,89.15,89.43,2846.891446,2026-05-16 08:00:00+08:00
1778890500000,89.43,89.44,89.3,89.36,2156.615518,2026-05-16 08:15:00+08:00
1778891400000,89.35,89.4,89.28,89.3,921.055559,2026-05-16 08:30:00+08:00
1778892300000,89.31,89.36,89.18,89.23,986.591308,2026-05-16 08:45:00+08:00
1778893200000,89.24,89.27,89.19,89.26,1779.743449,2026-05-16 09:00:00+08:00
1778894100000,89.27,89.28,89.03,89.03,2704.179138,2026-05-16 09:15:00+08:00
1778895000000,89.03,89.1,88.95,89.0,1761.286296,2026-05-16 09:30:00+08:00
1778895900000,89.0,89.34,89.0,89.29,1835.992851,2026-05-16 09:45:00+08:00
1778896800000,89.29,89.39,89.18,89.3,4209.564815,2026-05-16 10:00:00+08:00
1778897700000,89.31,89.33,89.09,89.09,3969.29068,2026-05-16 10:15:00+08:00
1778898600000,89.1,89.13,88.99,89.09,1627.829204,2026-05-16 10:30:00+08:00
1778899500000,89.07,89.22,89.06,89.2,748.848656,2026-05-16 10:45:00+08:00
1778900400000,89.21,89.26,89.17,89.21,811.01792,2026-05-16 11:00:00+08:00
1778901300000,89.21,89.27,89.16,89.21,1141.407847,2026-05-16 11:15:00+08:00
1778902200000,89.22,89.22,89.03,89.04,724.342117,2026-05-16 11:30:00+08:00
1778903100000,89.03,89.13,89.0,89.05,979.743531,2026-05-16 11:45:00+08:00
1778904000000,89.05,89.1,88.93,88.98,2611.199534,2026-05-16 12:00:00+08:00
1778904900000,88.98,89.02,88.75,88.8,2939.491622,2026-05-16 12:15:00+08:00
1778905800000,88.81,88.82,88.17,88.64,20676.492219,2026-05-16 12:30:00+08:00
1778906700000,88.64,88.88,88.51,88.87,10889.50356,2026-05-16 12:45:00+08:00
1778907600000,88.88,88.92,88.44,88.6,9915.455896,2026-05-16 13:00:00+08:00
1778908500000,88.59,88.65,88.54,88.58,4409.775811,2026-05-16 13:15:00+08:00
1778909400000,88.59,88.7,88.28,88.63,20121.132903,2026-05-16 13:30:00+08:00
1778910300000,88.63,88.68,88.53,88.57,2283.84059,2026-05-16 13:45:00+08:00
1778911200000,88.58,88.66,88.3,88.36,1229.145171,2026-05-16 14:00:00+08:00
1778912100000,88.36,88.4,88.12,88.31,5395.904335,2026-05-16 14:15:00+08:00
1778913000000,88.31,88.46,88.0,88.1,10651.128531,2026-05-16 14:30:00+08:00
1778913900000,88.1,88.18,87.81,88.02,8724.536629,2026-05-16 14:45:00+08:00
1778914800000,88.02,88.02,87.0,87.21,32702.350763,2026-05-16 15:00:00+08:00
1778915700000,87.19,87.39,86.73,87.38,18148.201134,2026-05-16 15:15:00+08:00
1778916600000,87.37,87.74,87.16,87.65,10262.458391,2026-05-16 15:30:00+08:00
1778917500000,87.65,87.73,87.37,87.46,6475.652947,2026-05-16 15:45:00+08:00
1778918400000,87.46,87.63,87.42,87.49,4754.175889,2026-05-16 16:00:00+08:00
1778919300000,87.48,87.59,87.38,87.49,7649.037782,2026-05-16 16:15:00+08:00
1778920200000,87.49,87.63,87.45,87.55,1605.457155,2026-05-16 16:30:00+08:00
1778921100000,87.55,87.57,87.44,87.49,1466.593275,2026-05-16 16:45:00+08:00
1778922000000,87.5,87.51,87.21,87.25,3479.355278,2026-05-16 17:00:00+08:00
1778922900000,87.27,87.28,85.77,85.97,73547.214152,2026-05-16 17:15:00+08:00
1778923800000,85.98,86.29,85.96,86.14,8335.063816,2026-05-16 17:30:00+08:00
1778924700000,86.15,86.3,85.92,86.05,8696.741945,2026-05-16 17:45:00+08:00
1778925600000,86.05,86.15,85.63,85.83,13958.553123,2026-05-16 18:00:00+08:00
1778926500000,85.84,85.91,85.52,85.7,7877.901859,2026-05-16 18:15:00+08:00
1778927400000,85.71,86.04,85.69,85.8,7245.424985,2026-05-16 18:30:00+08:00
1778928300000,85.8,86.03,85.76,86.0,3779.478923,2026-05-16 18:45:00+08:00
1778929200000,86.02,86.2,86.01,86.15,4564.652985,2026-05-16 19:00:00+08:00
1778930100000,86.14,86.28,86.09,86.19,3988.570129,2026-05-16 19:15:00+08:00
1778931000000,86.2,86.33,86.14,86.23,3470.64569,2026-05-16 19:30:00+08:00
1778931900000,86.22,86.26,86.11,86.11,3333.308419,2026-05-16 19:45:00+08:00
1778932800000,86.11,86.21,86.03,86.16,4686.717459,2026-05-16 20:00:00+08:00
1778933700000,86.16,86.24,86.01,86.17,3553.033976,2026-05-16 20:15:00+08:00
1778934600000,86.18,86.33,86.17,86.3,1615.921684,2026-05-16 20:30:00+08:00
1778935500000,86.3,86.44,86.25,86.25,2422.329886,2026-05-16 20:45:00+08:00
1778936400000,86.26,86.32,86.1,86.16,3122.370838,2026-05-16 21:00:00+08:00
1778937300000,86.17,86.34,86.11,86.3,3220.132515,2026-05-16 21:15:00+08:00
1778938200000,86.3,86.35,86.11,86.28,4508.381908,2026-05-16 21:30:00+08:00
1778939100000,86.27,86.31,86.21,86.25,5317.608276,2026-05-16 21:45:00+08:00
1778940000000,86.25,86.31,86.05,86.12,4711.964149,2026-05-16 22:00:00+08:00
1778940900000,86.13,86.26,86.08,86.18,3972.61114,2026-05-16 22:15:00+08:00
1778941800000,86.19,86.46,86.19,86.46,4356.30348,2026-05-16 22:30:00+08:00
1778942700000,86.45,86.7,86.28,86.39,7686.491174,2026-05-16 22:45:00+08:00
1778943600000,86.4,86.61,86.35,86.38,5329.859835,2026-05-16 23:00:00+08:00
1778944500000,86.39,86.45,86.27,86.34,3215.38178,2026-05-16 23:15:00+08:00
1778945400000,86.34,86.61,86.34,86.55,6513.472351,2026-05-16 23:30:00+08:00
1778946300000,86.56,86.68,86.47,86.49,6562.608269,2026-05-16 23:45:00+08:00
1778947200000,86.49,86.72,86.36,86.39,11484.188463,2026-05-17 00:00:00+08:00
1778948100000,86.38,86.7,86.3,86.62,19629.761854,2026-05-17 00:15:00+08:00
1778949000000,86.62,86.78,86.47,86.57,5727.00243,2026-05-17 00:30:00+08:00
1778949900000,86.57,86.72,86.57,86.63,1586.268801,2026-05-17 00:45:00+08:00
1778950800000,86.64,86.76,86.62,86.73,2978.428741,2026-05-17 01:00:00+08:00
1778951700000,86.73,86.85,86.65,86.81,2707.703048,2026-05-17 01:15:00+08:00
1778952600000,86.81,86.92,86.81,86.84,2418.792582,2026-05-17 01:30:00+08:00
1778953500000,86.82,86.95,86.76,86.8,3190.567309,2026-05-17 01:45:00+08:00
1778954400000,86.8,86.89,86.67,86.75,2215.50178,2026-05-17 02:00:00+08:00
1778955300000,86.76,86.78,86.62,86.74,1617.519697,2026-05-17 02:15:00+08:00
1778956200000,86.74,86.86,86.71,86.81,1352.601309,2026-05-17 02:30:00+08:00
1778957100000,86.8,86.96,86.78,86.82,3177.079296,2026-05-17 02:45:00+08:00
1778958000000,86.82,86.87,86.74,86.79,2071.478392,2026-05-17 03:00:00+08:00
1778958900000,86.79,86.85,86.71,86.82,3337.254673,2026-05-17 03:15:00+08:00
1778959800000,86.82,86.85,86.76,86.81,784.068207,2026-05-17 03:30:00+08:00
1778960700000,86.81,86.86,86.67,86.7,1148.478285,2026-05-17 03:45:00+08:00
1778961600000,86.7,86.88,86.69,86.86,2232.91583,2026-05-17 04:00:00+08:00
1778962500000,86.86,86.9,86.81,86.81,1637.202069,2026-05-17 04:15:00+08:00
1778963400000,86.81,86.81,86.68,86.73,1645.987986,2026-05-17 04:30:00+08:00
1778964300000,86.73,86.75,86.67,86.67,1303.591313,2026-05-17 04:45:00+08:00
1778965200000,86.68,86.78,86.65,86.7,13765.963071,2026-05-17 05:00:00+08:00
1778966100000,86.71,86.71,86.63,86.66,1246.244425,2026-05-17 05:15:00+08:00
1778967000000,86.67,86.69,86.48,86.59,3181.567291,2026-05-17 05:30:00+08:00
1778967900000,86.59,86.62,86.51,86.59,890.137467,2026-05-17 05:45:00+08:00
1778968800000,86.58,86.61,86.45,86.6,1542.945704,2026-05-17 06:00:00+08:00
1778969700000,86.6,86.7,86.58,86.65,1559.215194,2026-05-17 06:15:00+08:00
1778970600000,86.64,86.67,86.6,86.62,1089.42655,2026-05-17 06:30:00+08:00
1778971500000,86.63,86.65,86.52,86.53,780.224525,2026-05-17 06:45:00+08:00
1778972400000,86.53,86.59,86.5,86.56,667.80506,2026-05-17 07:00:00+08:00
1778973300000,86.57,86.7,86.57,86.61,1742.323796,2026-05-17 07:15:00+08:00
1778974200000,86.62,86.67,86.59,86.61,1173.825007,2026-05-17 07:30:00+08:00
1778975100000,86.63,86.67,86.53,86.55,685.09696,2026-05-17 07:45:00+08:00
1778976000000,86.55,86.73,86.54,86.56,1360.545837,2026-05-17 08:00:00+08:00
1778976900000,86.56,86.67,86.46,86.51,7715.70868,2026-05-17 08:15:00+08:00
1778977800000,86.51,86.57,86.33,86.34,3614.018421,2026-05-17 08:30:00+08:00
1778978700000,86.35,86.42,85.97,86.13,19093.184871,2026-05-17 08:45:00+08:00
1778979600000,86.13,86.34,85.93,86.24,2838.260036,2026-05-17 09:00:00+08:00
1778980500000,86.23,86.26,85.81,85.88,2611.260326,2026-05-17 09:15:00+08:00
1778981400000,85.88,86.03,85.58,85.77,13737.274305,2026-05-17 09:30:00+08:00
1778982300000,85.77,85.95,85.74,85.77,4630.495845,2026-05-17 09:45:00+08:00
1778983200000,85.77,86.07,85.77,85.99,1719.577525,2026-05-17 10:00:00+08:00
1778984100000,85.98,86.16,85.94,86.15,4905.565018,2026-05-17 10:15:00+08:00
1778985000000,86.15,86.28,85.96,85.99,20116.200628,2026-05-17 10:30:00+08:00
1778985900000,85.99,86.08,85.8,86.0,15598.206405,2026-05-17 10:45:00+08:00
1778986800000,86.0,86.24,85.99,86.21,903.032158,2026-05-17 11:00:00+08:00
1778987700000,86.21,86.33,86.15,86.23,1310.918015,2026-05-17 11:15:00+08:00
1778988600000,86.23,86.45,86.2,86.45,3047.860676,2026-05-17 11:30:00+08:00
1778989500000,86.45,86.64,86.44,86.51,4656.586053,2026-05-17 11:45:00+08:00
1778990400000,86.52,86.66,86.48,86.64,1899.602066,2026-05-17 12:00:00+08:00
1778991300000,86.64,86.89,86.64,86.79,2794.73612,2026-05-17 12:15:00+08:00
1778992200000,86.79,86.97,86.73,86.92,4569.986976,2026-05-17 12:30:00+08:00
1778993100000,86.93,86.96,86.84,86.86,2333.873059,2026-05-17 12:45:00+08:00
1778994000000,86.86,87.28,86.85,87.07,5172.364527,2026-05-17 13:00:00+08:00
1778994900000,87.06,87.08,86.84,86.96,6883.418897,2026-05-17 13:15:00+08:00
1778995800000,86.96,87.02,86.9,86.97,1334.797994,2026-05-17 13:30:00+08:00
1778996700000,86.98,87.03,86.89,86.9,1420.097626,2026-05-17 13:45:00+08:00
1778997600000,86.91,87.02,86.91,87.0,828.63104,2026-05-17 14:00:00+08:00
1778998500000,87.0,87.01,86.8,86.88,3648.172012,2026-05-17 14:15:00+08:00
1778999400000,86.88,86.98,86.72,86.75,9555.365801,2026-05-17 14:30:00+08:00
1779000300000,86.76,86.85,86.71,86.85,3538.926765,2026-05-17 14:45:00+08:00
1779001200000,86.85,86.87,86.78,86.83,1138.609996,2026-05-17 15:00:00+08:00
1779002100000,86.83,86.96,86.78,86.9,1067.200246,2026-05-17 15:15:00+08:00
1779003000000,86.91,87.11,86.86,86.94,3217.960539,2026-05-17 15:30:00+08:00
1779003900000,86.95,87.02,86.93,86.98,680.393456,2026-05-17 15:45:00+08:00
1779004800000,86.98,87.03,86.72,86.77,3318.414388,2026-05-17 16:00:00+08:00
1779005700000,86.77,86.82,86.59,86.67,1724.955226,2026-05-17 16:15:00+08:00
1779006600000,86.68,86.8,86.64,86.7,1643.783935,2026-05-17 16:30:00+08:00
1779007500000,86.7,86.85,86.66,86.84,2692.958254,2026-05-17 16:45:00+08:00
1779008400000,86.84,86.92,86.73,86.89,3646.67561,2026-05-17 17:00:00+08:00
1779009300000,86.89,87.02,86.75,86.87,15339.407274,2026-05-17 17:15:00+08:00
1779010200000,86.87,86.87,86.74,86.74,1984.488455,2026-05-17 17:30:00+08:00
1779011100000,86.74,86.92,86.72,86.87,3608.029129,2026-05-17 17:45:00+08:00
1779012000000,86.88,87.22,86.85,87.13,6873.127699,2026-05-17 18:00:00+08:00
1779012900000,87.13,87.27,87.04,87.14,4034.618663,2026-05-17 18:15:00+08:00
1779013800000,87.13,87.13,86.85,86.94,5626.76885,2026-05-17 18:30:00+08:00
1779014700000,86.94,87.05,86.8,87.0,11686.440137,2026-05-17 18:45:00+08:00
1779015600000,87.0,87.02,86.84,86.87,2950.908391,2026-05-17 19:00:00+08:00
1779016500000,86.88,86.9,86.81,86.83,1355.663653,2026-05-17 19:15:00+08:00
1779017400000,86.84,86.97,86.79,86.97,1158.773106,2026-05-17 19:30:00+08:00
1779018300000,86.97,86.99,86.86,86.91,2010.791849,2026-05-17 19:45:00+08:00
1779019200000,86.91,86.98,86.87,86.92,1167.239475,2026-05-17 20:00:00+08:00
1779020100000,86.92,87.0,86.87,86.93,1050.625541,2026-05-17 20:15:00+08:00
1779021000000,86.93,87.02,86.89,86.94,1490.691417,2026-05-17 20:30:00+08:00
1779021900000,86.93,87.0,86.73,86.78,2694.17615,2026-05-17 20:45:00+08:00
1779022800000,86.78,86.79,86.47,86.5,5155.348714,2026-05-17 21:00:00+08:00
1779023700000,86.51,86.51,86.31,86.49,3982.842023,2026-05-17 21:15:00+08:00
1779024600000,86.49,86.62,86.43,86.51,1652.459921,2026-05-17 21:30:00+08:00
1779025500000,86.51,86.6,86.38,86.41,2130.197888,2026-05-17 21:45:00+08:00
1779026400000,86.41,86.44,86.26,86.35,4219.067913,2026-05-17 22:00:00+08:00
1779027300000,86.34,86.45,85.94,86.33,9088.000417,2026-05-17 22:15:00+08:00
1779028200000,86.34,86.39,86.18,86.29,1569.478834,2026-05-17 22:30:00+08:00
1779029100000,86.3,86.39,86.29,86.31,1473.917338,2026-05-17 22:45:00+08:00
1779030000000,86.31,86.48,86.21,86.38,2106.986741,2026-05-17 23:00:00+08:00
1779030900000,86.38,86.38,86.17,86.3,1725.544999,2026-05-17 23:15:00+08:00
1779031800000,86.31,86.47,86.3,86.42,2463.083717,2026-05-17 23:30:00+08:00
1779032700000,86.42,86.49,86.41,86.45,1154.568703,2026-05-17 23:45:00+08:00
1779033600000,86.45,86.57,86.45,86.53,3262.355858,2026-05-18 00:00:00+08:00
1779034500000,86.52,86.62,86.46,86.62,1687.045632,2026-05-18 00:15:00+08:00
1779035400000,86.62,86.68,86.53,86.58,1547.425509,2026-05-18 00:30:00+08:00
1779036300000,86.57,86.58,86.12,86.3,7431.011589,2026-05-18 00:45:00+08:00
1779037200000,86.31,86.37,86.12,86.15,2686.196669,2026-05-18 01:00:00+08:00
1779038100000,86.15,86.23,86.01,86.18,2001.691519,2026-05-18 01:15:00+08:00
1779039000000,86.19,86.24,86.02,86.23,2450.400947,2026-05-18 01:30:00+08:00
1779039900000,86.23,86.31,86.22,86.26,3292.963405,2026-05-18 01:45:00+08:00
1779040800000,86.26,86.43,86.22,86.22,2055.549509,2026-05-18 02:00:00+08:00
1779041700000,86.22,86.26,86.02,86.26,1404.777949,2026-05-18 02:15:00+08:00
1779042600000,86.26,86.31,86.22,86.23,799.102825,2026-05-18 02:30:00+08:00
1779043500000,86.21,86.44,86.2,86.43,2554.535841,2026-05-18 02:45:00+08:00
1779044400000,86.43,86.57,86.43,86.47,615.050448,2026-05-18 03:00:00+08:00
1779045300000,86.47,86.57,86.42,86.48,537.150621,2026-05-18 03:15:00+08:00
1779046200000,86.48,86.73,86.48,86.68,1066.121129,2026-05-18 03:30:00+08:00
1779047100000,86.69,86.94,86.63,86.8,7216.720798,2026-05-18 03:45:00+08:00
1779048000000,86.8,86.9,86.69,86.77,6876.105356,2026-05-18 04:00:00+08:00
1779048900000,86.76,86.77,86.58,86.66,831.760087,2026-05-18 04:15:00+08:00
1779049800000,86.67,86.77,86.58,86.69,1844.255673,2026-05-18 04:30:00+08:00
1779050700000,86.68,86.7,86.64,86.7,846.326655,2026-05-18 04:45:00+08:00
1779051600000,86.69,86.79,86.6,86.74,5623.292061,2026-05-18 05:00:00+08:00
1779052500000,86.74,86.93,86.67,86.93,1782.548888,2026-05-18 05:15:00+08:00
1779053400000,86.93,86.97,86.82,86.91,2399.172272,2026-05-18 05:30:00+08:00
1779054300000,86.91,86.95,86.88,86.92,796.646027,2026-05-18 05:45:00+08:00
1779055200000,86.92,86.92,86.23,86.36,11820.940295,2026-05-18 06:00:00+08:00
1779056100000,86.37,86.42,86.03,86.14,3037.473092,2026-05-18 06:15:00+08:00
1779057000000,86.13,86.43,86.08,86.33,2378.294986,2026-05-18 06:30:00+08:00
1779057900000,86.34,86.34,86.01,86.23,2616.114904,2026-05-18 06:45:00+08:00
1779058800000,86.24,86.24,85.95,86.08,4528.380893,2026-05-18 07:00:00+08:00
1779059700000,86.08,86.13,85.72,85.82,13086.853758,2026-05-18 07:15:00+08:00
1779060600000,85.82,85.86,83.38,84.51,136819.864692,2026-05-18 07:30:00+08:00
1779061500000,84.51,85.38,84.39,85.23,36514.114214,2026-05-18 07:45:00+08:00
1779062400000,85.23,85.27,84.4,84.92,21086.726844,2026-05-18 08:00:00+08:00
1779063300000,84.92,85.27,84.84,85.12,9490.109351,2026-05-18 08:15:00+08:00
1779064200000,85.11,85.24,84.88,84.9,21482.693151,2026-05-18 08:30:00+08:00
1779065100000,84.89,85.34,84.87,85.34,9704.84826,2026-05-18 08:45:00+08:00
1779066000000,85.35,85.47,85.15,85.2,4627.894457,2026-05-18 09:00:00+08:00
1779066900000,85.2,85.2,84.69,84.9,9339.851098,2026-05-18 09:15:00+08:00
1779067800000,84.89,84.93,84.64,84.73,8707.341443,2026-05-18 09:30:00+08:00
1779068700000,84.72,85.13,84.55,84.99,4390.555644,2026-05-18 09:45:00+08:00
1779069600000,85.0,85.35,84.9,85.31,7421.081008,2026-05-18 10:00:00+08:00
1779070500000,85.31,85.34,84.99,85.07,7521.474621,2026-05-18 10:15:00+08:00
1779071400000,85.06,85.19,84.88,84.98,2774.912709,2026-05-18 10:30:00+08:00
1779072300000,84.98,85.09,84.72,84.89,5152.898635,2026-05-18 10:45:00+08:00
1779073200000,84.89,85.24,84.89,84.99,2294.78741,2026-05-18 11:00:00+08:00
1779074100000,84.99,85.05,84.83,84.97,2856.807406,2026-05-18 11:15:00+08:00
1779075000000,84.97,84.98,84.73,84.95,5511.90677,2026-05-18 11:30:00+08:00
1779075900000,84.95,85.01,84.81,84.86,4640.687987,2026-05-18 11:45:00+08:00
1779076800000,84.86,85.14,84.85,85.12,2481.753516,2026-05-18 12:00:00+08:00
1779077700000,85.12,85.14,84.59,84.74,6789.588231,2026-05-18 12:15:00+08:00
1779078600000,84.74,85.15,84.7,85.15,4361.342796,2026-05-18 12:30:00+08:00
1779079500000,85.14,85.32,85.05,85.27,5004.067287,2026-05-18 12:45:00+08:00
1779080400000,85.27,85.38,85.22,85.29,4416.541964,2026-05-18 13:00:00+08:00
1779081300000,85.29,85.35,85.15,85.26,6526.237998,2026-05-18 13:15:00+08:00
1779082200000,85.27,85.32,84.65,84.89,24764.657424,2026-05-18 13:30:00+08:00
1779083100000,84.88,84.95,84.8,84.88,2873.683466,2026-05-18 13:45:00+08:00
1779084000000,84.87,84.99,84.32,84.7,17830.690205,2026-05-18 14:00:00+08:00
1779084900000,84.7,84.89,84.28,84.49,10766.433812,2026-05-18 14:15:00+08:00
1779085800000,84.5,84.86,84.37,84.68,21506.307924,2026-05-18 14:30:00+08:00
1779086700000,84.69,84.89,84.66,84.75,4674.544355,2026-05-18 14:45:00+08:00
1779087600000,84.76,84.91,84.63,84.75,4197.676478,2026-05-18 15:00:00+08:00
1779088500000,84.74,85.03,84.41,84.93,5826.780049,2026-05-18 15:15:00+08:00
1779089400000,84.94,84.99,84.54,84.57,5148.433608,2026-05-18 15:30:00+08:00
1779090300000,84.57,84.82,84.57,84.77,3736.30298,2026-05-18 15:45:00+08:00
1779091200000,84.77,85.02,84.76,84.81,6268.625051,2026-05-18 16:00:00+08:00
1779092100000,84.81,84.91,84.77,84.85,1870.085401,2026-05-18 16:15:00+08:00
1779093000000,84.85,84.85,84.62,84.68,3796.681175,2026-05-18 16:30:00+08:00
1779093900000,84.68,84.91,84.66,84.9,2373.788289,2026-05-18 16:45:00+08:00
1779094800000,84.91,84.93,84.59,84.63,4028.455594,2026-05-18 17:00:00+08:00
1779095700000,84.63,84.76,84.61,84.66,1181.27634,2026-05-18 17:15:00+08:00
1779096600000,84.66,84.74,84.54,84.62,5833.051292,2026-05-18 17:30:00+08:00
1779097500000,84.62,84.74,84.47,84.49,2077.604658,2026-05-18 17:45:00+08:00
1779098400000,84.49,84.53,84.21,84.26,8541.702543,2026-05-18 18:00:00+08:00
1779099300000,84.25,84.43,84.24,84.39,4176.415712,2026-05-18 18:15:00+08:00
1779100200000,84.37,84.42,84.24,84.32,5050.048485,2026-05-18 18:30:00+08:00
1779101100000,84.33,84.48,84.23,84.27,3112.824969,2026-05-18 18:45:00+08:00
1779102000000,84.27,84.33,84.08,84.24,2988.737497,2026-05-18 19:00:00+08:00
1779102900000,84.23,84.44,84.22,84.31,1557.228593,2026-05-18 19:15:00+08:00
1779103800000,84.32,85.32,84.2,85.23,11758.099617,2026-05-18 19:30:00+08:00
1779104700000,85.24,85.25,84.91,84.98,7227.72607,2026-05-18 19:45:00+08:00
1779105600000,84.99,85.37,84.99,85.28,8408.839714,2026-05-18 20:00:00+08:00
1779106500000,85.3,85.48,85.17,85.19,6587.419112,2026-05-18 20:15:00+08:00
1779107400000,85.19,85.76,85.1,85.71,12929.714681,2026-05-18 20:30:00+08:00
1779108300000,85.71,85.79,85.46,85.56,7933.196975,2026-05-18 20:45:00+08:00
1779109200000,85.57,85.57,85.24,85.37,6248.070669,2026-05-18 21:00:00+08:00
1779110100000,85.37,85.38,85.14,85.15,4764.626456,2026-05-18 21:15:00+08:00
1779111000000,85.14,85.14,84.31,84.6,21772.839079,2026-05-18 21:30:00+08:00
1779111900000,84.58,85.01,84.46,84.69,11150.95041,2026-05-18 21:45:00+08:00
1779112800000,84.7,84.7,84.35,84.42,11579.106539,2026-05-18 22:00:00+08:00
1779113700000,84.43,84.52,84.01,84.23,16114.340339,2026-05-18 22:15:00+08:00
1779114600000,84.24,84.32,83.75,84.05,16837.200133,2026-05-18 22:30:00+08:00
1779115500000,84.05,84.1,83.73,83.97,13045.600511,2026-05-18 22:45:00+08:00
1779116400000,83.98,84.06,83.61,83.96,16023.561005,2026-05-18 23:00:00+08:00
1779117300000,83.95,83.99,83.71,83.74,7887.450608,2026-05-18 23:15:00+08:00
1779118200000,83.73,84.2,83.64,84.15,11709.564443,2026-05-18 23:30:00+08:00
1779119100000,84.15,84.39,84.1,84.21,5118.294671,2026-05-18 23:45:00+08:00
1779120000000,84.21,84.45,84.09,84.38,6679.327914,2026-05-19 00:00:00+08:00
1779120900000,84.39,84.51,84.01,84.08,8734.238348,2026-05-19 00:15:00+08:00
1779121800000,84.08,84.41,83.99,84.34,5000.92666,2026-05-19 00:30:00+08:00
1779122700000,84.34,84.52,84.31,84.33,4755.029254,2026-05-19 00:45:00+08:00
1779123600000,84.33,84.71,84.25,84.4,4631.775464,2026-05-19 01:00:00+08:00
1779124500000,84.41,84.58,84.4,84.44,2011.440883,2026-05-19 01:15:00+08:00
1779125400000,84.45,84.47,84.28,84.38,2736.870299,2026-05-19 01:30:00+08:00
1779126300000,84.38,84.47,84.32,84.41,2292.191411,2026-05-19 01:45:00+08:00
1779127200000,84.4,84.44,84.0,84.02,6236.342883,2026-05-19 02:00:00+08:00
1779128100000,84.02,84.02,83.5,83.83,8959.933741,2026-05-19 02:15:00+08:00
1779129000000,83.82,83.98,83.78,83.9,3334.218381,2026-05-19 02:30:00+08:00
1779129900000,83.9,83.97,83.5,83.54,7907.35774,2026-05-19 02:45:00+08:00
1779130800000,83.54,84.94,83.51,84.61,24476.900686,2026-05-19 03:00:00+08:00
1779131700000,84.62,84.68,84.34,84.46,5460.503698,2026-05-19 03:15:00+08:00
1779132600000,84.46,84.95,84.43,84.89,7468.344481,2026-05-19 03:30:00+08:00
1779133500000,84.9,85.23,84.86,85.01,7630.731822,2026-05-19 03:45:00+08:00
1779134400000,85.01,85.34,84.99,85.24,7125.685936,2026-05-19 04:00:00+08:00
1779135300000,85.24,85.39,85.23,85.35,3481.763647,2026-05-19 04:15:00+08:00
1779136200000,85.35,85.42,85.02,85.06,2654.819016,2026-05-19 04:30:00+08:00
1779137100000,85.07,85.08,84.85,84.93,5032.890469,2026-05-19 04:45:00+08:00
1779138000000,84.93,85.15,84.79,85.08,4616.737981,2026-05-19 05:00:00+08:00
1779138900000,85.09,85.36,85.07,85.31,8172.264661,2026-05-19 05:15:00+08:00
1779139800000,85.31,85.68,85.31,85.55,11708.78089,2026-05-19 05:30:00+08:00
1779140700000,85.55,85.61,85.46,85.57,4152.724571,2026-05-19 05:45:00+08:00
1779141600000,85.58,85.68,85.48,85.63,4299.176402,2026-05-19 06:00:00+08:00
1779142500000,85.62,85.78,85.55,85.57,2999.659626,2026-05-19 06:15:00+08:00
1779143400000,85.57,85.61,85.36,85.4,3482.457425,2026-05-19 06:30:00+08:00
1779144300000,85.4,85.47,85.28,85.46,4100.121818,2026-05-19 06:45:00+08:00
1779145200000,85.47,85.64,85.44,85.47,1372.557353,2026-05-19 07:00:00+08:00
1779146100000,85.48,85.51,85.38,85.48,1090.697029,2026-05-19 07:15:00+08:00
1779147000000,85.47,85.56,85.37,85.55,2078.204031,2026-05-19 07:30:00+08:00
1779147900000,85.54,85.54,85.27,85.39,2035.246693,2026-05-19 07:45:00+08:00
1779148800000,85.39,85.61,85.34,85.53,2860.342719,2026-05-19 08:00:00+08:00
1779149700000,85.52,85.97,85.49,85.81,6235.208447,2026-05-19 08:15:00+08:00
1779150600000,85.82,85.86,85.59,85.65,3342.141573,2026-05-19 08:30:00+08:00
1779151500000,85.65,85.81,85.57,85.58,1568.089676,2026-05-19 08:45:00+08:00
1779152400000,85.59,85.61,85.44,85.51,2950.394029,2026-05-19 09:00:00+08:00
1779153300000,85.51,85.52,85.05,85.08,5366.872858,2026-05-19 09:15:00+08:00
1779154200000,85.08,85.36,85.02,85.24,4322.02661,2026-05-19 09:30:00+08:00
1779155100000,85.23,85.23,84.9,84.9,3149.010751,2026-05-19 09:45:00+08:00
1779156000000,84.9,84.99,84.62,84.87,4491.079108,2026-05-19 10:00:00+08:00
1779156900000,84.86,85.29,84.77,85.11,2866.981716,2026-05-19 10:15:00+08:00
1779157800000,85.1,85.11,84.9,84.94,2214.112611,2026-05-19 10:30:00+08:00
1779158700000,84.94,85.03,84.81,84.86,1565.485487,2026-05-19 10:45:00+08:00
1779159600000,84.86,85.01,84.74,85.0,1188.161966,2026-05-19 11:00:00+08:00
1779160500000,85.01,85.16,84.97,85.01,1443.471374,2026-05-19 11:15:00+08:00
1779161400000,85.03,85.21,85.03,85.2,896.165219,2026-05-19 11:30:00+08:00
1779162300000,85.21,85.24,85.04,85.09,1702.652123,2026-05-19 11:45:00+08:00
1779163200000,85.09,85.32,85.01,85.25,1638.85455,2026-05-19 12:00:00+08:00
1779164100000,85.24,85.24,84.79,84.81,3131.394538,2026-05-19 12:15:00+08:00
1779165000000,84.83,85.19,84.81,85.12,2985.379655,2026-05-19 12:30:00+08:00
1779165900000,85.11,85.24,85.09,85.15,4487.480809,2026-05-19 12:45:00+08:00
1779166800000,85.16,85.19,84.9,84.96,2241.489566,2026-05-19 13:00:00+08:00
1779167700000,84.97,84.97,84.45,84.85,13849.27799,2026-05-19 13:15:00+08:00
1779168600000,84.83,85.26,84.78,85.13,3892.858629,2026-05-19 13:30:00+08:00
1779169500000,85.13,85.29,85.11,85.18,1371.600688,2026-05-19 13:45:00+08:00
1779170400000,85.18,85.3,85.12,85.28,1912.666947,2026-05-19 14:00:00+08:00
1779171300000,85.29,85.36,85.17,85.29,1810.713027,2026-05-19 14:15:00+08:00
1779172200000,85.29,85.58,85.29,85.56,5747.0336,2026-05-19 14:30:00+08:00
1779173100000,85.57,85.6,85.25,85.26,21156.616891,2026-05-19 14:45:00+08:00
1779174000000,85.26,85.49,85.13,85.4,3776.308884,2026-05-19 15:00:00+08:00
1779174900000,85.39,85.49,85.3,85.35,3190.910286,2026-05-19 15:15:00+08:00
1779175800000,85.36,85.55,85.32,85.5,3729.037385,2026-05-19 15:30:00+08:00
1779176700000,85.49,85.63,85.45,85.48,5008.305669,2026-05-19 15:45:00+08:00
1779177600000,85.49,85.5,85.05,85.18,11380.877238,2026-05-19 16:00:00+08:00
1779178500000,85.19,85.4,85.07,85.22,12039.612118,2026-05-19 16:15:00+08:00
1779179400000,85.22,85.59,85.17,85.39,4453.0231,2026-05-19 16:30:00+08:00
1779180300000,85.38,85.47,85.23,85.24,2253.050665,2026-05-19 16:45:00+08:00
1779181200000,85.24,85.32,85.14,85.22,1896.300473,2026-05-19 17:00:00+08:00
1779182100000,85.21,85.21,84.58,84.6,10962.598696,2026-05-19 17:15:00+08:00
1779183000000,84.59,84.78,84.49,84.75,4773.392994,2026-05-19 17:30:00+08:00
1779183900000,84.75,84.82,84.61,84.77,2687.033213,2026-05-19 17:45:00+08:00
1779184800000,84.77,84.8,84.63,84.68,2434.583627,2026-05-19 18:00:00+08:00
1779185700000,84.69,84.69,84.57,84.67,1323.424856,2026-05-19 18:15:00+08:00
1779186600000,84.67,84.88,84.42,84.45,4934.102066,2026-05-19 18:30:00+08:00
1779187500000,84.45,84.81,84.31,84.72,4400.510537,2026-05-19 18:45:00+08:00
1779188400000,84.72,84.82,84.68,84.73,2399.444358,2026-05-19 19:00:00+08:00
1779189300000,84.73,84.76,84.48,84.6,2607.922676,2026-05-19 19:15:00+08:00
1779190200000,84.59,84.62,84.27,84.29,3568.220348,2026-05-19 19:30:00+08:00
1779191100000,84.29,84.53,84.28,84.39,2784.295687,2026-05-19 19:45:00+08:00
1779192000000,84.39,84.57,84.3,84.57,2546.861152,2026-05-19 20:00:00+08:00
1779192900000,84.57,84.68,84.56,84.63,1815.716133,2026-05-19 20:15:00+08:00
1779193800000,84.62,84.78,84.62,84.75,1948.813872,2026-05-19 20:30:00+08:00
1779194700000,84.74,84.79,84.71,84.78,3607.518264,2026-05-19 20:45:00+08:00
1779195600000,84.79,84.91,84.58,84.72,3344.293594,2026-05-19 21:00:00+08:00
1779196500000,84.71,84.73,84.38,84.41,4270.852148,2026-05-19 21:15:00+08:00
1779197400000,84.41,85.1,84.41,84.64,7245.311964,2026-05-19 21:30:00+08:00
1779198300000,84.63,85.06,84.62,84.8,6124.801168,2026-05-19 21:45:00+08:00
1779199200000,84.8,84.94,84.38,84.4,8219.327648,2026-05-19 22:00:00+08:00
1779200100000,84.41,84.45,84.08,84.26,10802.527639,2026-05-19 22:15:00+08:00
1779201000000,84.29,84.44,84.06,84.27,6712.565732,2026-05-19 22:30:00+08:00
1779201900000,84.27,84.31,83.7,84.11,7981.768835,2026-05-19 22:45:00+08:00
1779202800000,84.12,84.35,84.03,84.33,4538.330779,2026-05-19 23:00:00+08:00
1779203700000,84.33,84.47,84.06,84.23,3974.275322,2026-05-19 23:15:00+08:00
1779204600000,84.22,84.59,84.22,84.33,4291.26564,2026-05-19 23:30:00+08:00
1779205500000,84.32,84.47,84.22,84.38,3993.884147,2026-05-19 23:45:00+08:00
1779206400000,84.38,84.43,84.15,84.22,1891.526639,2026-05-20 00:00:00+08:00
1779207300000,84.22,84.41,84.22,84.39,2225.222434,2026-05-20 00:15:00+08:00
1779208200000,84.39,84.74,84.39,84.72,3556.883119,2026-05-20 00:30:00+08:00
1779209100000,84.74,84.9,84.68,84.84,3280.263431,2026-05-20 00:45:00+08:00
1779210000000,84.84,84.96,84.72,84.8,2697.272538,2026-05-20 01:00:00+08:00
1779210900000,84.81,85.06,84.7,84.72,8756.181515,2026-05-20 01:15:00+08:00
1779211800000,84.71,84.82,84.52,84.66,5317.656658,2026-05-20 01:30:00+08:00
1779212700000,84.66,84.69,84.48,84.68,1382.024827,2026-05-20 01:45:00+08:00
1779213600000,84.69,84.8,84.58,84.74,1434.926169,2026-05-20 02:00:00+08:00
1779214500000,84.74,84.77,84.4,84.41,4682.266831,2026-05-20 02:15:00+08:00
1779215400000,84.42,84.49,84.25,84.46,3900.558307,2026-05-20 02:30:00+08:00
1779216300000,84.46,84.53,84.31,84.37,1373.642402,2026-05-20 02:45:00+08:00
1779217200000,84.37,84.71,84.36,84.7,2842.025861,2026-05-20 03:00:00+08:00
1779218100000,84.71,84.74,84.25,84.31,2443.23923,2026-05-20 03:15:00+08:00
1779219000000,84.32,84.51,84.23,84.48,2286.166569,2026-05-20 03:30:00+08:00
1779219900000,84.48,84.5,84.29,84.35,3533.502593,2026-05-20 03:45:00+08:00
1779220800000,84.36,84.51,84.31,84.44,2152.775512,2026-05-20 04:00:00+08:00
1779221700000,84.44,84.5,84.39,84.39,1235.728904,2026-05-20 04:15:00+08:00
1779222600000,84.4,84.53,84.37,84.46,3645.66033,2026-05-20 04:30:00+08:00
1779223500000,84.46,84.58,84.46,84.52,1817.852077,2026-05-20 04:45:00+08:00
1779224400000,84.53,84.67,84.39,84.6,6991.696533,2026-05-20 05:00:00+08:00
1779225300000,84.61,84.65,84.53,84.56,3141.579248,2026-05-20 05:15:00+08:00
1779226200000,84.56,84.65,84.56,84.59,1943.424709,2026-05-20 05:30:00+08:00
1779227100000,84.59,84.63,84.44,84.45,1854.502338,2026-05-20 05:45:00+08:00
1779228000000,84.44,84.44,84.23,84.29,2660.513146,2026-05-20 06:00:00+08:00
1779228900000,84.29,84.29,84.05,84.1,2907.624416,2026-05-20 06:15:00+08:00
1779229800000,84.1,84.24,84.0,84.18,2684.590964,2026-05-20 06:30:00+08:00
1779230700000,84.18,84.21,84.06,84.06,2228.511367,2026-05-20 06:45:00+08:00
1779231600000,84.11,84.34,84.04,84.25,708.101071,2026-05-20 07:00:00+08:00
1779232500000,84.26,84.49,84.22,84.47,1838.435073,2026-05-20 07:15:00+08:00
1779233400000,84.47,84.6,84.4,84.45,5516.462807,2026-05-20 07:30:00+08:00
1779234300000,84.46,84.47,84.24,84.3,5053.596295,2026-05-20 07:45:00+08:00
1779235200000,84.29,84.39,84.01,84.02,3166.027375,2026-05-20 08:00:00+08:00
1779236100000,84.01,84.17,83.92,84.17,4711.027611,2026-05-20 08:15:00+08:00
1779237000000,84.18,84.41,84.07,84.2,2840.737366,2026-05-20 08:30:00+08:00
1779237900000,84.2,84.28,84.14,84.23,2042.360292,2026-05-20 08:45:00+08:00
1779238800000,84.23,84.45,84.1,84.38,1824.573758,2026-05-20 09:00:00+08:00
1779239700000,84.37,84.38,83.86,83.88,3000.829717,2026-05-20 09:15:00+08:00
1779240600000,83.9,84.08,83.85,83.99,1934.202131,2026-05-20 09:30:00+08:00
1779241500000,84.0,84.54,83.95,84.35,5395.150249,2026-05-20 09:45:00+08:00
1779242400000,84.36,84.43,84.19,84.28,4154.540409,2026-05-20 10:00:00+08:00
1779243300000,84.28,84.48,84.21,84.27,10383.530866,2026-05-20 10:15:00+08:00
1779244200000,84.27,84.28,84.05,84.08,2044.341547,2026-05-20 10:30:00+08:00
1779245100000,84.08,84.18,83.91,84.0,6719.99971,2026-05-20 10:45:00+08:00
1779246000000,84.0,84.04,83.86,84.02,1762.412246,2026-05-20 11:00:00+08:00
1779246900000,84.02,84.28,84.0,84.25,2411.661606,2026-05-20 11:15:00+08:00
1779247800000,84.25,84.25,84.12,84.15,1217.220993,2026-05-20 11:30:00+08:00
1779248700000,84.14,84.15,84.03,84.1,1301.835093,2026-05-20 11:45:00+08:00
1779249600000,84.11,84.2,84.04,84.19,2034.585041,2026-05-20 12:00:00+08:00
1779250500000,84.18,84.22,84.06,84.06,1749.091837,2026-05-20 12:15:00+08:00
1779251400000,84.08,84.1,83.88,84.0,1251.236351,2026-05-20 12:30:00+08:00
1779252300000,84.01,84.22,84.01,84.22,1032.388079,2026-05-20 12:45:00+08:00
1779253200000,84.22,84.81,84.22,84.79,10045.841016,2026-05-20 13:00:00+08:00
1779254100000,84.79,84.8,84.55,84.7,3938.603455,2026-05-20 13:15:00+08:00
1779255000000,84.72,84.95,84.72,84.79,3334.626337,2026-05-20 13:30:00+08:00
1779255900000,84.78,84.83,84.71,84.76,1494.270535,2026-05-20 13:45:00+08:00
1779256800000,84.76,84.89,84.76,84.86,1690.935464,2026-05-20 14:00:00+08:00
1779257700000,84.88,84.98,84.84,84.85,2572.846168,2026-05-20 14:15:00+08:00
1779258600000,84.87,84.92,84.71,84.91,6645.316092,2026-05-20 14:30:00+08:00
1779259500000,84.93,85.01,84.83,84.98,1474.852071,2026-05-20 14:45:00+08:00
1779260400000,84.98,85.01,84.83,84.89,1512.239122,2026-05-20 15:00:00+08:00
1779261300000,84.88,85.12,84.85,85.02,4269.576519,2026-05-20 15:15:00+08:00
1779262200000,85.01,85.01,84.88,84.89,1821.421587,2026-05-20 15:30:00+08:00
1779263100000,84.89,84.89,84.7,84.75,3344.139219,2026-05-20 15:45:00+08:00
1779264000000,84.76,84.92,84.72,84.81,1866.070678,2026-05-20 16:00:00+08:00
1779264900000,84.81,84.88,84.73,84.85,2185.733216,2026-05-20 16:15:00+08:00
1779265800000,84.86,85.17,84.86,85.08,7245.756815,2026-05-20 16:30:00+08:00
1779266700000,85.08,85.09,84.96,84.98,1866.432342,2026-05-20 16:45:00+08:00
1779267600000,84.97,85.05,84.9,84.97,3900.721427,2026-05-20 17:00:00+08:00
1779268500000,84.97,85.03,84.88,85.02,2426.967687,2026-05-20 17:15:00+08:00
1779269400000,85.02,85.07,84.94,84.94,4302.321846,2026-05-20 17:30:00+08:00
1779270300000,84.95,84.95,84.84,84.88,4222.645264,2026-05-20 17:45:00+08:00
1779271200000,84.88,85.02,84.87,84.96,1369.044712,2026-05-20 18:00:00+08:00
1779272100000,84.96,85.04,84.93,85.02,1614.988883,2026-05-20 18:15:00+08:00
1779273000000,85.02,85.19,85.0,85.05,4244.275197,2026-05-20 18:30:00+08:00
1779273900000,85.05,85.09,84.94,84.96,1878.175812,2026-05-20 18:45:00+08:00
1779274800000,84.97,85.05,84.91,84.95,1667.857711,2026-05-20 19:00:00+08:00
1779275700000,84.95,84.99,84.83,84.83,2040.438969,2026-05-20 19:15:00+08:00
1779276600000,84.84,84.91,84.71,84.77,2451.195463,2026-05-20 19:30:00+08:00
1779277500000,84.77,84.8,84.57,84.69,5399.741811,2026-05-20 19:45:00+08:00
1779278400000,84.69,84.85,84.61,84.77,2243.666799,2026-05-20 20:00:00+08:00
1779279300000,84.76,84.87,84.63,84.86,2410.308699,2026-05-20 20:15:00+08:00
1779280200000,84.86,85.05,84.86,85.01,2965.482574,2026-05-20 20:30:00+08:00
1779281100000,85.01,85.33,85.0,85.11,5179.345874,2026-05-20 20:45:00+08:00
1779282000000,85.11,85.16,84.92,84.92,3041.905453,2026-05-20 21:00:00+08:00
1779282900000,84.93,84.99,84.7,84.75,2193.624078,2026-05-20 21:15:00+08:00
1779283800000,84.74,84.83,84.17,84.49,12501.907756,2026-05-20 21:30:00+08:00
1779284700000,84.51,84.79,84.46,84.69,4073.782867,2026-05-20 21:45:00+08:00
1779285600000,84.69,84.8,84.34,84.66,7313.547472,2026-05-20 22:00:00+08:00
1779286500000,84.66,85.33,84.65,85.12,10068.776357,2026-05-20 22:15:00+08:00
1779287400000,85.13,85.59,85.13,85.58,19261.853872,2026-05-20 22:30:00+08:00
1779288300000,85.58,86.15,85.55,85.85,33188.098262,2026-05-20 22:45:00+08:00
1779289200000,85.84,85.93,85.42,85.43,7487.551818,2026-05-20 23:00:00+08:00
1779290100000,85.44,86.29,85.44,85.99,38355.249298,2026-05-20 23:15:00+08:00
1779291000000,86.0,86.06,85.67,85.78,5304.292899,2026-05-20 23:30:00+08:00
1779291900000,85.79,86.1,85.78,85.91,7853.639093,2026-05-20 23:45:00+08:00
1779292800000,85.92,86.5,85.92,86.3,11701.873112,2026-05-21 00:00:00+08:00
1779293700000,86.3,86.32,85.54,85.67,15065.991327,2026-05-21 00:15:00+08:00
1779294600000,85.68,86.22,85.62,86.2,7706.666792,2026-05-21 00:30:00+08:00
1779295500000,86.21,86.83,86.15,86.48,29665.551757,2026-05-21 00:45:00+08:00
1779296400000,86.49,86.66,86.32,86.54,12033.786502,2026-05-21 01:00:00+08:00
1779297300000,86.55,86.89,86.45,86.79,6340.605173,2026-05-21 01:15:00+08:00
1779298200000,86.79,87.09,86.69,86.85,8336.291436,2026-05-21 01:30:00+08:00
1779299100000,86.86,86.89,86.5,86.52,6453.8981,2026-05-21 01:45:00+08:00
1779300000000,86.52,86.58,86.35,86.39,4200.183243,2026-05-21 02:00:00+08:00
1779300900000,86.4,86.51,86.05,86.08,7655.712683,2026-05-21 02:15:00+08:00
1779301800000,86.08,86.17,85.93,85.96,5195.893875,2026-05-21 02:30:00+08:00
1779302700000,85.96,85.99,85.68,85.82,10859.607687,2026-05-21 02:45:00+08:00
1779303600000,85.83,85.92,85.63,85.82,3706.799552,2026-05-21 03:00:00+08:00
1779304500000,85.82,86.22,85.79,86.22,4425.612904,2026-05-21 03:15:00+08:00
1779305400000,86.22,86.31,86.1,86.16,5151.070015,2026-05-21 03:30:00+08:00
1779306300000,86.16,86.27,86.06,86.17,1845.720258,2026-05-21 03:45:00+08:00
1779307200000,86.18,86.24,85.95,86.2,1852.924667,2026-05-21 04:00:00+08:00
1779308100000,86.21,86.21,85.56,85.97,8008.054389,2026-05-21 04:15:00+08:00
1779309000000,85.97,86.06,85.81,86.01,2976.616551,2026-05-21 04:30:00+08:00
1779309900000,86.0,86.22,85.96,86.17,4698.019603,2026-05-21 04:45:00+08:00
1779310800000,86.17,86.34,86.08,86.3,3247.325961,2026-05-21 05:00:00+08:00
1779311700000,86.3,86.32,86.0,86.0,1201.56931,2026-05-21 05:15:00+08:00
1779312600000,85.99,86.2,85.97,86.16,6824.737489,2026-05-21 05:30:00+08:00
1779313500000,86.15,86.21,85.97,85.98,3770.282646,2026-05-21 05:45:00+08:00
1779314400000,85.98,85.98,85.65,85.79,6738.762696,2026-05-21 06:00:00+08:00
1779315300000,85.8,86.11,85.62,86.11,3095.81113,2026-05-21 06:15:00+08:00
1779316200000,86.11,86.22,85.92,86.01,4490.959981,2026-05-21 06:30:00+08:00
1779317100000,86.01,86.14,85.94,86.04,8163.73372,2026-05-21 06:45:00+08:00
1779318000000,86.03,86.06,85.92,85.97,3956.888973,2026-05-21 07:00:00+08:00
1779318900000,85.97,86.0,85.87,85.96,1632.604838,2026-05-21 07:15:00+08:00
1779319800000,85.97,86.11,85.9,86.04,1075.569629,2026-05-21 07:30:00+08:00
1779320700000,86.03,86.17,85.98,86.16,3187.79228,2026-05-21 07:45:00+08:00
1779321600000,86.17,86.35,86.1,86.35,5080.591023,2026-05-21 08:00:00+08:00
1779322500000,86.35,86.45,86.2,86.38,3316.687906,2026-05-21 08:15:00+08:00
1779323400000,86.39,86.55,86.32,86.54,3089.117117,2026-05-21 08:30:00+08:00
1779324300000,86.54,86.83,86.54,86.64,6393.556235,2026-05-21 08:45:00+08:00
1779325200000,86.64,86.88,86.5,86.88,3985.661823,2026-05-21 09:00:00+08:00
1779326100000,86.88,87.03,86.42,86.52,11956.199349,2026-05-21 09:15:00+08:00
1779327000000,86.52,86.65,86.39,86.55,6071.547093,2026-05-21 09:30:00+08:00
1779327900000,86.57,86.7,86.45,86.54,3320.163903,2026-05-21 09:45:00+08:00
1779328800000,86.55,86.61,86.44,86.52,3241.663022,2026-05-21 10:00:00+08:00
1779329700000,86.52,86.9,86.47,86.73,5885.501501,2026-05-21 10:15:00+08:00
1779330600000,86.73,86.84,86.67,86.76,2799.173879,2026-05-21 10:30:00+08:00
1779331500000,86.75,86.75,86.61,86.61,1137.74937,2026-05-21 10:45:00+08:00
1779332400000,86.61,86.72,86.51,86.63,5044.013898,2026-05-21 11:00:00+08:00
1779333300000,86.63,86.82,86.53,86.78,4580.881258,2026-05-21 11:15:00+08:00
1779334200000,86.78,86.83,86.76,86.78,1935.466571,2026-05-21 11:30:00+08:00
1779335100000,86.78,86.92,86.7,86.85,9136.647852,2026-05-21 11:45:00+08:00
1779336000000,86.85,87.21,86.83,86.87,15330.179775,2026-05-21 12:00:00+08:00
1779336900000,86.88,87.06,86.85,86.94,4800.836986,2026-05-21 12:15:00+08:00
1779337800000,86.95,87.03,86.77,86.99,5204.790063,2026-05-21 12:30:00+08:00
1779338700000,86.98,87.24,86.96,86.99,24217.907061,2026-05-21 12:45:00+08:00
1779339600000,87.0,87.11,86.74,86.79,4578.482413,2026-05-21 13:00:00+08:00
1779340500000,86.78,86.88,86.64,86.65,3246.86419,2026-05-21 13:15:00+08:00
1779341400000,86.64,86.73,86.58,86.63,8101.230347,2026-05-21 13:30:00+08:00
1779342300000,86.62,86.64,86.36,86.51,12584.981824,2026-05-21 13:45:00+08:00
1779343200000,86.51,86.57,86.33,86.39,5609.253257,2026-05-21 14:00:00+08:00
1779344100000,86.39,86.61,86.28,86.48,14514.153488,2026-05-21 14:15:00+08:00
1779345000000,86.48,86.6,86.31,86.34,4723.756395,2026-05-21 14:30:00+08:00
1779345900000,86.34,86.38,86.2,86.32,5237.541912,2026-05-21 14:45:00+08:00
1779346800000,86.32,86.45,86.26,86.41,5654.91758,2026-05-21 15:00:00+08:00
1779347700000,86.41,86.53,86.31,86.48,3857.402142,2026-05-21 15:15:00+08:00
1779348600000,86.48,86.63,86.48,86.59,2294.464053,2026-05-21 15:30:00+08:00
1779349500000,86.6,86.72,86.58,86.63,2494.840459,2026-05-21 15:45:00+08:00
1779350400000,86.63,87.13,86.63,87.11,11324.178143,2026-05-21 16:00:00+08:00
1779351300000,87.11,87.2,86.87,87.03,14522.357285,2026-05-21 16:15:00+08:00
1779352200000,87.03,87.04,86.77,86.85,9224.407595,2026-05-21 16:30:00+08:00
1779353100000,86.86,86.99,86.7,86.86,11851.106923,2026-05-21 16:45:00+08:00
1779354000000,86.85,87.05,86.82,86.88,8692.593197,2026-05-21 17:00:00+08:00
1779354900000,86.87,86.96,86.81,86.87,1628.277,2026-05-21 17:15:00+08:00
1779355800000,86.86,86.9,86.48,86.51,5893.354664,2026-05-21 17:30:00+08:00
1779356700000,86.51,86.58,86.47,86.49,2094.640621,2026-05-21 17:45:00+08:00
1779357600000,86.5,86.6,86.47,86.59,1770.460112,2026-05-21 18:00:00+08:00
1779358500000,86.6,86.67,85.75,85.99,18206.426489,2026-05-21 18:15:00+08:00
1779359400000,85.99,86.11,85.73,85.99,9416.000406,2026-05-21 18:30:00+08:00
1779360300000,85.98,86.01,85.72,85.75,5725.580808,2026-05-21 18:45:00+08:00
1779361200000,85.76,85.92,85.65,85.9,7943.258911,2026-05-21 19:00:00+08:00
1779362100000,85.89,85.95,85.77,85.84,4350.997369,2026-05-21 19:15:00+08:00
1779363000000,85.85,85.93,85.71,85.76,2765.673508,2026-05-21 19:30:00+08:00
1779363900000,85.75,85.77,85.59,85.6,2964.811191,2026-05-21 19:45:00+08:00
1779364800000,85.6,85.73,85.52,85.6,5334.261649,2026-05-21 20:00:00+08:00
1779365700000,85.59,85.69,85.52,85.54,2184.437235,2026-05-21 20:15:00+08:00
1779366600000,85.54,85.86,85.44,85.71,7867.364317,2026-05-21 20:30:00+08:00
1779367500000,85.71,85.84,85.71,85.76,1714.579946,2026-05-21 20:45:00+08:00
1779368400000,85.75,86.0,85.72,85.94,3439.89573,2026-05-21 21:00:00+08:00
1779369300000,85.92,86.1,85.86,86.08,4980.910853,2026-05-21 21:15:00+08:00
1779370200000,86.08,86.09,85.34,85.37,10223.384244,2026-05-21 21:30:00+08:00
1779371100000,85.38,86.13,85.38,86.06,12651.867685,2026-05-21 21:45:00+08:00
1779372000000,86.07,86.46,85.92,86.04,16809.415635,2026-05-21 22:00:00+08:00
1779372900000,86.03,86.04,85.63,85.99,6026.654542,2026-05-21 22:15:00+08:00
1779373800000,86.02,86.48,85.95,86.03,17143.653803,2026-05-21 22:30:00+08:00
1779374700000,86.04,86.1,85.82,86.0,4891.754192,2026-05-21 22:45:00+08:00
1779375600000,86.01,86.56,85.91,86.37,8183.387106,2026-05-21 23:00:00+08:00
1779376500000,86.37,86.9,86.37,86.82,15249.802251,2026-05-21 23:15:00+08:00
1779377400000,86.83,86.87,86.4,86.45,9681.8732,2026-05-21 23:30:00+08:00
1779378300000,86.46,86.75,86.32,86.46,6928.791571,2026-05-21 23:45:00+08:00
1779379200000,86.46,86.6,86.3,86.35,9390.323132,2026-05-22 00:00:00+08:00
1779380100000,86.35,86.39,86.14,86.31,8777.525099,2026-05-22 00:15:00+08:00
1779381000000,86.31,86.53,86.11,86.15,4992.641237,2026-05-22 00:30:00+08:00
1779381900000,86.16,86.29,86.05,86.27,3284.834903,2026-05-22 00:45:00+08:00
1779382800000,86.28,86.83,86.19,86.73,10538.13306,2026-05-22 01:00:00+08:00
1779383700000,86.73,88.02,86.68,87.83,66695.070716,2026-05-22 01:15:00+08:00
1779384600000,87.83,88.0,87.42,87.59,35724.526832,2026-05-22 01:30:00+08:00
1779385500000,87.59,87.99,87.4,87.6,11104.313,2026-05-22 01:45:00+08:00
1779386400000,87.6,87.77,87.36,87.53,10377.43871,2026-05-22 02:00:00+08:00
1779387300000,87.54,87.78,87.41,87.57,4050.507994,2026-05-22 02:15:00+08:00
1779388200000,87.56,87.69,87.53,87.61,2972.258147,2026-05-22 02:30:00+08:00
1779389100000,87.62,87.64,86.79,87.08,14644.682239,2026-05-22 02:45:00+08:00
1779390000000,87.08,87.57,87.08,87.45,7821.855463,2026-05-22 03:00:00+08:00
1779390900000,87.46,87.55,87.37,87.44,4337.758027,2026-05-22 03:15:00+08:00
1779391800000,87.45,87.67,87.45,87.55,4355.260298,2026-05-22 03:30:00+08:00
1779392700000,87.55,87.88,87.52,87.82,8123.470264,2026-05-22 03:45:00+08:00
1779393600000,87.84,87.92,87.73,87.83,5874.919539,2026-05-22 04:00:00+08:00
1779394500000,87.83,87.86,87.67,87.69,2741.585961,2026-05-22 04:15:00+08:00
1779395400000,87.7,87.8,87.58,87.65,2255.017627,2026-05-22 04:30:00+08:00
1779396300000,87.66,87.82,87.5,87.56,6376.333702,2026-05-22 04:45:00+08:00
1779397200000,87.57,87.7,87.53,87.56,2038.277994,2026-05-22 05:00:00+08:00
1779398100000,87.56,87.6,87.49,87.5,3542.33468,2026-05-22 05:15:00+08:00
1779399000000,87.51,87.56,87.33,87.39,8743.940137,2026-05-22 05:30:00+08:00
1779399900000,87.39,87.51,87.33,87.36,3204.164782,2026-05-22 05:45:00+08:00
1779400800000,87.36,87.49,87.25,87.34,1603.613346,2026-05-22 06:00:00+08:00
1779401700000,87.35,87.39,87.24,87.38,2514.589094,2026-05-22 06:15:00+08:00
1779402600000,87.37,87.43,87.11,87.27,2613.817355,2026-05-22 06:30:00+08:00
1779403500000,87.28,87.31,87.17,87.19,642.969904,2026-05-22 06:45:00+08:00
1779404400000,87.19,87.32,87.05,87.08,1203.346352,2026-05-22 07:00:00+08:00
1779405300000,87.07,87.19,87.03,87.15,2987.518109,2026-05-22 07:15:00+08:00
1779406200000,87.14,87.39,87.12,87.28,4064.123389,2026-05-22 07:30:00+08:00
1779407100000,87.28,87.37,87.2,87.35,4135.252616,2026-05-22 07:45:00+08:00
1779408000000,87.36,87.36,87.05,87.07,2086.515925,2026-05-22 08:00:00+08:00
1779408900000,87.09,87.21,87.03,87.03,2647.968838,2026-05-22 08:15:00+08:00
1779409800000,87.04,87.19,86.91,86.99,2252.289631,2026-05-22 08:30:00+08:00
1779410700000,86.98,87.06,86.83,86.85,2022.914327,2026-05-22 08:45:00+08:00
1779411600000,86.86,86.98,86.72,86.97,3273.203244,2026-05-22 09:00:00+08:00
1779412500000,86.98,86.98,86.76,86.83,1688.364181,2026-05-22 09:15:00+08:00
1779413400000,86.82,86.9,86.59,86.85,2870.966233,2026-05-22 09:30:00+08:00
1779414300000,86.84,87.11,86.84,87.08,3507.831212,2026-05-22 09:45:00+08:00
1779415200000,87.08,87.23,87.07,87.12,3653.911692,2026-05-22 10:00:00+08:00
1779416100000,87.13,87.2,87.0,87.07,1987.310374,2026-05-22 10:15:00+08:00
1779417000000,87.07,87.14,87.01,87.06,1246.316577,2026-05-22 10:30:00+08:00
1779417900000,87.05,87.25,87.05,87.17,5599.122504,2026-05-22 10:45:00+08:00
1779418800000,87.18,87.3,87.06,87.08,2073.371204,2026-05-22 11:00:00+08:00
1779419700000,87.08,87.12,86.92,87.03,1215.763747,2026-05-22 11:15:00+08:00
1779420600000,87.04,87.1,86.96,87.01,1810.841517,2026-05-22 11:30:00+08:00
1779421500000,87.0,87.07,86.97,87.03,638.883406,2026-05-22 11:45:00+08:00
1779422400000,87.04,87.3,87.04,87.3,4521.027351,2026-05-22 12:00:00+08:00
1779423300000,87.3,87.38,87.18,87.22,3112.542185,2026-05-22 12:15:00+08:00
1779424200000,87.23,87.24,87.05,87.06,1220.735803,2026-05-22 12:30:00+08:00
1779425100000,87.06,87.06,86.93,86.98,2589.659148,2026-05-22 12:45:00+08:00
1779426000000,86.99,87.14,86.94,87.08,3249.550544,2026-05-22 13:00:00+08:00
1779426900000,87.09,87.14,86.85,86.95,4201.279432,2026-05-22 13:15:00+08:00
1779427800000,86.95,87.01,86.77,86.93,2642.277329,2026-05-22 13:30:00+08:00
1779428700000,86.93,87.12,86.73,86.8,5166.198035,2026-05-22 13:45:00+08:00
1779429600000,86.81,86.83,86.63,86.73,7590.010738,2026-05-22 14:00:00+08:00
1779430500000,86.73,86.75,86.51,86.6,8122.416678,2026-05-22 14:15:00+08:00
1779431400000,86.57,86.84,86.51,86.83,11570.81309,2026-05-22 14:30:00+08:00
1779432300000,86.82,86.86,86.66,86.72,2049.265336,2026-05-22 14:45:00+08:00
1779433200000,86.72,86.83,86.55,86.73,6730.310499,2026-05-22 15:00:00+08:00
1779434100000,86.72,87.07,86.72,87.01,27291.119739,2026-05-22 15:15:00+08:00
1779435000000,87.01,87.15,87.0,87.11,2486.218916,2026-05-22 15:30:00+08:00
1779435900000,87.12,87.12,86.97,86.98,1896.877374,2026-05-22 15:45:00+08:00
1779436800000,86.99,87.18,86.96,87.11,3147.803719,2026-05-22 16:00:00+08:00
1779437700000,87.11,87.49,87.1,87.48,7432.979328,2026-05-22 16:15:00+08:00
1779438600000,87.48,87.52,86.87,87.15,11718.75657,2026-05-22 16:30:00+08:00
1779439500000,87.16,87.27,87.05,87.15,4795.61643,2026-05-22 16:45:00+08:00
1779440400000,87.14,87.25,87.05,87.12,3152.061857,2026-05-22 17:00:00+08:00
1779441300000,87.11,87.3,87.06,87.19,5286.307247,2026-05-22 17:15:00+08:00
1779442200000,87.19,87.4,87.06,87.3,6380.38635,2026-05-22 17:30:00+08:00
1779443100000,87.3,87.36,87.15,87.27,1642.307558,2026-05-22 17:45:00+08:00
1779444000000,87.27,87.28,87.08,87.11,1220.25636,2026-05-22 18:00:00+08:00
1779444900000,87.1,87.1,86.89,87.05,4083.925378,2026-05-22 18:15:00+08:00
1779445800000,87.04,87.12,87.0,87.12,1586.465306,2026-05-22 18:30:00+08:00
1779446700000,87.11,87.12,86.96,87.0,861.07824,2026-05-22 18:45:00+08:00
1779447600000,87.0,87.1,86.92,86.94,2719.895877,2026-05-22 19:00:00+08:00
1779448500000,86.95,86.95,86.73,86.88,1890.724103,2026-05-22 19:15:00+08:00
1779449400000,86.88,87.04,86.88,86.97,1989.694214,2026-05-22 19:30:00+08:00
1779450300000,86.98,87.34,86.95,87.34,4656.812171,2026-05-22 19:45:00+08:00
1779451200000,87.34,87.7,87.26,87.62,7009.177614,2026-05-22 20:00:00+08:00
1779452100000,87.63,87.7,87.38,87.39,8405.054517,2026-05-22 20:15:00+08:00
1779453000000,87.4,87.6,87.36,87.55,1930.333054,2026-05-22 20:30:00+08:00
1779453900000,87.55,87.79,87.54,87.77,5510.832564,2026-05-22 20:45:00+08:00
1779454800000,87.78,87.86,87.62,87.72,5009.922292,2026-05-22 21:00:00+08:00
1779455700000,87.72,87.79,87.43,87.43,3421.842316,2026-05-22 21:15:00+08:00
1779456600000,87.42,87.56,87.11,87.28,14122.688475,2026-05-22 21:30:00+08:00
1779457500000,87.28,87.41,87.14,87.4,5339.055175,2026-05-22 21:45:00+08:00
1779458400000,87.4,87.4,86.8,86.99,13945.188506,2026-05-22 22:00:00+08:00
1779459300000,86.98,87.03,86.37,86.65,15542.538777,2026-05-22 22:15:00+08:00
1779460200000,86.65,86.84,86.55,86.76,6460.672496,2026-05-22 22:30:00+08:00
1779461100000,86.76,86.76,86.52,86.63,4528.928115,2026-05-22 22:45:00+08:00
1779462000000,86.63,86.9,86.53,86.58,7994.203506,2026-05-22 23:00:00+08:00
1779462900000,86.59,86.74,86.27,86.74,5399.550184,2026-05-22 23:15:00+08:00
1779463800000,86.75,86.98,86.6,86.63,8872.563499,2026-05-22 23:30:00+08:00
1779464700000,86.62,86.86,86.58,86.78,3730.029371,2026-05-22 23:45:00+08:00
1779465600000,86.78,86.94,86.68,86.79,1607.663388,2026-05-23 00:00:00+08:00
1779466500000,86.79,86.91,86.65,86.81,3294.127472,2026-05-23 00:15:00+08:00
1779467400000,86.81,86.95,86.74,86.79,1711.893562,2026-05-23 00:30:00+08:00
1779468300000,86.79,87.02,86.79,86.92,1817.605335,2026-05-23 00:45:00+08:00
1779469200000,86.94,87.03,86.86,86.91,1125.963121,2026-05-23 01:00:00+08:00
1779470100000,86.9,87.02,86.52,87.02,8151.474357,2026-05-23 01:15:00+08:00
1779471000000,87.02,87.19,86.86,87.08,3808.684476,2026-05-23 01:30:00+08:00
1779471900000,87.09,87.1,86.64,86.64,4188.068094,2026-05-23 01:45:00+08:00
1779472800000,86.65,86.68,86.4,86.55,7100.624917,2026-05-23 02:00:00+08:00
1779473700000,86.53,86.69,86.47,86.53,1390.507791,2026-05-23 02:15:00+08:00
1779474600000,86.53,86.53,85.71,85.71,22048.785369,2026-05-23 02:30:00+08:00
1779475500000,85.71,85.72,84.6,85.47,36767.975029,2026-05-23 02:45:00+08:00
1779476400000,85.47,85.63,84.95,85.15,14139.56392,2026-05-23 03:00:00+08:00
1779477300000,85.14,85.31,84.85,84.98,5454.755764,2026-05-23 03:15:00+08:00
1779478200000,84.98,85.03,84.0,84.32,35821.275366,2026-05-23 03:30:00+08:00
1779479100000,84.31,84.83,84.16,84.55,24395.866954,2026-05-23 03:45:00+08:00
1779480000000,84.55,85.02,84.55,84.86,8998.37924,2026-05-23 04:00:00+08:00
1779480900000,84.86,84.97,84.72,84.87,4909.250974,2026-05-23 04:15:00+08:00
1779481800000,84.86,84.94,84.6,84.86,13891.905527,2026-05-23 04:30:00+08:00
1779482700000,84.85,85.07,84.77,85.0,4789.710531,2026-05-23 04:45:00+08:00
1779483600000,85.0,85.1,84.93,85.05,4269.116269,2026-05-23 05:00:00+08:00
1779484500000,85.04,85.22,84.96,85.18,3309.535801,2026-05-23 05:15:00+08:00
1779485400000,85.19,85.3,85.09,85.14,3720.831273,2026-05-23 05:30:00+08:00
1779486300000,85.15,85.29,85.14,85.17,1382.455035,2026-05-23 05:45:00+08:00
1779487200000,85.18,85.22,85.07,85.21,1558.157446,2026-05-23 06:00:00+08:00
1779488100000,85.21,85.22,84.97,84.99,1891.693783,2026-05-23 06:15:00+08:00
1779489000000,84.98,85.1,84.77,84.89,3997.917789,2026-05-23 06:30:00+08:00
1779489900000,84.89,85.01,84.89,84.95,2288.897289,2026-05-23 06:45:00+08:00
1779490800000,84.97,85.15,84.96,85.11,2462.567041,2026-05-23 07:00:00+08:00
1779491700000,85.12,85.13,84.72,84.72,3672.063638,2026-05-23 07:15:00+08:00
1779492600000,84.71,84.91,84.68,84.87,2333.961158,2026-05-23 07:30:00+08:00
1779493500000,84.87,84.87,84.0,84.4,34121.898378,2026-05-23 07:45:00+08:00
1779494400000,84.41,84.54,84.17,84.28,9132.518513,2026-05-23 08:00:00+08:00
1779495300000,84.28,84.4,84.19,84.4,2938.830199,2026-05-23 08:15:00+08:00
1779496200000,84.39,84.42,84.08,84.24,9513.392729,2026-05-23 08:30:00+08:00
1779497100000,84.24,84.49,84.22,84.44,4375.086401,2026-05-23 08:45:00+08:00
1779498000000,84.45,84.64,84.39,84.42,3305.192474,2026-05-23 09:00:00+08:00
1779498900000,84.42,84.59,84.33,84.58,1729.772326,2026-05-23 09:15:00+08:00
1779499800000,84.58,84.65,84.54,84.61,1230.786392,2026-05-23 09:30:00+08:00
1779500700000,84.6,84.61,84.46,84.52,1402.640402,2026-05-23 09:45:00+08:00
1779501600000,84.53,84.59,84.37,84.37,3323.192248,2026-05-23 10:00:00+08:00
1779502500000,84.38,84.47,84.21,84.33,5377.996078,2026-05-23 10:15:00+08:00
1779503400000,84.33,84.44,84.3,84.41,2347.495233,2026-05-23 10:30:00+08:00
1779504300000,84.41,84.6,84.38,84.53,5188.536852,2026-05-23 10:45:00+08:00
1779505200000,84.54,84.61,84.49,84.6,797.092206,2026-05-23 11:00:00+08:00
1779506100000,84.59,84.64,84.52,84.61,1048.095922,2026-05-23 11:15:00+08:00
1779507000000,84.61,84.72,84.61,84.69,933.615382,2026-05-23 11:30:00+08:00
1779507900000,84.69,84.75,84.63,84.69,1932.183201,2026-05-23 11:45:00+08:00
1779508800000,84.69,84.71,84.61,84.66,860.738851,2026-05-23 12:00:00+08:00
1779509700000,84.67,84.67,84.48,84.54,3133.473178,2026-05-23 12:15:00+08:00
1779510600000,84.53,84.66,84.35,84.37,3577.27007,2026-05-23 12:30:00+08:00
1779511500000,84.4,84.46,84.38,84.4,1302.675172,2026-05-23 12:45:00+08:00
1779512400000,84.41,84.43,84.3,84.37,1250.513319,2026-05-23 13:00:00+08:00
1779513300000,84.36,84.47,84.18,84.23,4682.253046,2026-05-23 13:15:00+08:00
1779514200000,84.23,84.46,84.18,84.46,1301.473922,2026-05-23 13:30:00+08:00
1779515100000,84.45,84.48,84.39,84.47,1029.603502,2026-05-23 13:45:00+08:00
1779516000000,84.47,84.49,84.38,84.4,1526.810436,2026-05-23 14:00:00+08:00
1779516900000,84.42,84.47,84.34,84.39,2594.081924,2026-05-23 14:15:00+08:00
1779517800000,84.39,84.5,84.28,84.33,5056.672314,2026-05-23 14:30:00+08:00
1779518700000,84.33,84.34,84.19,84.26,2425.951445,2026-05-23 14:45:00+08:00
1779519600000,84.27,84.32,84.07,84.24,3948.591663,2026-05-23 15:00:00+08:00
1779520500000,84.24,84.24,84.03,84.13,5157.040253,2026-05-23 15:15:00+08:00
1779521400000,84.13,84.13,83.8,83.89,17177.963025,2026-05-23 15:30:00+08:00
1779522300000,83.9,83.9,81.38,82.25,168975.521551,2026-05-23 15:45:00+08:00
1779523200000,82.25,82.29,81.91,82.01,33614.715908,2026-05-23 16:00:00+08:00
1779524100000,82.01,82.35,82.01,82.07,27138.522539,2026-05-23 16:15:00+08:00
1779525000000,82.07,82.09,81.69,81.88,25410.951018,2026-05-23 16:30:00+08:00
1779525900000,81.88,82.14,81.85,82.14,9495.902931,2026-05-23 16:45:00+08:00
1779526800000,82.14,82.26,82.03,82.08,8718.044514,2026-05-23 17:00:00+08:00
1779527700000,82.08,82.14,82.01,82.1,4609.417559,2026-05-23 17:15:00+08:00
1779528600000,82.1,82.15,82.0,82.12,4802.631034,2026-05-23 17:30:00+08:00
1779529500000,82.11,82.16,81.98,82.02,4563.105958,2026-05-23 17:45:00+08:00
1779530400000,82.02,82.3,82.01,82.28,5175.737198,2026-05-23 18:00:00+08:00
1779531300000,82.28,82.31,82.21,82.31,3772.409528,2026-05-23 18:15:00+08:00
1779532200000,82.3,82.41,82.25,82.34,2998.248166,2026-05-23 18:30:00+08:00
1779533100000,82.34,82.39,82.22,82.26,8470.268651,2026-05-23 18:45:00+08:00
1779534000000,82.27,82.39,82.24,82.35,4250.736974,2026-05-23 19:00:00+08:00
1779534900000,82.35,82.47,82.34,82.42,2031.002565,2026-05-23 19:15:00+08:00
1779535800000,82.43,82.45,82.35,82.35,1514.831332,2026-05-23 19:30:00+08:00
1779536700000,82.36,82.38,82.29,82.3,2234.56628,2026-05-23 19:45:00+08:00
1779537600000,82.29,82.35,82.23,82.28,3756.31306,2026-05-23 20:00:00+08:00
1779538500000,82.29,82.34,82.15,82.3,2799.630785,2026-05-23 20:15:00+08:00
1779539400000,82.29,82.41,82.29,82.33,2082.052698,2026-05-23 20:30:00+08:00
1779540300000,82.33,82.55,82.33,82.48,4308.88074,2026-05-23 20:45:00+08:00
1779541200000,82.49,82.96,82.49,82.88,18079.716883,2026-05-23 21:00:00+08:00
1779542100000,82.88,83.27,82.87,83.22,11443.468828,2026-05-23 21:15:00+08:00
1779543000000,83.23,83.32,83.01,83.09,7222.094799,2026-05-23 21:30:00+08:00
1779543900000,83.1,83.48,83.09,83.22,12817.533962,2026-05-23 21:45:00+08:00
1779544800000,83.23,83.34,83.09,83.31,6302.304887,2026-05-23 22:00:00+08:00
1779545700000,83.31,83.56,83.29,83.55,5653.235152,2026-05-23 22:15:00+08:00
1779546600000,83.56,83.99,83.49,83.96,11249.334,2026-05-23 22:30:00+08:00
1779547500000,83.94,84.47,83.76,84.13,28202.744554,2026-05-23 22:45:00+08:00
1779548400000,84.13,84.54,84.01,84.4,16251.388739,2026-05-23 23:00:00+08:00
1779549300000,84.4,84.41,83.9,83.9,10285.062942,2026-05-23 23:15:00+08:00
1779550200000,83.92,83.98,83.64,83.87,17131.582468,2026-05-23 23:30:00+08:00
1779551100000,83.88,84.1,83.88,84.09,6458.927311,2026-05-23 23:45:00+08:00
1779552000000,84.1,84.3,83.97,84.0,20402.014301,2026-05-24 00:00:00+08:00
1779552900000,84.0,84.14,83.93,84.05,7181.300136,2026-05-24 00:15:00+08:00
1779553800000,84.06,84.31,84.05,84.15,1570.438745,2026-05-24 00:30:00+08:00
1779554700000,84.16,84.24,84.08,84.11,2623.608769,2026-05-24 00:45:00+08:00
1779555600000,84.12,84.3,84.12,84.28,1775.789567,2026-05-24 01:00:00+08:00
1779556500000,84.28,84.36,84.11,84.24,1978.507422,2026-05-24 01:15:00+08:00
1779557400000,84.24,84.28,84.07,84.14,3047.726327,2026-05-24 01:30:00+08:00
1779558300000,84.15,84.29,83.99,84.22,2734.911405,2026-05-24 01:45:00+08:00
1779559200000,84.24,84.9,84.19,84.8,14442.573223,2026-05-24 02:00:00+08:00
1779560100000,84.81,85.03,84.75,84.87,9682.641749,2026-05-24 02:15:00+08:00
1779561000000,84.87,85.15,84.77,84.84,6692.592077,2026-05-24 02:30:00+08:00
1779561900000,84.83,84.88,84.67,84.72,4469.923887,2026-05-24 02:45:00+08:00
1779562800000,84.73,84.8,84.59,84.71,3360.696409,2026-05-24 03:00:00+08:00
1779563700000,84.71,85.06,84.71,85.05,8396.500794,2026-05-24 03:15:00+08:00
1779564600000,85.06,85.11,84.77,84.83,3063.012752,2026-05-24 03:30:00+08:00
1779565500000,84.84,85.0,84.83,84.97,2588.448728,2026-05-24 03:45:00+08:00
1779566400000,84.97,85.08,84.81,84.95,5135.019562,2026-05-24 04:00:00+08:00
1779567300000,84.96,85.13,84.86,84.86,4613.217714,2026-05-24 04:15:00+08:00
1779568200000,84.88,86.68,84.79,86.44,42441.386753,2026-05-24 04:30:00+08:00
1779569100000,86.46,87.09,86.23,87.08,32013.184264,2026-05-24 04:45:00+08:00
1779570000000,87.08,87.5,86.64,86.66,25999.378428,2026-05-24 05:00:00+08:00
1779570900000,86.67,86.86,86.33,86.33,10788.409777,2026-05-24 05:15:00+08:00
1779571800000,86.32,86.58,85.96,86.31,9695.447959,2026-05-24 05:30:00+08:00
1779572700000,86.3,86.36,86.01,86.28,4258.311698,2026-05-24 05:45:00+08:00
1779573600000,86.3,86.61,86.25,86.26,3023.534966,2026-05-24 06:00:00+08:00
1779574500000,86.26,86.31,86.08,86.08,2405.709874,2026-05-24 06:15:00+08:00
1779575400000,86.08,86.14,85.53,85.85,15177.670251,2026-05-24 06:30:00+08:00
1779576300000,85.84,85.89,85.72,85.82,1854.278389,2026-05-24 06:45:00+08:00
1779577200000,85.8,85.93,85.7,85.81,5276.50818,2026-05-24 07:00:00+08:00
1779578100000,85.81,85.89,85.66,85.71,2742.574902,2026-05-24 07:15:00+08:00
1779579000000,85.72,85.87,85.72,85.76,2529.793112,2026-05-24 07:30:00+08:00
1779579900000,85.75,85.81,85.66,85.76,2391.826103,2026-05-24 07:45:00+08:00
1779580800000,85.77,85.83,85.64,85.68,2180.915401,2026-05-24 08:00:00+08:00
1779581700000,85.68,85.8,85.63,85.78,1368.325124,2026-05-24 08:15:00+08:00
1779582600000,85.78,86.04,85.76,85.85,3640.370335,2026-05-24 08:30:00+08:00
1779583500000,85.85,86.0,85.78,85.89,2640.918989,2026-05-24 08:45:00+08:00
1779584400000,85.9,86.03,85.88,85.99,2041.889933,2026-05-24 09:00:00+08:00
1779585300000,86.01,86.15,85.98,86.14,2123.895324,2026-05-24 09:15:00+08:00
1779586200000,86.14,86.23,85.97,85.99,7971.485354,2026-05-24 09:30:00+08:00
1779587100000,86.0,86.13,85.98,86.02,5234.034534,2026-05-24 09:45:00+08:00
1779588000000,86.03,86.09,85.87,86.09,2506.788081,2026-05-24 10:00:00+08:00
1779588900000,86.09,86.1,85.74,85.77,4479.320858,2026-05-24 10:15:00+08:00
1779589800000,85.78,85.92,85.75,85.9,1142.759439,2026-05-24 10:30:00+08:00
1779590700000,85.9,86.02,85.88,85.97,1598.661906,2026-05-24 10:45:00+08:00
1779591600000,85.97,86.13,85.91,85.93,2125.025302,2026-05-24 11:00:00+08:00
1779592500000,85.93,85.93,85.82,85.86,877.254085,2026-05-24 11:15:00+08:00
1779593400000,85.87,85.88,85.63,85.69,2461.137763,2026-05-24 11:30:00+08:00
1779594300000,85.69,85.86,85.68,85.8,3291.339236,2026-05-24 11:45:00+08:00
1779595200000,85.81,86.1,85.78,86.02,8235.911771,2026-05-24 12:00:00+08:00
1779596100000,86.03,86.09,85.95,85.99,3829.962768,2026-05-24 12:15:00+08:00
1779597000000,85.99,86.04,85.92,86.0,1303.796692,2026-05-24 12:30:00+08:00
1779597900000,85.99,86.02,85.87,85.93,1341.218604,2026-05-24 12:45:00+08:00
1779598800000,85.93,85.94,85.75,85.85,1165.31628,2026-05-24 13:00:00+08:00
1779599700000,85.85,85.85,85.63,85.7,4451.686921,2026-05-24 13:15:00+08:00
1779600600000,85.71,85.75,85.56,85.67,6731.531314,2026-05-24 13:30:00+08:00
1779601500000,85.68,86.15,85.68,86.14,11318.551051,2026-05-24 13:45:00+08:00
1779602400000,86.15,86.2,86.05,86.1,2318.192391,2026-05-24 14:00:00+08:00
1779603300000,86.08,86.1,85.92,85.95,4058.355331,2026-05-24 14:15:00+08:00
1779604200000,85.95,86.13,85.93,86.12,3091.26915,2026-05-24 14:30:00+08:00
1779605100000,86.12,86.47,86.06,86.46,5896.167338,2026-05-24 14:45:00+08:00
1779606000000,86.46,86.76,86.31,86.33,7457.031589,2026-05-24 15:00:00+08:00
1779606900000,86.32,86.35,86.19,86.23,1784.61777,2026-05-24 15:15:00+08:00
1779607800000,86.22,86.28,86.17,86.23,2155.258122,2026-05-24 15:30:00+08:00
1779608700000,86.24,86.25,86.01,86.07,9655.688473,2026-05-24 15:45:00+08:00
1779609600000,86.08,86.12,86.0,86.04,2102.849826,2026-05-24 16:00:00+08:00
1779610500000,86.05,86.33,86.05,86.27,6383.582543,2026-05-24 16:15:00+08:00
1779611400000,86.27,86.48,86.26,86.35,9239.160948,2026-05-24 16:30:00+08:00
1779612300000,86.36,86.57,86.36,86.51,4862.565318,2026-05-24 16:45:00+08:00
1779613200000,86.51,86.57,86.39,86.52,4340.165541,2026-05-24 17:00:00+08:00
1779614100000,86.52,87.04,86.52,86.65,26842.524259,2026-05-24 17:15:00+08:00
1779615000000,86.65,86.77,86.56,86.66,4835.311589,2026-05-24 17:30:00+08:00
1779615900000,86.65,86.65,86.52,86.55,4274.347237,2026-05-24 17:45:00+08:00
1779616800000,86.55,86.55,86.25,86.3,7875.476651,2026-05-24 18:00:00+08:00
1779617700000,86.3,86.72,86.25,86.43,8546.905735,2026-05-24 18:15:00+08:00
1779618600000,86.42,86.51,86.27,86.38,14915.628783,2026-05-24 18:30:00+08:00
1779619500000,86.37,86.53,86.31,86.5,1722.644191,2026-05-24 18:45:00+08:00
1779620400000,86.5,86.7,86.5,86.65,2859.086152,2026-05-24 19:00:00+08:00
1779621300000,86.65,86.93,86.53,86.61,19437.739753,2026-05-24 19:15:00+08:00
1779622200000,86.61,86.71,86.49,86.5,3839.51135,2026-05-24 19:30:00+08:00
1779623100000,86.51,86.73,86.44,86.67,13567.769798,2026-05-24 19:45:00+08:00
1779624000000,86.67,86.69,86.41,86.52,2299.462962,2026-05-24 20:00:00+08:00
1779624900000,86.51,86.51,86.19,86.25,3308.522288,2026-05-24 20:15:00+08:00
1779625800000,86.24,86.38,86.17,86.35,4631.708182,2026-05-24 20:30:00+08:00
1779626700000,86.35,86.38,86.27,86.35,1375.187876,2026-05-24 20:45:00+08:00
1779627600000,86.35,86.41,86.3,86.39,2205.262089,2026-05-24 21:00:00+08:00
1779628500000,86.38,86.45,86.16,86.17,2125.748109,2026-05-24 21:15:00+08:00
1779629400000,86.18,86.29,86.08,86.25,3420.090508,2026-05-24 21:30:00+08:00
1779630300000,86.26,86.33,85.65,85.9,8832.77888,2026-05-24 21:45:00+08:00
1779631200000,85.91,86.01,85.12,85.34,17870.888209,2026-05-24 22:00:00+08:00
1779632100000,85.35,85.35,84.47,85.08,22822.038025,2026-05-24 22:15:00+08:00
1779633000000,85.08,85.36,85.05,85.26,4404.230659,2026-05-24 22:30:00+08:00
1779633900000,85.27,85.34,85.19,85.26,2334.85215,2026-05-24 22:45:00+08:00
1779634800000,85.27,85.36,85.22,85.33,1991.664865,2026-05-24 23:00:00+08:00
1779635700000,85.32,85.39,85.15,85.33,3667.755109,2026-05-24 23:15:00+08:00
1779636600000,85.32,85.47,85.22,85.32,8203.027002,2026-05-24 23:30:00+08:00
1779637500000,85.32,85.4,85.25,85.31,1499.810618,2026-05-24 23:45:00+08:00
1779638400000,85.31,85.58,85.18,85.57,15267.574608,2026-05-25 00:00:00+08:00
1779639300000,85.57,85.87,85.47,85.53,11497.940017,2026-05-25 00:15:00+08:00
1779640200000,85.53,85.56,85.29,85.33,5962.326744,2026-05-25 00:30:00+08:00
1779641100000,85.34,85.71,85.33,85.64,1401.563724,2026-05-25 00:45:00+08:00
1779642000000,85.65,85.75,85.6,85.61,1481.673312,2026-05-25 01:00:00+08:00
1779642900000,85.61,85.68,85.5,85.54,1445.039047,2026-05-25 01:15:00+08:00
1779643800000,85.55,85.79,85.49,85.73,2425.408688,2026-05-25 01:30:00+08:00
1779644700000,85.73,85.78,85.64,85.66,1169.632672,2026-05-25 01:45:00+08:00
1779645600000,85.66,85.68,85.52,85.58,1848.729781,2026-05-25 02:00:00+08:00
1779646500000,85.58,85.65,85.28,85.36,11705.952585,2026-05-25 02:15:00+08:00
1779647400000,85.36,85.49,85.27,85.37,3449.871378,2026-05-25 02:30:00+08:00
1779648300000,85.36,85.43,85.27,85.4,1118.806652,2026-05-25 02:45:00+08:00
1779649200000,85.4,85.51,85.3,85.3,1132.200113,2026-05-25 03:00:00+08:00
1779650100000,85.29,85.39,85.24,85.29,1296.838416,2026-05-25 03:15:00+08:00
1779651000000,85.29,85.4,85.25,85.34,823.228809,2026-05-25 03:30:00+08:00
1779651900000,85.34,85.42,85.31,85.38,461.097301,2026-05-25 03:45:00+08:00
1779652800000,85.38,85.42,85.02,85.05,4766.250618,2026-05-25 04:00:00+08:00
1779653700000,85.04,85.12,84.9,85.05,3511.395209,2026-05-25 04:15:00+08:00
1779654600000,85.06,85.13,84.95,84.97,1062.291958,2026-05-25 04:30:00+08:00
1779655500000,84.98,85.08,84.55,84.79,16245.399633,2026-05-25 04:45:00+08:00
1779656400000,84.78,84.95,84.72,84.95,4484.845327,2026-05-25 05:00:00+08:00
1779657300000,84.95,84.98,84.51,84.55,3295.755698,2026-05-25 05:15:00+08:00
1779658200000,84.56,84.67,83.79,83.84,20040.951266,2026-05-25 05:30:00+08:00
1779659100000,83.85,84.15,83.68,83.96,4811.395784,2026-05-25 05:45:00+08:00
1779660000000,83.96,85.31,83.93,85.2,17050.772692,2026-05-25 06:00:00+08:00
1779660900000,85.2,85.32,85.05,85.06,5086.473972,2026-05-25 06:15:00+08:00
1779661800000,85.07,85.27,84.78,84.92,8089.09705,2026-05-25 06:30:00+08:00
1779662700000,84.93,85.25,84.93,84.99,4830.252598,2026-05-25 06:45:00+08:00
1779663600000,84.99,85.19,84.99,85.14,2397.529154,2026-05-25 07:00:00+08:00
1779664500000,85.15,85.23,85.0,85.07,2715.608585,2026-05-25 07:15:00+08:00
1779665400000,85.08,85.52,85.08,85.47,7834.919061,2026-05-25 07:30:00+08:00
1779666300000,85.46,85.47,85.24,85.27,3940.789212,2026-05-25 07:45:00+08:00
1779667200000,85.28,85.44,85.26,85.4,6429.86621,2026-05-25 08:00:00+08:00
1779668100000,85.41,85.53,85.36,85.49,1674.618891,2026-05-25 08:15:00+08:00
1779669000000,85.49,85.59,85.41,85.45,2798.586957,2026-05-25 08:30:00+08:00
1779669900000,85.45,85.66,85.39,85.49,2936.251735,2026-05-25 08:45:00+08:00
1779670800000,85.49,85.54,85.33,85.48,2498.149671,2026-05-25 09:00:00+08:00
1779671700000,85.5,85.58,85.41,85.45,2891.952803,2026-05-25 09:15:00+08:00
1779672600000,85.46,85.49,85.3,85.31,2175.621001,2026-05-25 09:30:00+08:00
1779673500000,85.32,85.34,84.83,84.86,6798.995012,2026-05-25 09:45:00+08:00
1779674400000,84.86,85.77,84.86,85.68,10294.791403,2026-05-25 10:00:00+08:00
1779675300000,85.68,85.68,85.01,85.16,7920.592435,2026-05-25 10:15:00+08:00
1779676200000,85.16,85.27,85.01,85.16,2823.764394,2026-05-25 10:30:00+08:00
1779677100000,85.17,85.25,85.04,85.08,3254.433419,2026-05-25 10:45:00+08:00
1779678000000,85.07,85.18,84.83,84.94,7917.885662,2026-05-25 11:00:00+08:00
1779678900000,84.94,85.06,84.89,84.9,4660.660988,2026-05-25 11:15:00+08:00
1779679800000,84.91,84.97,84.76,84.94,2942.142084,2026-05-25 11:30:00+08:00
1779680700000,84.94,84.99,84.84,84.93,2091.976345,2026-05-25 11:45:00+08:00
1779681600000,84.94,85.09,84.92,85.02,1906.536251,2026-05-25 12:00:00+08:00
1779682500000,85.02,85.24,84.94,85.24,4751.421408,2026-05-25 12:15:00+08:00
1779683400000,85.24,85.53,85.22,85.52,5450.149022,2026-05-25 12:30:00+08:00
1779684300000,85.51,85.91,85.49,85.84,10710.237364,2026-05-25 12:45:00+08:00
1779685200000,85.84,86.09,85.76,86.02,7897.142573,2026-05-25 13:00:00+08:00
1779686100000,86.02,86.17,85.92,85.98,6685.260784,2026-05-25 13:15:00+08:00
1779687000000,85.98,86.14,85.96,86.13,5528.191322,2026-05-25 13:30:00+08:00
1779687900000,86.14,86.15,85.96,85.99,4679.414935,2026-05-25 13:45:00+08:00
1779688800000,85.99,86.17,85.83,85.83,6115.260818,2026-05-25 14:00:00+08:00
1779689700000,85.84,85.85,85.65,85.77,3543.965972,2026-05-25 14:15:00+08:00
1779690600000,85.77,86.04,85.77,85.93,5809.509918,2026-05-25 14:30:00+08:00
1779691500000,85.94,86.04,85.89,85.98,1822.968172,2026-05-25 14:45:00+08:00
1779692400000,85.99,86.15,85.81,85.85,4006.966126,2026-05-25 15:00:00+08:00
1779693300000,85.86,85.95,85.6,85.65,5935.858149,2026-05-25 15:15:00+08:00
1779694200000,85.64,85.87,85.63,85.74,5425.775707,2026-05-25 15:30:00+08:00
1779695100000,85.73,85.97,85.67,85.96,5787.603492,2026-05-25 15:45:00+08:00
1779696000000,85.97,85.97,85.8,85.81,2269.98771,2026-05-25 16:00:00+08:00
1779696900000,85.8,85.92,85.75,85.83,3748.538944,2026-05-25 16:15:00+08:00
1779697800000,85.84,86.04,85.84,85.96,3775.563984,2026-05-25 16:30:00+08:00
1779698700000,85.95,86.08,85.91,86.03,1873.08647,2026-05-25 16:45:00+08:00
1779699600000,86.03,86.16,85.96,86.03,3630.280928,2026-05-25 17:00:00+08:00
1779700500000,86.02,86.04,85.93,86.04,1704.133152,2026-05-25 17:15:00+08:00
1779701400000,86.04,86.22,85.95,85.98,5062.282029,2026-05-25 17:30:00+08:00
1779702300000,85.98,86.03,85.92,85.94,5152.012192,2026-05-25 17:45:00+08:00
1779703200000,85.94,86.01,85.9,86.01,1808.895475,2026-05-25 18:00:00+08:00
1779704100000,86.01,86.1,85.9,86.02,3956.780674,2026-05-25 18:15:00+08:00
1779705000000,86.01,86.06,85.96,85.99,2622.763167,2026-05-25 18:30:00+08:00
1779705900000,85.99,86.11,85.98,86.07,1265.821839,2026-05-25 18:45:00+08:00
1779706800000,86.07,86.07,85.96,86.01,2437.356846,2026-05-25 19:00:00+08:00
1779707700000,86.0,86.0,85.91,85.92,1800.208533,2026-05-25 19:15:00+08:00
1779708600000,85.92,86.14,85.9,85.96,2227.525462,2026-05-25 19:30:00+08:00
1779709500000,85.96,86.02,85.7,85.77,3924.409745,2026-05-25 19:45:00+08:00
1779710400000,85.77,85.87,85.67,85.87,1638.933464,2026-05-25 20:00:00+08:00
1779711300000,85.87,86.07,85.84,85.96,3059.047632,2026-05-25 20:15:00+08:00
1779712200000,85.97,86.08,85.91,85.97,2651.027667,2026-05-25 20:30:00+08:00
1779713100000,85.98,86.01,85.83,85.88,4930.821831,2026-05-25 20:45:00+08:00
1779714000000,85.89,86.04,85.84,85.92,1565.251977,2026-05-25 21:00:00+08:00
1779714900000,85.92,85.94,85.83,85.85,2599.285188,2026-05-25 21:15:00+08:00
1779715800000,85.86,85.9,85.78,85.9,1632.658314,2026-05-25 21:30:00+08:00
1779716700000,85.9,86.02,85.85,86.02,2060.945225,2026-05-25 21:45:00+08:00
1779717600000,86.03,86.27,85.94,86.12,6221.600112,2026-05-25 22:00:00+08:00
1779718500000,86.12,86.38,86.1,86.37,5590.206308,2026-05-25 22:15:00+08:00
1779719400000,86.37,86.44,86.16,86.22,6790.272972,2026-05-25 22:30:00+08:00
1779720300000,86.22,86.45,86.22,86.34,4140.773808,2026-05-25 22:45:00+08:00
1779721200000,86.35,86.53,86.25,86.29,5256.755721,2026-05-25 23:00:00+08:00
1779722100000,86.29,86.33,86.07,86.1,5978.555984,2026-05-25 23:15:00+08:00
1779723000000,86.11,86.31,86.07,86.3,2340.42827,2026-05-25 23:30:00+08:00
1779723900000,86.31,86.31,86.14,86.25,1654.983448,2026-05-25 23:45:00+08:00
1779724800000,86.25,86.29,86.07,86.07,1706.231746,2026-05-26 00:00:00+08:00
1779725700000,86.08,86.14,86.0,86.02,4362.789294,2026-05-26 00:15:00+08:00
1779726600000,86.02,86.17,85.98,86.15,2211.182938,2026-05-26 00:30:00+08:00
1779727500000,86.15,86.44,86.12,86.27,4699.097263,2026-05-26 00:45:00+08:00
1779728400000,86.28,86.39,86.26,86.28,3226.504133,2026-05-26 01:00:00+08:00
1779729300000,86.27,86.32,86.09,86.31,3293.580248,2026-05-26 01:15:00+08:00
1779730200000,86.32,86.32,86.12,86.14,6917.178243,2026-05-26 01:30:00+08:00
1779731100000,86.13,86.18,86.07,86.13,8030.610413,2026-05-26 01:45:00+08:00
1779732000000,86.14,86.31,86.1,86.23,2012.864103,2026-05-26 02:00:00+08:00
1779732900000,86.23,86.26,86.16,86.2,919.522581,2026-05-26 02:15:00+08:00
1779733800000,86.21,86.21,86.0,86.05,1607.689444,2026-05-26 02:30:00+08:00
1779734700000,86.05,86.09,85.89,85.92,3575.867111,2026-05-26 02:45:00+08:00
1779735600000,85.92,85.92,85.72,85.86,3869.833067,2026-05-26 03:00:00+08:00
1779736500000,85.87,85.94,85.8,85.94,1062.92008,2026-05-26 03:15:00+08:00
1779737400000,85.93,85.95,85.52,85.65,6436.608111,2026-05-26 03:30:00+08:00
1779738300000,85.66,85.7,85.61,85.65,636.849703,2026-05-26 03:45:00+08:00
1779739200000,85.64,85.82,85.61,85.82,719.595463,2026-05-26 04:00:00+08:00
1779740100000,85.81,85.88,85.65,85.67,1033.959379,2026-05-26 04:15:00+08:00
1779741000000,85.68,85.73,85.32,85.41,6303.748179,2026-05-26 04:30:00+08:00
1779741900000,85.42,85.57,85.35,85.42,1905.544344,2026-05-26 04:45:00+08:00
1779742800000,85.42,85.56,85.38,85.45,1791.166221,2026-05-26 05:00:00+08:00
1779743700000,85.44,85.5,85.35,85.47,2956.276456,2026-05-26 05:15:00+08:00
1779744600000,85.47,85.49,85.33,85.34,2229.026677,2026-05-26 05:30:00+08:00
1779745500000,85.34,85.45,85.25,85.37,1114.765131,2026-05-26 05:45:00+08:00
1779746400000,85.38,85.55,85.13,85.49,4597.118077,2026-05-26 06:00:00+08:00
1779747300000,85.49,85.54,85.24,85.3,1407.487879,2026-05-26 06:15:00+08:00
1779748200000,85.3,85.3,84.72,84.83,15475.42513,2026-05-26 06:30:00+08:00
1779749100000,84.84,84.97,84.81,84.82,2395.740202,2026-05-26 06:45:00+08:00
1779750000000,84.81,85.09,84.74,85.08,4330.323866,2026-05-26 07:00:00+08:00
1779750900000,85.07,85.14,85.01,85.1,7036.125982,2026-05-26 07:15:00+08:00
1779751800000,85.1,85.21,85.06,85.06,1392.177207,2026-05-26 07:30:00+08:00
1779752700000,85.05,85.12,84.94,85.06,2177.837619,2026-05-26 07:45:00+08:00
1779753600000,85.06,85.1,84.85,84.89,4409.944079,2026-05-26 08:00:00+08:00
1779754500000,84.88,84.9,84.68,84.71,3847.347431,2026-05-26 08:15:00+08:00
1779755400000,84.71,84.82,84.17,84.37,10844.735265,2026-05-26 08:30:00+08:00
1779756300000,84.38,84.46,83.92,84.38,14845.636114,2026-05-26 08:45:00+08:00
1779757200000,84.39,84.5,84.15,84.5,5375.129935,2026-05-26 09:00:00+08:00
1779758100000,84.5,84.55,84.2,84.32,5367.163613,2026-05-26 09:15:00+08:00
1779759000000,84.31,84.31,83.86,83.99,8754.752598,2026-05-26 09:30:00+08:00
1779759900000,84.0,84.24,83.96,84.11,4530.678083,2026-05-26 09:45:00+08:00
1779760800000,84.12,84.23,84.03,84.16,4388.797376,2026-05-26 10:00:00+08:00
1779761700000,84.15,84.22,83.99,84.0,4652.688013,2026-05-26 10:15:00+08:00
1779762600000,84.02,84.15,83.96,84.01,3499.65218,2026-05-26 10:30:00+08:00
1779763500000,84.01,84.12,83.92,84.03,5605.911793,2026-05-26 10:45:00+08:00
1779764400000,84.03,84.04,83.84,83.89,4579.451726,2026-05-26 11:00:00+08:00
1779765300000,83.88,84.02,83.85,84.01,4852.501202,2026-05-26 11:15:00+08:00
1779766200000,84.02,84.21,83.97,84.16,3006.145828,2026-05-26 11:30:00+08:00
1779767100000,84.16,84.27,84.12,84.23,3486.266767,2026-05-26 11:45:00+08:00
1779768000000,84.23,84.3,84.08,84.1,7253.58995,2026-05-26 12:00:00+08:00
1779768900000,84.11,84.5,84.01,84.46,8816.618093,2026-05-26 12:15:00+08:00
1779769800000,84.47,84.51,84.35,84.37,8723.384516,2026-05-26 12:30:00+08:00
1779770700000,84.37,84.47,84.33,84.37,4827.586813,2026-05-26 12:45:00+08:00
1779771600000,84.36,84.5,84.27,84.47,3552.121787,2026-05-26 13:00:00+08:00
1779772500000,84.48,84.67,84.48,84.65,6771.611201,2026-05-26 13:15:00+08:00
1779773400000,84.65,84.98,84.62,84.77,3826.405317,2026-05-26 13:30:00+08:00
1779774300000,84.78,84.78,84.53,84.65,3255.759128,2026-05-26 13:45:00+08:00
1779775200000,84.66,84.66,84.49,84.54,3525.361078,2026-05-26 14:00:00+08:00
1779776100000,84.54,84.62,84.4,84.51,4664.138336,2026-05-26 14:15:00+08:00
1779777000000,84.51,84.83,84.51,84.76,3340.314713,2026-05-26 14:30:00+08:00
1779777900000,84.76,84.76,84.58,84.61,1508.928324,2026-05-26 14:45:00+08:00
1779778800000,84.61,84.63,84.2,84.26,4784.029077,2026-05-26 15:00:00+08:00
1779779700000,84.26,84.34,84.12,84.29,5158.454749,2026-05-26 15:15:00+08:00
1779780600000,84.28,84.3,84.11,84.28,4260.947357,2026-05-26 15:30:00+08:00
1779781500000,84.29,84.49,84.27,84.34,2017.63855,2026-05-26 15:45:00+08:00
1779782400000,84.35,84.53,84.33,84.48,2562.098766,2026-05-26 16:00:00+08:00
1779783300000,84.49,84.53,84.36,84.48,2581.602116,2026-05-26 16:15:00+08:00
1779784200000,84.47,84.57,84.36,84.54,1292.885796,2026-05-26 16:30:00+08:00
1779785100000,84.54,84.56,84.37,84.45,1523.670086,2026-05-26 16:45:00+08:00
1779786000000,84.45,84.51,84.37,84.42,2117.349959,2026-05-26 17:00:00+08:00
1779786900000,84.42,84.64,84.39,84.59,6886.946782,2026-05-26 17:15:00+08:00
1779787800000,84.59,84.72,84.43,84.5,3315.027133,2026-05-26 17:30:00+08:00
1779788700000,84.5,84.55,84.32,84.48,4190.036711,2026-05-26 17:45:00+08:00
1779789600000,84.49,84.7,84.36,84.66,3677.271586,2026-05-26 18:00:00+08:00
1779790500000,84.67,85.57,84.67,85.55,19031.703672,2026-05-26 18:15:00+08:00
1779791400000,85.55,85.81,85.48,85.66,18304.018847,2026-05-26 18:30:00+08:00
1779792300000,85.66,85.76,85.53,85.56,5957.454919,2026-05-26 18:45:00+08:00
1779793200000,85.56,85.66,85.43,85.44,5850.439453,2026-05-26 19:00:00+08:00
1779794100000,85.44,85.58,85.33,85.37,4769.455559,2026-05-26 19:15:00+08:00
1779795000000,85.37,85.52,85.23,85.34,5952.52348,2026-05-26 19:30:00+08:00
1779795900000,85.33,85.42,85.22,85.23,1846.076302,2026-05-26 19:45:00+08:00
1779796800000,85.23,85.34,84.83,85.12,11461.554591,2026-05-26 20:00:00+08:00
1779797700000,85.11,85.18,84.96,85.08,3258.778267,2026-05-26 20:15:00+08:00
1779798600000,85.1,85.19,84.99,85.14,3007.051438,2026-05-26 20:30:00+08:00
1779799500000,85.15,85.4,85.15,85.33,6972.645951,2026-05-26 20:45:00+08:00
1779800400000,85.33,85.39,85.24,85.29,3116.920857,2026-05-26 21:00:00+08:00
1779801300000,85.3,85.31,84.95,84.96,8115.579322,2026-05-26 21:15:00+08:00
1779802200000,84.95,85.27,84.71,85.11,8315.954384,2026-05-26 21:30:00+08:00
1779803100000,85.13,85.78,85.13,85.54,19010.723674,2026-05-26 21:45:00+08:00
1779804000000,85.54,85.71,85.41,85.71,5805.170128,2026-05-26 22:00:00+08:00
1779804900000,85.71,86.15,85.61,86.02,26187.835234,2026-05-26 22:15:00+08:00
1779805800000,86.03,86.1,84.78,84.97,31038.813472,2026-05-26 22:30:00+08:00
1779806700000,84.97,85.53,84.87,85.24,12658.212789,2026-05-26 22:45:00+08:00
1779807600000,85.24,85.35,84.89,85.28,6508.349095,2026-05-26 23:00:00+08:00
1779808500000,85.3,85.33,84.7,84.85,8789.837138,2026-05-26 23:15:00+08:00
1779809400000,84.86,84.91,84.42,84.68,18017.895894,2026-05-26 23:30:00+08:00
1779810300000,84.67,84.67,84.04,84.5,16820.560089,2026-05-26 23:45:00+08:00
1779811200000,84.5,84.58,83.91,84.15,16411.078083,2026-05-27 00:00:00+08:00
1779812100000,84.15,84.42,84.13,84.33,5971.137542,2026-05-27 00:15:00+08:00
1779813000000,84.32,84.53,84.22,84.38,4847.295553,2026-05-27 00:30:00+08:00
1779813900000,84.38,84.49,84.0,84.24,13511.575094,2026-05-27 00:45:00+08:00
1779814800000,84.24,84.39,84.09,84.17,3852.445404,2026-05-27 01:00:00+08:00
1779815700000,84.18,84.18,83.41,83.48,15540.991496,2026-05-27 01:15:00+08:00
1779816600000,83.48,83.65,83.15,83.63,23519.993558,2026-05-27 01:30:00+08:00
1779817500000,83.63,83.85,83.53,83.59,9982.801089,2026-05-27 01:45:00+08:00
1779818400000,83.6,83.82,83.51,83.76,4708.976874,2026-05-27 02:00:00+08:00
1779819300000,83.75,84.07,83.74,83.92,12031.974681,2026-05-27 02:15:00+08:00
1779820200000,83.92,83.96,83.49,83.52,4462.81866,2026-05-27 02:30:00+08:00
1779821100000,83.53,83.82,83.52,83.61,2943.34999,2026-05-27 02:45:00+08:00
1779822000000,83.62,83.68,83.44,83.47,1522.448448,2026-05-27 03:00:00+08:00
1779822900000,83.47,83.65,83.36,83.59,12732.931352,2026-05-27 03:15:00+08:00
1779823800000,83.59,83.97,83.59,83.9,9674.554615,2026-05-27 03:30:00+08:00
1779824700000,83.89,84.0,83.7,83.77,5883.850754,2026-05-27 03:45:00+08:00
1779825600000,83.78,83.95,83.73,83.94,1802.756224,2026-05-27 04:00:00+08:00
1779826500000,83.94,83.96,83.77,83.91,1601.33305,2026-05-27 04:15:00+08:00
1779827400000,83.91,83.93,83.75,83.88,893.53646,2026-05-27 04:30:00+08:00
1779828300000,83.88,83.95,83.84,83.93,1866.004499,2026-05-27 04:45:00+08:00
1779829200000,83.94,83.96,83.58,83.66,3907.300583,2026-05-27 05:00:00+08:00
1779830100000,83.66,83.93,83.63,83.87,1135.828514,2026-05-27 05:15:00+08:00
1779831000000,83.87,83.97,83.86,83.91,1845.163148,2026-05-27 05:30:00+08:00
1779831900000,83.92,83.93,83.6,83.69,3509.325347,2026-05-27 05:45:00+08:00
1779832800000,83.7,83.88,83.53,83.66,2616.0245,2026-05-27 06:00:00+08:00
1779833700000,83.65,83.77,83.62,83.75,864.191871,2026-05-27 06:15:00+08:00
1779834600000,83.74,83.77,83.61,83.65,800.638808,2026-05-27 06:30:00+08:00
1779835500000,83.64,83.67,83.54,83.65,1745.546138,2026-05-27 06:45:00+08:00
1779836400000,83.66,83.85,83.66,83.82,2071.855877,2026-05-27 07:00:00+08:00
1779837300000,83.82,83.83,83.63,83.7,1433.421755,2026-05-27 07:15:00+08:00
1779838200000,83.7,83.81,83.68,83.78,3237.984749,2026-05-27 07:30:00+08:00
1779839100000,83.79,83.82,83.67,83.72,3050.822679,2026-05-27 07:45:00+08:00
1779840000000,83.72,83.94,83.72,83.91,2582.817661,2026-05-27 08:00:00+08:00
1779840900000,83.9,83.98,83.75,83.96,1182.386268,2026-05-27 08:15:00+08:00
1779841800000,83.97,84.18,83.88,83.96,2442.84488,2026-05-27 08:30:00+08:00
1779842700000,83.96,84.17,83.96,84.14,1633.213528,2026-05-27 08:45:00+08:00
1779843600000,84.15,84.19,84.04,84.13,4387.433757,2026-05-27 09:00:00+08:00
1779844500000,84.14,84.14,83.81,83.9,2347.337948,2026-05-27 09:15:00+08:00
1779845400000,83.91,84.05,83.8,83.93,2515.813154,2026-05-27 09:30:00+08:00
1779846300000,83.93,84.07,83.82,83.87,1383.415109,2026-05-27 09:45:00+08:00
1779847200000,83.88,83.91,83.69,83.8,1785.488452,2026-05-27 10:00:00+08:00
1779848100000,83.8,83.85,83.57,83.74,2851.65099,2026-05-27 10:15:00+08:00
1779849000000,83.74,83.85,83.63,83.71,1858.36555,2026-05-27 10:30:00+08:00
1779849900000,83.72,83.96,83.7,83.95,1927.681511,2026-05-27 10:45:00+08:00
1779850800000,83.96,84.07,83.88,83.91,2865.998104,2026-05-27 11:00:00+08:00
1779851700000,83.92,83.94,83.8,83.89,3466.755529,2026-05-27 11:15:00+08:00
1779852600000,83.9,83.95,83.7,83.71,1572.62977,2026-05-27 11:30:00+08:00
1779853500000,83.72,83.73,83.51,83.64,3216.722596,2026-05-27 11:45:00+08:00
1779854400000,83.64,83.68,83.56,83.57,2915.642309,2026-05-27 12:00:00+08:00
1779855300000,83.58,83.59,83.34,83.43,4939.690421,2026-05-27 12:15:00+08:00
1779856200000,83.43,83.47,82.86,83.21,23379.496452,2026-05-27 12:30:00+08:00
1779857100000,83.22,83.68,83.22,83.64,5361.078371,2026-05-27 12:45:00+08:00
1779858000000,83.65,83.73,83.64,83.7,1809.234692,2026-05-27 13:00:00+08:00
1779858900000,83.7,83.85,83.57,83.77,2785.823455,2026-05-27 13:15:00+08:00
1779859800000,83.78,83.85,83.65,83.71,2016.709036,2026-05-27 13:30:00+08:00
1779860700000,83.71,83.93,83.67,83.88,3150.041678,2026-05-27 13:45:00+08:00
1779861600000,83.89,83.97,83.8,83.86,8387.421242,2026-05-27 14:00:00+08:00
1779862500000,83.85,83.91,83.75,83.88,1520.707155,2026-05-27 14:15:00+08:00
1779863400000,83.88,84.04,83.85,84.03,2740.057289,2026-05-27 14:30:00+08:00
1779864300000,84.03,84.06,83.97,84.05,1850.199482,2026-05-27 14:45:00+08:00
1779865200000,84.06,84.11,83.89,83.95,1800.759493,2026-05-27 15:00:00+08:00
1779866100000,83.95,84.09,83.9,84.07,975.237501,2026-05-27 15:15:00+08:00
1779867000000,84.08,84.16,83.99,84.0,3157.212686,2026-05-27 15:30:00+08:00
1779867900000,84.01,84.21,84.01,84.2,2900.200556,2026-05-27 15:45:00+08:00
1779868800000,84.2,84.32,84.09,84.12,5040.749149,2026-05-27 16:00:00+08:00
1779869700000,84.12,84.42,84.07,84.31,3591.710834,2026-05-27 16:15:00+08:00
1779870600000,84.32,84.35,84.15,84.19,2338.446912,2026-05-27 16:30:00+08:00
1779871500000,84.19,84.22,83.91,83.95,7218.504201,2026-05-27 16:45:00+08:00
1779872400000,83.95,83.97,83.7,83.8,2618.048749,2026-05-27 17:00:00+08:00
1779873300000,83.81,83.81,83.63,83.69,2976.673378,2026-05-27 17:15:00+08:00
1779874200000,83.69,83.96,83.66,83.83,2590.454175,2026-05-27 17:30:00+08:00
1779875100000,83.83,83.86,83.71,83.79,2109.794367,2026-05-27 17:45:00+08:00
1779876000000,83.79,83.93,83.68,83.93,2838.415898,2026-05-27 18:00:00+08:00
1779876900000,83.92,84.1,83.88,84.03,4239.026703,2026-05-27 18:15:00+08:00
1779877800000,84.04,84.08,83.78,83.89,2037.137406,2026-05-27 18:30:00+08:00
1779878700000,83.89,84.0,83.85,83.96,1594.148376,2026-05-27 18:45:00+08:00
1779879600000,83.97,84.18,83.93,84.1,1756.176544,2026-05-27 19:00:00+08:00
1779880500000,84.11,84.23,84.09,84.09,3180.289382,2026-05-27 19:15:00+08:00
1779881400000,84.09,84.19,83.91,84.08,3998.301811,2026-05-27 19:30:00+08:00
1779882300000,84.08,84.08,83.91,83.94,2361.28186,2026-05-27 19:45:00+08:00
1779883200000,83.96,83.96,83.56,83.7,4625.64411,2026-05-27 20:00:00+08:00
1779884100000,83.69,84.68,83.57,84.34,16974.523943,2026-05-27 20:15:00+08:00
1779885000000,84.36,84.46,84.09,84.33,7432.727099,2026-05-27 20:30:00+08:00
1779885900000,84.33,84.33,83.93,83.94,5097.61202,2026-05-27 20:45:00+08:00
1779886800000,83.94,84.06,83.63,83.73,4233.029427,2026-05-27 21:00:00+08:00
1779887700000,83.73,83.83,83.52,83.6,5573.838831,2026-05-27 21:15:00+08:00
1779888600000,83.59,83.68,83.0,83.09,11644.113872,2026-05-27 21:30:00+08:00
1779889500000,83.09,83.65,82.99,83.65,20377.296048,2026-05-27 21:45:00+08:00
1779890400000,83.65,84.12,83.65,83.76,19366.676551,2026-05-27 22:00:00+08:00
1779891300000,83.77,83.95,83.22,83.41,11917.027075,2026-05-27 22:15:00+08:00
1779892200000,83.41,83.74,83.38,83.56,8960.138928,2026-05-27 22:30:00+08:00
1779893100000,83.57,83.94,83.57,83.9,4874.000974,2026-05-27 22:45:00+08:00
1779894000000,83.9,84.32,83.86,84.29,9884.793056,2026-05-27 23:00:00+08:00
1779894900000,84.28,84.66,84.26,84.48,13531.801304,2026-05-27 23:15:00+08:00
1779895800000,84.49,84.83,84.37,84.39,9655.390478,2026-05-27 23:30:00+08:00
1779896700000,84.43,84.5,84.19,84.43,6447.710954,2026-05-27 23:45:00+08:00
1779897600000,84.44,84.75,84.38,84.47,7437.464047,2026-05-28 00:00:00+08:00
1779898500000,84.47,84.47,84.04,84.14,8977.094163,2026-05-28 00:15:00+08:00
1779899400000,84.13,84.26,83.87,84.09,5476.024826,2026-05-28 00:30:00+08:00
1779900300000,84.1,84.29,84.04,84.18,4062.044783,2026-05-28 00:45:00+08:00
1779901200000,84.19,84.21,83.33,83.38,8659.434411,2026-05-28 01:00:00+08:00
1779902100000,83.38,83.79,83.18,83.73,7845.404879,2026-05-28 01:15:00+08:00
1779903000000,83.72,83.75,83.36,83.46,2401.902609,2026-05-28 01:30:00+08:00
1779903900000,83.46,83.57,83.19,83.41,5389.918374,2026-05-28 01:45:00+08:00
1779904800000,83.41,83.53,83.21,83.36,4058.720275,2026-05-28 02:00:00+08:00
1779905700000,83.37,83.58,83.3,83.56,2795.861488,2026-05-28 02:15:00+08:00
1779906600000,83.55,83.76,83.43,83.7,2118.859421,2026-05-28 02:30:00+08:00
1779907500000,83.71,83.99,83.67,83.95,2330.434348,2026-05-28 02:45:00+08:00
1779908400000,83.95,84.15,83.9,84.14,2685.328165,2026-05-28 03:00:00+08:00
1779909300000,84.14,84.14,83.93,83.96,2843.432591,2026-05-28 03:15:00+08:00
1779910200000,83.96,84.12,83.91,83.93,2948.257098,2026-05-28 03:30:00+08:00
1779911100000,83.96,84.04,83.88,83.92,978.351104,2026-05-28 03:45:00+08:00
1779912000000,83.93,84.06,83.86,84.0,4362.453712,2026-05-28 04:00:00+08:00
1779912900000,84.0,84.14,83.85,83.88,2331.889187,2026-05-28 04:15:00+08:00
1779913800000,83.88,83.93,83.77,83.84,1751.285359,2026-05-28 04:30:00+08:00
1779914700000,83.84,83.9,83.81,83.82,1919.642024,2026-05-28 04:45:00+08:00
1779915600000,83.82,83.82,83.61,83.66,2791.183689,2026-05-28 05:00:00+08:00
1779916500000,83.66,83.67,83.45,83.45,2242.720119,2026-05-28 05:15:00+08:00
1779917400000,83.45,83.45,82.44,82.75,24930.554689,2026-05-28 05:30:00+08:00
1779918300000,82.75,82.78,82.12,82.48,16991.22526,2026-05-28 05:45:00+08:00
1779919200000,82.5,83.02,82.26,82.61,10660.807894,2026-05-28 06:00:00+08:00
1779920100000,82.61,82.75,82.25,82.69,5124.016422,2026-05-28 06:15:00+08:00
1779921000000,82.7,82.83,82.54,82.69,2331.073238,2026-05-28 06:30:00+08:00
1779921900000,82.68,82.74,82.44,82.47,1697.396078,2026-05-28 06:45:00+08:00
1779922800000,82.46,82.6,82.37,82.57,2666.092264,2026-05-28 07:00:00+08:00
1779923700000,82.58,82.69,82.21,82.31,4671.27266,2026-05-28 07:15:00+08:00
1779924600000,82.3,82.48,82.22,82.37,2891.199532,2026-05-28 07:30:00+08:00
1779925500000,82.36,82.54,82.31,82.44,11348.132506,2026-05-28 07:45:00+08:00
1779926400000,82.43,82.59,82.37,82.42,4423.702365,2026-05-28 08:00:00+08:00
1779927300000,82.42,82.66,82.4,82.56,5669.492316,2026-05-28 08:15:00+08:00
1779928200000,82.57,82.68,82.56,82.67,1583.44568,2026-05-28 08:30:00+08:00
1779929100000,82.67,82.74,82.55,82.73,1481.488852,2026-05-28 08:45:00+08:00
1779930000000,82.73,82.76,82.5,82.61,2269.459938,2026-05-28 09:00:00+08:00
1779930900000,82.63,82.63,81.93,82.18,12843.043814,2026-05-28 09:15:00+08:00
1779931800000,82.16,82.42,82.11,82.32,4844.575852,2026-05-28 09:30:00+08:00
1779932700000,82.32,82.48,82.1,82.27,6586.918372,2026-05-28 09:45:00+08:00
1779933600000,82.29,82.43,82.12,82.38,6360.056447,2026-05-28 10:00:00+08:00
1779934500000,82.38,82.44,82.04,82.2,4317.287992,2026-05-28 10:15:00+08:00
1779935400000,82.2,82.27,82.02,82.12,3156.200666,2026-05-28 10:30:00+08:00
1779936300000,82.13,82.24,82.06,82.11,3846.243654,2026-05-28 10:45:00+08:00
1779937200000,82.11,82.25,81.8,81.96,5845.047037,2026-05-28 11:00:00+08:00
1779938100000,81.95,82.01,80.68,81.39,78920.579448,2026-05-28 11:15:00+08:00
1779939000000,81.38,81.43,81.01,81.02,11395.344906,2026-05-28 11:30:00+08:00
1779939900000,81.02,81.24,80.49,80.73,23065.481541,2026-05-28 11:45:00+08:00
1779940800000,80.73,80.91,80.03,80.57,30036.827281,2026-05-28 12:00:00+08:00
1779941700000,80.56,80.66,80.02,80.33,15630.412007,2026-05-28 12:15:00+08:00
1779942600000,80.33,80.91,80.29,80.87,6577.280838,2026-05-28 12:30:00+08:00
1779943500000,80.86,80.96,80.75,80.91,6971.682603,2026-05-28 12:45:00+08:00
1779944400000,80.91,80.99,80.71,80.75,5764.101239,2026-05-28 13:00:00+08:00
1779945300000,80.75,80.77,80.43,80.51,5927.562334,2026-05-28 13:15:00+08:00
1779946200000,80.51,80.92,80.51,80.85,7388.236186,2026-05-28 13:30:00+08:00
1779947100000,80.86,80.89,80.63,80.71,4660.152358,2026-05-28 13:45:00+08:00
1779948000000,80.7,80.89,80.67,80.84,4292.561665,2026-05-28 14:00:00+08:00
1779948900000,80.84,80.9,80.65,80.78,1710.494878,2026-05-28 14:15:00+08:00
1779949800000,80.77,80.79,80.53,80.71,2517.351037,2026-05-28 14:30:00+08:00
1779950700000,80.71,81.09,80.71,80.97,16577.04897,2026-05-28 14:45:00+08:00
1779951600000,80.98,81.04,80.86,80.99,4781.427765,2026-05-28 15:00:00+08:00
1779952500000,80.99,81.18,80.98,81.05,5833.363489,2026-05-28 15:15:00+08:00
1779953400000,81.05,81.35,81.05,81.27,9424.924619,2026-05-28 15:30:00+08:00
1779954300000,81.26,81.27,81.08,81.27,3275.897988,2026-05-28 15:45:00+08:00
1779955200000,81.27,81.3,81.05,81.22,6095.63595,2026-05-28 16:00:00+08:00
1779956100000,81.22,81.22,80.88,80.92,3695.673212,2026-05-28 16:15:00+08:00
1779957000000,80.93,81.09,80.83,81.01,2143.438658,2026-05-28 16:30:00+08:00
1779957900000,81.01,81.1,80.97,81.0,3038.26707,2026-05-28 16:45:00+08:00
1779958800000,81.0,81.11,80.83,81.0,4324.628018,2026-05-28 17:00:00+08:00
1779959700000,81.01,81.2,80.95,81.18,2679.171237,2026-05-28 17:15:00+08:00
1779960600000,81.17,81.25,81.08,81.21,3888.265841,2026-05-28 17:30:00+08:00
1779961500000,81.21,81.31,81.19,81.23,3369.020377,2026-05-28 17:45:00+08:00
1779962400000,81.23,81.31,81.18,81.22,5598.884828,2026-05-28 18:00:00+08:00
1779963300000,81.24,81.27,80.92,81.03,3225.547197,2026-05-28 18:15:00+08:00
1779964200000,81.04,81.1,80.95,81.03,4378.154583,2026-05-28 18:30:00+08:00
1779965100000,81.02,81.09,80.72,80.75,8058.173051,2026-05-28 18:45:00+08:00
1779966000000,80.75,80.89,80.61,80.83,7447.273448,2026-05-28 19:00:00+08:00
1779966900000,80.84,80.88,80.66,80.76,3664.117794,2026-05-28 19:15:00+08:00
1779967800000,80.76,80.84,80.65,80.84,2925.272014,2026-05-28 19:30:00+08:00
1779968700000,80.85,80.93,80.74,80.87,2307.327811,2026-05-28 19:45:00+08:00
1779969600000,80.88,80.96,80.81,80.83,4204.49435,2026-05-28 20:00:00+08:00
1779970500000,80.82,80.88,80.59,80.74,3691.337776,2026-05-28 20:15:00+08:00
1779971400000,80.75,81.17,80.74,81.1,5268.074074,2026-05-28 20:30:00+08:00
1779972300000,81.1,81.25,81.09,81.13,2923.159603,2026-05-28 20:45:00+08:00
1779973200000,81.14,81.35,80.87,80.94,7247.036108,2026-05-28 21:00:00+08:00
1779974100000,80.95,81.05,80.74,81.05,8442.097403,2026-05-28 21:15:00+08:00
1779975000000,81.05,81.07,80.54,80.57,17423.69927,2026-05-28 21:30:00+08:00
1779975900000,80.58,80.94,80.55,80.8,14222.24417,2026-05-28 21:45:00+08:00
1779976800000,80.8,81.16,80.03,81.12,41284.323897,2026-05-28 22:00:00+08:00
1779977700000,81.11,81.66,80.92,81.12,24530.560691,2026-05-28 22:15:00+08:00
1779978600000,81.11,81.26,80.76,80.87,7154.373039,2026-05-28 22:30:00+08:00
1779979500000,80.87,81.24,80.7,81.19,14366.476412,2026-05-28 22:45:00+08:00
1779980400000,81.19,81.31,80.78,80.81,6681.596214,2026-05-28 23:00:00+08:00
1779981300000,80.81,81.02,80.57,81.01,6493.248534,2026-05-28 23:15:00+08:00
1779982200000,81.02,81.24,80.81,81.22,7262.620752,2026-05-28 23:30:00+08:00
1779983100000,81.24,81.38,81.03,81.14,6514.29448,2026-05-28 23:45:00+08:00
1779984000000,81.15,81.47,80.93,81.44,6193.129,2026-05-29 00:00:00+08:00
1779984900000,81.45,81.77,81.32,81.53,9551.435615,2026-05-29 00:15:00+08:00
1779985800000,81.54,81.91,81.48,81.9,8258.374319,2026-05-29 00:30:00+08:00
1779986700000,81.91,82.18,81.85,82.07,8436.087161,2026-05-29 00:45:00+08:00
1779987600000,82.08,82.17,81.84,82.11,5456.333866,2026-05-29 01:00:00+08:00
1779988500000,82.12,82.3,82.02,82.17,7090.66665,2026-05-29 01:15:00+08:00
1779989400000,82.18,82.5,82.13,82.29,6644.596371,2026-05-29 01:30:00+08:00
1779990300000,82.29,82.64,82.2,82.3,5947.963291,2026-05-29 01:45:00+08:00
1779991200000,82.3,82.86,82.25,82.73,7696.67674,2026-05-29 02:00:00+08:00
1779992100000,82.73,82.97,82.58,82.62,8111.938375,2026-05-29 02:15:00+08:00
1779993000000,82.62,82.81,82.59,82.78,4141.444763,2026-05-29 02:30:00+08:00
1779993900000,82.77,83.0,82.76,82.89,7701.00962,2026-05-29 02:45:00+08:00
1779994800000,82.9,82.9,82.44,82.52,4727.743885,2026-05-29 03:00:00+08:00
1779995700000,82.52,82.71,82.42,82.71,4000.508565,2026-05-29 03:15:00+08:00
1779996600000,82.71,82.76,82.33,82.34,2045.929908,2026-05-29 03:30:00+08:00
1779997500000,82.34,82.47,82.14,82.18,7312.951038,2026-05-29 03:45:00+08:00
1779998400000,82.18,82.25,81.78,82.1,9853.999595,2026-05-29 04:00:00+08:00
1779999300000,82.1,82.45,82.06,82.41,2928.074431,2026-05-29 04:15:00+08:00
1780000200000,82.41,82.61,82.33,82.56,2403.031697,2026-05-29 04:30:00+08:00
1780001100000,82.54,82.55,82.3,82.3,2113.59446,2026-05-29 04:45:00+08:00
1780002000000,82.35,82.66,82.24,82.59,2836.759287,2026-05-29 05:00:00+08:00
1780002900000,82.58,82.67,82.51,82.51,3802.618309,2026-05-29 05:15:00+08:00
1780003800000,82.51,82.67,82.47,82.62,4553.944067,2026-05-29 05:30:00+08:00
1780004700000,82.62,82.62,82.44,82.44,1854.459424,2026-05-29 05:45:00+08:00
1780005600000,82.44,82.63,82.31,82.37,1540.077865,2026-05-29 06:00:00+08:00
1780006500000,82.37,82.37,82.06,82.1,12156.437247,2026-05-29 06:15:00+08:00
1780007400000,82.09,82.12,81.92,81.95,5015.909573,2026-05-29 06:30:00+08:00
1780008300000,81.95,82.15,81.95,82.03,1238.71627,2026-05-29 06:45:00+08:00
1780009200000,82.04,82.19,82.02,82.19,1234.211427,2026-05-29 07:00:00+08:00
1780010100000,82.2,82.28,82.07,82.24,1533.645526,2026-05-29 07:15:00+08:00
1780011000000,82.25,82.25,82.01,82.18,1736.925158,2026-05-29 07:30:00+08:00
1780011900000,82.17,82.17,82.01,82.12,2403.781225,2026-05-29 07:45:00+08:00
1780012800000,82.12,82.4,82.12,82.3,2784.532998,2026-05-29 08:00:00+08:00
1780013700000,82.29,82.45,82.19,82.36,1190.9083,2026-05-29 08:15:00+08:00
1780014600000,82.36,82.48,82.3,82.45,715.707012,2026-05-29 08:30:00+08:00
1780015500000,82.44,82.45,82.23,82.33,2054.570744,2026-05-29 08:45:00+08:00
1780016400000,82.33,82.48,82.31,82.36,1463.964532,2026-05-29 09:00:00+08:00
1780017300000,82.35,82.41,82.09,82.12,3172.957659,2026-05-29 09:15:00+08:00
1780018200000,82.12,82.27,82.06,82.26,1397.765988,2026-05-29 09:30:00+08:00
1780019100000,82.26,82.32,82.11,82.2,1906.050332,2026-05-29 09:45:00+08:00
1780020000000,82.22,82.32,82.13,82.19,870.819918,2026-05-29 10:00:00+08:00
1780020900000,82.19,82.22,81.82,81.82,2941.961879,2026-05-29 10:15:00+08:00
1780021800000,81.82,81.95,81.66,81.71,5905.937982,2026-05-29 10:30:00+08:00
1780022700000,81.73,81.76,81.49,81.56,3178.455596,2026-05-29 10:45:00+08:00
1780023600000,81.58,81.95,81.58,81.91,2857.140755,2026-05-29 11:00:00+08:00
1780024500000,81.91,81.91,81.68,81.71,2029.759374,2026-05-29 11:15:00+08:00
1780025400000,81.71,81.82,81.59,81.66,1592.905595,2026-05-29 11:30:00+08:00
1780026300000,81.64,81.72,81.54,81.63,1590.519766,2026-05-29 11:45:00+08:00
1780027200000,81.63,81.71,81.39,81.49,2275.580083,2026-05-29 12:00:00+08:00
1780028100000,81.49,81.73,81.49,81.72,946.774527,2026-05-29 12:15:00+08:00
1780029000000,81.72,81.8,81.68,81.78,1186.17853,2026-05-29 12:30:00+08:00
1780029900000,81.78,81.94,81.75,81.93,5006.033485,2026-05-29 12:45:00+08:00
1780030800000,81.93,82.19,81.93,82.1,4416.695167,2026-05-29 13:00:00+08:00
1780031700000,82.1,82.15,81.92,81.98,1574.873812,2026-05-29 13:15:00+08:00
1780032600000,81.98,81.98,81.84,81.9,2200.871311,2026-05-29 13:30:00+08:00
1780033500000,81.9,82.14,81.88,82.09,3462.213567,2026-05-29 13:45:00+08:00
1780034400000,82.09,82.22,82.03,82.22,3086.258047,2026-05-29 14:00:00+08:00
1780035300000,82.23,82.5,82.2,82.23,5809.161079,2026-05-29 14:15:00+08:00
1780036200000,82.23,82.23,82.04,82.17,1899.930471,2026-05-29 14:30:00+08:00
1780037100000,82.16,82.38,82.16,82.31,3221.134351,2026-05-29 14:45:00+08:00
1780038000000,82.31,82.42,82.26,82.4,3295.781339,2026-05-29 15:00:00+08:00
1780038900000,82.41,82.48,82.3,82.36,5640.50855,2026-05-29 15:15:00+08:00
1780039800000,82.37,82.37,81.96,81.97,8826.887806,2026-05-29 15:30:00+08:00
1780040700000,81.97,82.3,81.91,82.25,2447.458863,2026-05-29 15:45:00+08:00
1780041600000,82.25,82.48,82.22,82.31,3813.640255,2026-05-29 16:00:00+08:00
1780042500000,82.31,82.49,82.26,82.37,4009.073359,2026-05-29 16:15:00+08:00
1780043400000,82.37,82.44,82.28,82.38,1831.939794,2026-05-29 16:30:00+08:00
1780044300000,82.39,82.4,82.19,82.21,2560.841898,2026-05-29 16:45:00+08:00
1780045200000,82.21,82.48,82.21,82.42,2267.498877,2026-05-29 17:00:00+08:00
1780046100000,82.43,82.64,82.43,82.58,2845.072929,2026-05-29 17:15:00+08:00
1780047000000,82.58,82.6,82.42,82.47,855.777123,2026-05-29 17:30:00+08:00
1780047900000,82.46,82.5,82.41,82.47,994.671725,2026-05-29 17:45:00+08:00
1780048800000,82.45,82.45,82.28,82.32,2785.156981,2026-05-29 18:00:00+08:00
1780049700000,82.32,82.35,82.23,82.25,3448.388983,2026-05-29 18:15:00+08:00
1780050600000,82.24,82.27,82.1,82.15,3711.576752,2026-05-29 18:30:00+08:00
1780051500000,82.14,82.24,82.11,82.16,1327.797289,2026-05-29 18:45:00+08:00
1780052400000,82.16,82.17,82.06,82.1,1124.151347,2026-05-29 19:00:00+08:00
1780053300000,82.1,82.23,81.98,82.06,3161.552711,2026-05-29 19:15:00+08:00
1780054200000,82.06,82.09,81.81,81.87,2763.743684,2026-05-29 19:30:00+08:00
1780055100000,81.87,81.91,81.52,81.78,6028.22024,2026-05-29 19:45:00+08:00
1780056000000,81.78,81.8,81.6,81.66,2919.970692,2026-05-29 20:00:00+08:00
1780056900000,81.66,81.78,81.59,81.69,1974.019975,2026-05-29 20:15:00+08:00
1780057800000,81.69,81.78,81.32,81.46,6502.459099,2026-05-29 20:30:00+08:00
1780058700000,81.46,81.63,81.32,81.5,1953.166247,2026-05-29 20:45:00+08:00
1780059600000,81.5,81.5,81.22,81.29,4521.857001,2026-05-29 21:00:00+08:00
1780060500000,81.29,81.43,81.28,81.37,1289.827252,2026-05-29 21:15:00+08:00
1780061400000,81.37,81.62,81.12,81.55,4292.246062,2026-05-29 21:30:00+08:00
1780062300000,81.56,81.71,81.33,81.43,2416.097037,2026-05-29 21:45:00+08:00
1780063200000,81.45,81.57,81.21,81.4,5028.115044,2026-05-29 22:00:00+08:00
1780064100000,81.4,81.47,80.37,80.9,17349.673731,2026-05-29 22:15:00+08:00
1780065000000,80.89,81.03,80.49,80.63,8887.073396,2026-05-29 22:30:00+08:00
1780065900000,80.6,81.58,80.52,81.36,19819.59317,2026-05-29 22:45:00+08:00
1780066800000,81.34,82.27,81.22,82.14,25236.224645,2026-05-29 23:00:00+08:00
1780067700000,82.13,82.7,81.93,82.63,25341.555555,2026-05-29 23:15:00+08:00
1780068600000,82.62,83.24,82.31,82.46,40627.856286,2026-05-29 23:30:00+08:00
1780069500000,82.47,82.7,82.33,82.57,9005.841489,2026-05-29 23:45:00+08:00
1780070400000,82.59,82.91,82.53,82.79,6827.768211,2026-05-30 00:00:00+08:00
1780071300000,82.8,82.91,82.21,82.34,11723.107206,2026-05-30 00:15:00+08:00
1780072200000,82.33,83.12,82.33,82.94,16339.359713,2026-05-30 00:30:00+08:00
1780073100000,82.95,83.05,82.79,82.93,6898.547541,2026-05-30 00:45:00+08:00
1780074000000,82.93,83.18,82.74,83.09,11071.089234,2026-05-30 01:00:00+08:00
1780074900000,83.09,83.19,82.99,83.09,10764.311059,2026-05-30 01:15:00+08:00
1780075800000,83.08,83.21,83.01,83.01,2816.189937,2026-05-30 01:30:00+08:00
1780076700000,83.01,83.02,82.68,82.8,4885.851526,2026-05-30 01:45:00+08:00
1780077600000,82.81,83.0,82.7,82.93,3421.67468,2026-05-30 02:00:00+08:00
1780078500000,82.93,82.93,82.58,82.65,6048.083171,2026-05-30 02:15:00+08:00
1780079400000,82.65,82.8,82.59,82.72,1513.427606,2026-05-30 02:30:00+08:00
1780080300000,82.73,82.73,81.83,82.08,17965.109101,2026-05-30 02:45:00+08:00
1780081200000,82.08,82.22,81.86,81.9,3335.057809,2026-05-30 03:00:00+08:00
1780082100000,81.88,81.92,81.6,81.9,3034.313613,2026-05-30 03:15:00+08:00
1780083000000,81.9,82.41,81.9,82.33,4269.103115,2026-05-30 03:30:00+08:00
1780083900000,82.34,82.35,82.05,82.06,4569.716393,2026-05-30 03:45:00+08:00
1780084800000,82.05,82.28,82.01,82.24,3116.507857,2026-05-30 04:00:00+08:00
1780085700000,82.22,82.33,82.1,82.25,1119.237608,2026-05-30 04:15:00+08:00
1780086600000,82.26,82.33,82.24,82.28,1073.524512,2026-05-30 04:30:00+08:00
1780087500000,82.28,82.35,82.06,82.22,3700.555266,2026-05-30 04:45:00+08:00
1780088400000,82.23,82.41,82.16,82.33,3025.697345,2026-05-30 05:00:00+08:00
1780089300000,82.33,82.34,81.95,81.96,4172.305517,2026-05-30 05:15:00+08:00
1780090200000,81.95,82.11,81.87,82.07,3503.697451,2026-05-30 05:30:00+08:00
1780091100000,82.07,82.1,81.71,81.72,3441.614724,2026-05-30 05:45:00+08:00
1780092000000,81.72,81.82,81.62,81.69,2448.593634,2026-05-30 06:00:00+08:00
1780092900000,81.7,82.01,81.69,81.9,3616.591216,2026-05-30 06:15:00+08:00
1780093800000,81.9,82.03,81.85,81.94,3275.644399,2026-05-30 06:30:00+08:00
1780094700000,81.93,82.01,81.82,81.98,3128.373434,2026-05-30 06:45:00+08:00
1780095600000,81.99,82.09,81.9,81.95,3372.107993,2026-05-30 07:00:00+08:00
1780096500000,81.96,82.04,81.87,81.95,955.433351,2026-05-30 07:15:00+08:00
1780097400000,81.94,82.0,81.77,81.99,4743.435037,2026-05-30 07:30:00+08:00
1780098300000,81.98,82.12,81.94,82.05,4509.077558,2026-05-30 07:45:00+08:00
1780099200000,82.05,82.2,81.95,82.08,3606.251443,2026-05-30 08:00:00+08:00
1780100100000,82.09,82.23,82.08,82.13,1566.47925,2026-05-30 08:15:00+08:00
1780101000000,82.14,82.28,82.08,82.28,1535.798661,2026-05-30 08:30:00+08:00
1780101900000,82.27,82.35,82.24,82.3,2661.426485,2026-05-30 08:45:00+08:00
1780102800000,82.3,82.49,82.22,82.49,2611.067677,2026-05-30 09:00:00+08:00
1780103700000,82.49,82.67,82.46,82.62,2471.139593,2026-05-30 09:15:00+08:00
1780104600000,82.62,82.94,82.6,82.76,7555.646369,2026-05-30 09:30:00+08:00
1780105500000,82.76,82.85,82.74,82.81,1812.387915,2026-05-30 09:45:00+08:00
1780106400000,82.82,83.03,82.82,82.95,5675.070127,2026-05-30 10:00:00+08:00
1780107300000,82.95,83.03,82.79,82.82,3405.447077,2026-05-30 10:15:00+08:00
1780108200000,82.82,82.99,82.82,82.95,6085.939698,2026-05-30 10:30:00+08:00
1780109100000,82.95,83.04,82.87,82.98,1915.882633,2026-05-30 10:45:00+08:00
1780110000000,82.99,83.09,82.95,82.99,4593.433896,2026-05-30 11:00:00+08:00
1780110900000,82.99,83.0,82.85,82.87,2307.283939,2026-05-30 11:15:00+08:00
1780111800000,82.86,82.87,82.69,82.71,4194.196645,2026-05-30 11:30:00+08:00
1780112700000,82.71,82.82,82.62,82.67,3253.275658,2026-05-30 11:45:00+08:00
1780113600000,82.68,82.8,82.52,82.72,2766.788525,2026-05-30 12:00:00+08:00
1780114500000,82.71,82.71,82.16,82.21,7325.102833,2026-05-30 12:15:00+08:00
1780115400000,82.21,82.21,81.87,82.16,8478.149939,2026-05-30 12:30:00+08:00
1780116300000,82.16,82.34,82.14,82.33,3728.317759,2026-05-30 12:45:00+08:00
1780117200000,82.34,82.75,82.21,82.54,17258.469153,2026-05-30 13:00:00+08:00
1780118100000,82.54,82.57,82.46,82.47,2379.363865,2026-05-30 13:15:00+08:00
1780119000000,82.48,82.54,82.45,82.53,1228.862219,2026-05-30 13:30:00+08:00
1780119900000,82.53,82.68,82.53,82.61,1864.759395,2026-05-30 13:45:00+08:00
1780120800000,82.61,82.62,82.41,82.45,2026.294151,2026-05-30 14:00:00+08:00
1780121700000,82.46,82.71,82.44,82.7,3064.572569,2026-05-30 14:15:00+08:00
1780122600000,82.71,82.75,82.63,82.66,1868.936743,2026-05-30 14:30:00+08:00
1780123500000,82.65,82.65,82.44,82.49,1596.649089,2026-05-30 14:45:00+08:00
1780124400000,82.49,82.49,82.28,82.37,2768.348285,2026-05-30 15:00:00+08:00
1780125300000,82.36,82.5,82.36,82.46,1493.589815,2026-05-30 15:15:00+08:00
1780126200000,82.46,82.52,82.31,82.31,1027.667249,2026-05-30 15:30:00+08:00
1780127100000,82.32,82.39,82.28,82.39,1268.70941,2026-05-30 15:45:00+08:00
1780128000000,82.39,82.4,82.32,82.37,1041.711998,2026-05-30 16:00:00+08:00
1780128900000,82.37,82.41,82.28,82.36,1139.85712,2026-05-30 16:15:00+08:00
1780129800000,82.35,82.39,82.24,82.25,1559.565053,2026-05-30 16:30:00+08:00
1780130700000,82.24,82.31,82.2,82.24,1201.45368,2026-05-30 16:45:00+08:00
1780131600000,82.24,82.32,82.21,82.28,1421.637304,2026-05-30 17:00:00+08:00
1780132500000,82.29,82.33,82.22,82.32,1385.087049,2026-05-30 17:15:00+08:00
1780133400000,82.32,82.39,82.28,82.32,1486.151257,2026-05-30 17:30:00+08:00
1780134300000,82.32,82.4,82.3,82.33,695.511622,2026-05-30 17:45:00+08:00
1780135200000,82.34,82.44,82.32,82.4,2087.011815,2026-05-30 18:00:00+08:00
1780136100000,82.41,82.52,82.4,82.43,1537.044431,2026-05-30 18:15:00+08:00
1780137000000,82.43,82.49,82.42,82.47,1286.712254,2026-05-30 18:30:00+08:00
1780137900000,82.47,82.48,82.35,82.38,1060.93301,2026-05-30 18:45:00+08:00
1780138800000,82.39,82.41,82.28,82.33,1377.029513,2026-05-30 19:00:00+08:00
1780139700000,82.34,82.36,82.22,82.34,1501.471127,2026-05-30 19:15:00+08:00
1780140600000,82.33,82.55,82.33,82.44,1706.414557,2026-05-30 19:30:00+08:00
1780141500000,82.45,82.46,82.32,82.33,1025.393769,2026-05-30 19:45:00+08:00
1780142400000,82.34,82.34,82.26,82.29,866.130006,2026-05-30 20:00:00+08:00
1780143300000,82.3,82.42,82.27,82.36,1569.203984,2026-05-30 20:15:00+08:00
1780144200000,82.36,82.43,82.31,82.35,1689.085764,2026-05-30 20:30:00+08:00
1780145100000,82.34,82.45,82.3,82.45,1638.407434,2026-05-30 20:45:00+08:00
1780146000000,82.45,82.56,82.44,82.53,3440.323806,2026-05-30 21:00:00+08:00
1780146900000,82.53,82.57,82.45,82.47,3577.748081,2026-05-30 21:15:00+08:00
1780147800000,82.47,82.48,82.26,82.42,2994.5379,2026-05-30 21:30:00+08:00
1780148700000,82.42,82.52,82.39,82.48,1099.887932,2026-05-30 21:45:00+08:00
1780149600000,82.49,82.61,82.46,82.52,2608.897797,2026-05-30 22:00:00+08:00
1780150500000,82.52,82.71,82.46,82.68,1992.849564,2026-05-30 22:15:00+08:00
1780151400000,82.69,82.76,82.62,82.68,6439.481747,2026-05-30 22:30:00+08:00
1780152300000,82.67,82.7,82.57,82.63,2317.593937,2026-05-30 22:45:00+08:00
1780153200000,82.63,82.92,82.58,82.88,3495.076822,2026-05-30 23:00:00+08:00
1780154100000,82.87,82.89,82.61,82.7,3546.453671,2026-05-30 23:15:00+08:00
1780155000000,82.7,82.71,82.5,82.53,5991.707651,2026-05-30 23:30:00+08:00
1780155900000,82.54,82.76,82.52,82.7,3061.886637,2026-05-30 23:45:00+08:00
1780156800000,82.7,82.89,82.63,82.85,3384.259485,2026-05-31 00:00:00+08:00
1780157700000,82.85,82.89,82.7,82.78,1876.849483,2026-05-31 00:15:00+08:00
1780158600000,82.78,82.93,82.77,82.86,1499.901633,2026-05-31 00:30:00+08:00
1780159500000,82.87,82.92,82.76,82.89,1178.246471,2026-05-31 00:45:00+08:00
1780160400000,82.9,83.0,82.81,82.88,2491.747715,2026-05-31 01:00:00+08:00
1780161300000,82.9,83.05,82.8,82.9,6527.322916,2026-05-31 01:15:00+08:00
1780162200000,82.89,82.89,82.63,82.89,2787.686367,2026-05-31 01:30:00+08:00
1780163100000,82.88,83.05,82.88,83.05,2462.252773,2026-05-31 01:45:00+08:00
1780164000000,83.04,83.1,82.99,82.99,2036.944129,2026-05-31 02:00:00+08:00
1780164900000,82.99,83.11,82.87,82.9,2812.603359,2026-05-31 02:15:00+08:00
1780165800000,82.91,83.06,82.87,83.06,980.657934,2026-05-31 02:30:00+08:00
1780166700000,83.05,83.14,82.95,83.02,2142.706058,2026-05-31 02:45:00+08:00
1780167600000,83.02,83.04,82.9,82.94,1728.508928,2026-05-31 03:00:00+08:00
1780168500000,82.94,83.02,82.83,82.85,1063.045882,2026-05-31 03:15:00+08:00
1780169400000,82.84,82.93,82.78,82.92,2757.878595,2026-05-31 03:30:00+08:00
1780170300000,82.92,83.02,82.92,82.99,1764.516826,2026-05-31 03:45:00+08:00
1780171200000,82.99,83.08,82.95,83.01,1696.928105,2026-05-31 04:00:00+08:00
1780172100000,83.01,83.03,82.92,82.92,791.105024,2026-05-31 04:15:00+08:00
1780173000000,82.93,83.04,82.86,82.9,4854.830354,2026-05-31 04:30:00+08:00
1780173900000,82.91,83.01,82.91,82.96,802.407792,2026-05-31 04:45:00+08:00
1780174800000,82.97,83.11,82.91,83.07,3926.468312,2026-05-31 05:00:00+08:00
1780175700000,83.08,83.1,82.99,83.04,2170.103877,2026-05-31 05:15:00+08:00
1780176600000,83.03,83.19,83.0,83.09,2935.574353,2026-05-31 05:30:00+08:00
1780177500000,83.1,83.14,83.01,83.01,2736.104531,2026-05-31 05:45:00+08:00
1780178400000,83.02,83.02,82.59,82.75,6289.132412,2026-05-31 06:00:00+08:00
1780179300000,82.75,82.84,82.66,82.72,1127.645134,2026-05-31 06:15:00+08:00
1780180200000,82.73,82.76,82.46,82.52,1891.811686,2026-05-31 06:30:00+08:00
1780181100000,82.53,82.67,82.52,82.66,1126.863349,2026-05-31 06:45:00+08:00
1780182000000,82.66,82.89,82.55,82.56,3761.771077,2026-05-31 07:00:00+08:00
1780182900000,82.57,82.67,82.52,82.64,2521.260435,2026-05-31 07:15:00+08:00
1780183800000,82.63,82.63,82.53,82.57,729.653242,2026-05-31 07:30:00+08:00
1780184700000,82.58,82.73,82.58,82.73,1148.388144,2026-05-31 07:45:00+08:00
1780185600000,82.74,82.83,82.62,82.77,669.688171,2026-05-31 08:00:00+08:00
1780186500000,82.76,82.95,82.75,82.86,2538.684308,2026-05-31 08:15:00+08:00
1780187400000,82.85,82.91,82.77,82.85,1094.337853,2026-05-31 08:30:00+08:00
1780188300000,82.85,82.96,82.78,82.94,1259.762931,2026-05-31 08:45:00+08:00
1780189200000,82.94,83.04,82.92,83.0,3245.592211,2026-05-31 09:00:00+08:00
1780190100000,83.01,83.16,82.98,83.01,6670.927694,2026-05-31 09:15:00+08:00
1780191000000,83.01,83.2,82.98,83.02,8653.41991,2026-05-31 09:30:00+08:00
1780191900000,83.01,83.17,83.0,83.01,1630.291527,2026-05-31 09:45:00+08:00
1780192800000,83.01,83.19,83.01,83.18,1457.688608,2026-05-31 10:00:00+08:00
1780193700000,83.19,83.4,82.93,82.93,8281.333241,2026-05-31 10:15:00+08:00
1780194600000,82.94,83.06,82.88,83.05,2785.154135,2026-05-31 10:30:00+08:00
1780195500000,83.04,83.19,82.98,83.16,2366.744571,2026-05-31 10:45:00+08:00
1780196400000,83.16,83.22,83.1,83.21,1437.740376,2026-05-31 11:00:00+08:00
1780197300000,83.22,83.34,83.16,83.27,3355.080836,2026-05-31 11:15:00+08:00
1780198200000,83.27,83.31,83.13,83.23,1588.302958,2026-05-31 11:30:00+08:00
1780199100000,83.23,83.28,83.18,83.23,1526.31185,2026-05-31 11:45:00+08:00
1780200000000,83.23,83.27,83.09,83.1,1428.923544,2026-05-31 12:00:00+08:00
1780200900000,83.11,83.28,83.1,83.22,1823.036271,2026-05-31 12:15:00+08:00
1780201800000,83.23,83.28,83.14,83.23,3055.128954,2026-05-31 12:30:00+08:00
1780202700000,83.23,83.3,83.17,83.21,882.356589,2026-05-31 12:45:00+08:00
1780203600000,83.2,83.21,83.02,83.07,2266.648272,2026-05-31 13:00:00+08:00
1780204500000,83.07,83.13,83.04,83.11,1603.692837,2026-05-31 13:15:00+08:00
1780205400000,83.11,83.22,83.06,83.06,1572.838958,2026-05-31 13:30:00+08:00
1780206300000,83.06,83.08,83.0,83.04,2913.977773,2026-05-31 13:45:00+08:00
1780207200000,83.04,83.04,82.89,82.91,2037.365146,2026-05-31 14:00:00+08:00
1780208100000,82.92,82.97,82.86,82.92,2501.318619,2026-05-31 14:15:00+08:00
1780209000000,82.91,83.02,82.89,82.95,1241.428243,2026-05-31 14:30:00+08:00
1780209900000,82.96,83.04,82.95,82.98,1333.479936,2026-05-31 14:45:00+08:00
1780210800000,82.97,82.97,82.74,82.78,5756.933034,2026-05-31 15:00:00+08:00
1780211700000,82.79,82.85,82.63,82.68,3323.753428,2026-05-31 15:15:00+08:00
1780212600000,82.67,82.7,82.52,82.62,2190.641117,2026-05-31 15:30:00+08:00
1780213500000,82.62,82.71,82.61,82.68,1669.151258,2026-05-31 15:45:00+08:00
1780214400000,82.68,82.87,82.67,82.73,1463.018783,2026-05-31 16:00:00+08:00
1780215300000,82.74,82.86,82.73,82.83,1666.298769,2026-05-31 16:15:00+08:00
1780216200000,82.83,82.83,82.64,82.7,404.267164,2026-05-31 16:30:00+08:00
1780217100000,82.7,82.85,82.6,82.81,2384.814491,2026-05-31 16:45:00+08:00
1780218000000,82.8,82.81,82.67,82.72,1627.17648,2026-05-31 17:00:00+08:00
1780218900000,82.7,82.87,82.68,82.84,1910.665378,2026-05-31 17:15:00+08:00
1780219800000,82.85,83.05,82.82,83.0,3781.427783,2026-05-31 17:30:00+08:00
1780220700000,82.99,83.03,82.65,82.76,3193.530628,2026-05-31 17:45:00+08:00
1780221600000,82.76,82.76,82.63,82.73,2434.163281,2026-05-31 18:00:00+08:00
1780222500000,82.73,82.74,82.49,82.63,4430.630688,2026-05-31 18:15:00+08:00
1780223400000,82.64,82.68,82.55,82.57,1544.318964,2026-05-31 18:30:00+08:00
1780224300000,82.58,82.73,82.52,82.72,1607.735303,2026-05-31 18:45:00+08:00
1780225200000,82.73,82.86,82.72,82.81,2203.697167,2026-05-31 19:00:00+08:00
1780226100000,82.8,82.84,82.68,82.84,716.233223,2026-05-31 19:15:00+08:00
1780227000000,82.84,82.86,82.74,82.78,707.814093,2026-05-31 19:30:00+08:00
1780227900000,82.79,82.8,82.67,82.75,886.871825,2026-05-31 19:45:00+08:00
1780228800000,82.75,82.8,82.58,82.7,1260.057321,2026-05-31 20:00:00+08:00
1780229700000,82.71,82.86,82.71,82.79,1571.865349,2026-05-31 20:15:00+08:00
1780230600000,82.79,82.92,82.72,82.92,1571.086706,2026-05-31 20:30:00+08:00
1780231500000,82.92,82.93,82.76,82.83,2366.366442,2026-05-31 20:45:00+08:00
1780232400000,82.82,82.95,82.76,82.93,1731.602035,2026-05-31 21:00:00+08:00
1780233300000,82.94,83.11,82.91,82.99,3618.399914,2026-05-31 21:15:00+08:00
1780234200000,83.0,83.02,82.78,82.82,1645.975895,2026-05-31 21:30:00+08:00
1780235100000,82.82,82.86,82.66,82.77,1640.50364,2026-05-31 21:45:00+08:00
1780236000000,82.77,82.77,82.29,82.39,13824.162214,2026-05-31 22:00:00+08:00
1780236900000,82.37,82.51,81.8,82.01,27760.873361,2026-05-31 22:15:00+08:00
1780237800000,82.01,82.2,81.91,81.96,5264.424541,2026-05-31 22:30:00+08:00
1780238700000,81.97,82.11,81.9,81.97,4110.220981,2026-05-31 22:45:00+08:00
1780239600000,81.97,82.1,81.89,82.1,4351.671636,2026-05-31 23:00:00+08:00
1780240500000,82.09,82.28,82.05,82.22,1501.731254,2026-05-31 23:15:00+08:00
1780241400000,82.22,82.23,82.0,82.01,1692.037685,2026-05-31 23:30:00+08:00
1780242300000,82.0,82.1,81.85,81.89,5707.844735,2026-05-31 23:45:00+08:00
1780243200000,81.89,82.06,81.73,81.79,5630.658456,2026-06-01 00:00:00+08:00
1780244100000,81.78,81.89,81.62,81.77,4535.328579,2026-06-01 00:15:00+08:00
1780245000000,81.75,81.75,81.44,81.58,8858.002701,2026-06-01 00:30:00+08:00
1780245900000,81.58,81.62,81.45,81.58,2801.114633,2026-06-01 00:45:00+08:00
1780246800000,81.59,81.7,81.49,81.58,1912.70722,2026-06-01 01:00:00+08:00
1780247700000,81.58,81.76,81.57,81.75,1384.548278,2026-06-01 01:15:00+08:00
1780248600000,81.74,81.9,81.74,81.87,2130.111011,2026-06-01 01:30:00+08:00
1780249500000,81.87,81.91,81.83,81.86,2453.73848,2026-06-01 01:45:00+08:00
1780250400000,81.87,81.88,81.7,81.74,2472.486966,2026-06-01 02:00:00+08:00
1780251300000,81.73,81.77,81.62,81.74,1241.399753,2026-06-01 02:15:00+08:00
1780252200000,81.73,81.86,81.71,81.76,1268.908041,2026-06-01 02:30:00+08:00
1780253100000,81.77,81.79,81.67,81.75,1350.057232,2026-06-01 02:45:00+08:00
1780254000000,81.76,81.79,81.63,81.63,735.638051,2026-06-01 03:00:00+08:00
1780254900000,81.64,81.68,81.44,81.54,1764.59809,2026-06-01 03:15:00+08:00
1780255800000,81.55,81.61,81.34,81.58,1087.758199,2026-06-01 03:30:00+08:00
1780256700000,81.57,81.66,81.53,81.59,754.550067,2026-06-01 03:45:00+08:00
1780257600000,81.6,81.82,81.6,81.75,3674.497261,2026-06-01 04:00:00+08:00
1780258500000,81.76,81.9,81.74,81.81,1562.611658,2026-06-01 04:15:00+08:00
1780259400000,81.8,81.84,81.76,81.83,656.500913,2026-06-01 04:30:00+08:00
1780260300000,81.84,82.01,81.83,81.96,945.942907,2026-06-01 04:45:00+08:00
1780261200000,81.97,81.99,81.89,81.92,1606.340286,2026-06-01 05:00:00+08:00
1780262100000,81.92,82.07,81.92,81.94,1440.372087,2026-06-01 05:15:00+08:00
1780263000000,81.94,82.17,81.91,82.13,4116.673758,2026-06-01 05:30:00+08:00
1780263900000,82.14,82.37,82.13,82.31,6268.455506,2026-06-01 05:45:00+08:00
1780264800000,82.32,82.45,82.05,82.44,4947.650115,2026-06-01 06:00:00+08:00
1780265700000,82.44,82.65,82.29,82.42,5023.213908,2026-06-01 06:15:00+08:00
1780266600000,82.43,82.63,82.4,82.55,1832.482115,2026-06-01 06:30:00+08:00
1780267500000,82.55,82.7,82.46,82.53,2210.57212,2026-06-01 06:45:00+08:00
1780268400000,82.53,82.91,82.51,82.6,5018.078651,2026-06-01 07:00:00+08:00
1780269300000,82.59,82.7,82.36,82.45,4350.053835,2026-06-01 07:15:00+08:00
1780270200000,82.46,82.47,81.96,82.1,4563.433322,2026-06-01 07:30:00+08:00
1780271100000,82.11,82.47,82.06,82.46,2567.81743,2026-06-01 07:45:00+08:00
1780272000000,82.45,82.77,82.36,82.73,8104.756998,2026-06-01 08:00:00+08:00
1780272900000,82.74,82.99,82.62,82.93,7575.382435,2026-06-01 08:15:00+08:00
1780273800000,82.93,83.11,82.76,82.96,6829.297066,2026-06-01 08:30:00+08:00
1780274700000,82.95,83.06,82.81,82.82,4938.370665,2026-06-01 08:45:00+08:00
1780275600000,82.82,82.88,82.33,82.33,5619.206355,2026-06-01 09:00:00+08:00
1780276500000,82.35,82.47,82.24,82.3,2753.086642,2026-06-01 09:15:00+08:00
1780277400000,82.3,82.41,82.08,82.12,4778.090638,2026-06-01 09:30:00+08:00
1780278300000,82.11,82.26,81.75,81.77,7961.088141,2026-06-01 09:45:00+08:00
1780279200000,81.78,82.35,81.61,82.31,5750.920723,2026-06-01 10:00:00+08:00
1780280100000,82.32,82.34,82.14,82.25,1209.233548,2026-06-01 10:15:00+08:00
1780281000000,82.25,82.89,82.12,82.65,5577.147897,2026-06-01 10:30:00+08:00
1780281900000,82.64,82.87,82.62,82.7,4542.762538,2026-06-01 10:45:00+08:00
1780282800000,82.68,82.96,82.67,82.77,3523.243065,2026-06-01 11:00:00+08:00
1780283700000,82.78,82.93,82.62,82.88,5030.744944,2026-06-01 11:15:00+08:00
1780284600000,82.88,82.98,82.67,82.74,3014.275741,2026-06-01 11:30:00+08:00
1780285500000,82.75,82.78,82.55,82.61,1815.183149,2026-06-01 11:45:00+08:00
1780286400000,82.62,82.77,82.26,82.32,2429.429142,2026-06-01 12:00:00+08:00
1780287300000,82.34,82.37,81.86,81.92,7151.78276,2026-06-01 12:15:00+08:00
1780288200000,81.91,82.12,81.88,82.09,2065.877288,2026-06-01 12:30:00+08:00
1780289100000,82.09,82.11,81.77,82.04,3719.754875,2026-06-01 12:45:00+08:00
1780290000000,82.04,82.09,81.89,82.03,2575.601733,2026-06-01 13:00:00+08:00
1780290900000,82.03,82.12,81.76,81.78,2823.594878,2026-06-01 13:15:00+08:00
1780291800000,81.79,81.93,81.64,81.92,2787.292744,2026-06-01 13:30:00+08:00
1780292700000,81.93,82.03,81.78,81.81,1820.56962,2026-06-01 13:45:00+08:00
1780293600000,81.81,81.87,81.5,81.64,5169.428043,2026-06-01 14:00:00+08:00
1780294500000,81.66,81.69,81.38,81.45,4715.363083,2026-06-01 14:15:00+08:00
1780295400000,81.44,81.48,81.17,81.18,6416.189807,2026-06-01 14:30:00+08:00
1780296300000,81.17,81.52,81.14,81.45,5103.561487,2026-06-01 14:45:00+08:00
1780297200000,81.45,81.58,81.35,81.46,2828.713557,2026-06-01 15:00:00+08:00
1780298100000,81.47,81.52,81.27,81.27,5145.834796,2026-06-01 15:15:00+08:00
1780299000000,81.26,81.26,80.93,81.09,9275.680245,2026-06-01 15:30:00+08:00
1780299900000,81.09,81.14,80.65,80.74,8416.234824,2026-06-01 15:45:00+08:00
1780300800000,80.73,80.9,80.7,80.77,5218.358301,2026-06-01 16:00:00+08:00
1780301700000,80.77,80.91,80.56,80.64,4548.81436,2026-06-01 16:15:00+08:00
1780302600000,80.67,80.89,80.47,80.78,9289.215932,2026-06-01 16:30:00+08:00
1780303500000,80.78,81.04,80.78,80.98,3452.819422,2026-06-01 16:45:00+08:00
1780304400000,80.99,81.2,80.99,81.18,4854.802923,2026-06-01 17:00:00+08:00
1780305300000,81.18,81.29,81.11,81.14,2391.401963,2026-06-01 17:15:00+08:00
1780306200000,81.13,81.23,81.0,81.12,2515.556419,2026-06-01 17:30:00+08:00
1780307100000,81.13,81.28,81.03,81.08,5137.957175,2026-06-01 17:45:00+08:00
1780308000000,81.09,81.13,80.92,80.99,3693.374315,2026-06-01 18:00:00+08:00
1780308900000,80.98,81.06,80.84,80.88,6106.52719,2026-06-01 18:15:00+08:00
1780309800000,80.88,81.04,80.82,81.04,3193.87545,2026-06-01 18:30:00+08:00
1780310700000,81.05,81.18,81.05,81.08,2737.133501,2026-06-01 18:45:00+08:00
1780311600000,81.1,81.19,81.0,81.08,1922.124385,2026-06-01 19:00:00+08:00
1780312500000,81.08,81.22,81.05,81.15,1749.859239,2026-06-01 19:15:00+08:00
1780313400000,81.14,81.2,81.06,81.08,1918.473778,2026-06-01 19:30:00+08:00
1780314300000,81.08,81.1,80.61,80.82,10771.704179,2026-06-01 19:45:00+08:00
1780315200000,80.83,80.99,80.25,80.54,16249.828752,2026-06-01 20:00:00+08:00
1780316100000,80.54,81.01,80.54,80.92,13232.263982,2026-06-01 20:15:00+08:00
1780317000000,80.91,81.05,80.84,81.04,3555.489129,2026-06-01 20:30:00+08:00
1780317900000,81.04,81.08,80.8,80.83,4593.477415,2026-06-01 20:45:00+08:00
1780318800000,80.84,80.88,80.19,80.32,13924.584239,2026-06-01 21:00:00+08:00
1780319700000,80.31,80.63,80.2,80.33,10171.261346,2026-06-01 21:15:00+08:00
1780320600000,80.34,80.62,80.18,80.18,11984.391127,2026-06-01 21:30:00+08:00
1780321500000,80.19,80.38,79.24,79.86,66727.076584,2026-06-01 21:45:00+08:00
1780322400000,79.86,80.12,79.51,79.7,21464.655108,2026-06-01 22:00:00+08:00
1780323300000,79.69,79.86,79.45,79.56,10913.795948,2026-06-01 22:15:00+08:00
1780324200000,79.57,79.71,79.46,79.63,5829.045828,2026-06-01 22:30:00+08:00
1780325100000,79.63,79.81,79.54,79.73,4377.583392,2026-06-01 22:45:00+08:00
1780326000000,79.73,79.93,79.66,79.8,4544.756532,2026-06-01 23:00:00+08:00
1780326900000,79.8,79.83,79.2,79.29,13523.368218,2026-06-01 23:15:00+08:00
1780327800000,79.28,80.06,79.26,79.88,20799.51066,2026-06-01 23:30:00+08:00
1780328700000,79.89,79.96,79.56,79.62,6002.873804,2026-06-01 23:45:00+08:00
1780329600000,79.62,79.77,79.12,79.47,12205.802564,2026-06-02 00:00:00+08:00
1780330500000,79.45,79.72,79.36,79.72,5505.778332,2026-06-02 00:15:00+08:00
1780331400000,79.73,79.95,79.69,79.86,12188.481569,2026-06-02 00:30:00+08:00
1780332300000,79.87,80.45,79.87,80.41,11270.622933,2026-06-02 00:45:00+08:00
1780333200000,80.41,80.68,80.28,80.55,9728.531615,2026-06-02 01:00:00+08:00
1780334100000,80.56,80.85,80.29,80.83,16573.509911,2026-06-02 01:15:00+08:00
1780335000000,80.81,81.1,80.63,81.1,19761.056526,2026-06-02 01:30:00+08:00
1780335900000,81.11,81.2,80.89,80.93,5895.365795,2026-06-02 01:45:00+08:00
1780336800000,80.92,81.02,80.58,80.66,7554.670454,2026-06-02 02:00:00+08:00
1780337700000,80.67,81.01,80.6,80.99,2228.451758,2026-06-02 02:15:00+08:00
1780338600000,81.0,81.21,81.0,81.01,5879.1946,2026-06-02 02:30:00+08:00
1780339500000,81.0,81.01,80.81,80.86,3724.157169,2026-06-02 02:45:00+08:00
1780340400000,80.87,80.87,80.61,80.77,2569.623889,2026-06-02 03:00:00+08:00
1780341300000,80.78,81.06,80.66,81.05,3122.094296,2026-06-02 03:15:00+08:00
1780342200000,81.03,81.32,81.01,81.28,6009.52077,2026-06-02 03:30:00+08:00
1780343100000,81.26,81.28,81.1,81.2,2435.904134,2026-06-02 03:45:00+08:00
1780344000000,81.19,81.23,80.97,81.1,1671.584499,2026-06-02 04:00:00+08:00
1780344900000,81.1,81.24,80.98,81.11,1147.460442,2026-06-02 04:15:00+08:00
1780345800000,81.12,81.24,81.05,81.16,2617.411351,2026-06-02 04:30:00+08:00
1780346700000,81.16,81.21,81.01,81.13,2444.244903,2026-06-02 04:45:00+08:00
1780347600000,81.14,81.15,80.67,80.78,17101.971247,2026-06-02 05:00:00+08:00
1780348500000,80.78,80.9,80.52,80.8,6594.875713,2026-06-02 05:15:00+08:00
1780349400000,80.81,80.89,80.67,80.73,7744.475012,2026-06-02 05:30:00+08:00
1780350300000,80.73,80.85,80.6,80.68,3273.146425,2026-06-02 05:45:00+08:00
1780351200000,80.67,80.67,80.33,80.51,3682.036763,2026-06-02 06:00:00+08:00
1780352100000,80.51,80.99,80.44,80.95,4236.438228,2026-06-02 06:15:00+08:00
1780353000000,80.94,81.02,80.57,80.78,3148.447305,2026-06-02 06:30:00+08:00
1780353900000,80.78,81.49,80.78,81.4,11445.517075,2026-06-02 06:45:00+08:00
1780354800000,81.4,81.48,81.25,81.36,2722.908373,2026-06-02 07:00:00+08:00
1780355700000,81.36,81.63,81.16,81.16,8007.736016,2026-06-02 07:15:00+08:00
1780356600000,81.16,81.57,81.08,81.38,4999.720089,2026-06-02 07:30:00+08:00
1780357500000,81.4,81.45,81.14,81.27,4457.78121,2026-06-02 07:45:00+08:00
1780358400000,81.28,81.3,81.09,81.13,3803.764357,2026-06-02 08:00:00+08:00
1780359300000,81.14,81.19,80.94,80.98,3097.96561,2026-06-02 08:15:00+08:00
1780360200000,80.99,81.19,80.91,80.99,2263.365262,2026-06-02 08:30:00+08:00
1780361100000,81.0,81.08,80.89,80.9,3175.409175,2026-06-02 08:45:00+08:00
1780362000000,80.9,81.02,80.72,80.93,2692.372161,2026-06-02 09:00:00+08:00
1780362900000,80.93,80.97,80.63,80.64,2592.755746,2026-06-02 09:15:00+08:00
1780363800000,80.64,80.69,80.16,80.44,6414.396535,2026-06-02 09:30:00+08:00
1780364700000,80.43,80.43,80.05,80.12,4564.866389,2026-06-02 09:45:00+08:00
1780365600000,80.12,80.17,79.39,79.82,14606.611924,2026-06-02 10:00:00+08:00
1780366500000,79.83,80.53,79.69,80.51,9275.351364,2026-06-02 10:15:00+08:00
1780367400000,80.53,80.55,80.15,80.18,3464.425046,2026-06-02 10:30:00+08:00
1780368300000,80.17,80.78,80.14,80.78,5215.635627,2026-06-02 10:45:00+08:00
1780369200000,80.79,80.99,80.64,80.8,4583.07117,2026-06-02 11:00:00+08:00
1780370100000,80.8,80.94,80.68,80.9,3141.933086,2026-06-02 11:15:00+08:00
1780371000000,80.89,80.99,80.77,80.98,3863.018899,2026-06-02 11:30:00+08:00
1780371900000,80.99,81.04,80.86,80.91,6420.805551,2026-06-02 11:45:00+08:00
1780372800000,80.91,81.01,80.47,80.57,9620.550359,2026-06-02 12:00:00+08:00
1780373700000,80.61,80.95,80.6,80.88,2930.599292,2026-06-02 12:15:00+08:00
1780374600000,80.87,80.92,80.73,80.78,2002.765513,2026-06-02 12:30:00+08:00
1780375500000,80.77,80.77,80.39,80.45,6625.662604,2026-06-02 12:45:00+08:00
1780376400000,80.45,80.58,80.09,80.57,4866.916393,2026-06-02 13:00:00+08:00
1780377300000,80.56,80.56,80.08,80.09,3276.061336,2026-06-02 13:15:00+08:00
1780378200000,80.1,80.25,79.89,80.09,7612.102798,2026-06-02 13:30:00+08:00
1780379100000,80.09,80.1,79.56,79.64,8849.21145,2026-06-02 13:45:00+08:00
1780380000000,79.63,79.83,79.4,79.51,9991.379967,2026-06-02 14:00:00+08:00
1780380900000,79.51,79.69,79.4,79.66,4291.009969,2026-06-02 14:15:00+08:00
1780381800000,79.65,79.74,79.53,79.53,5591.237135,2026-06-02 14:30:00+08:00
1780382700000,79.53,79.77,79.34,79.59,9582.720204,2026-06-02 14:45:00+08:00
1780383600000,79.6,79.67,79.15,79.65,7338.345567,2026-06-02 15:00:00+08:00
1780384500000,79.64,79.93,79.42,79.5,6070.477979,2026-06-02 15:15:00+08:00
1780385400000,79.5,79.91,79.48,79.8,3988.209101,2026-06-02 15:30:00+08:00
1780386300000,79.79,79.83,79.62,79.68,2597.018924,2026-06-02 15:45:00+08:00
1780387200000,79.69,79.76,79.55,79.69,3877.497036,2026-06-02 16:00:00+08:00
1780388100000,79.68,79.79,79.51,79.7,6123.586438,2026-06-02 16:15:00+08:00
1780389000000,79.7,79.82,79.56,79.56,3335.915832,2026-06-02 16:30:00+08:00
1780389900000,79.56,79.64,79.48,79.62,4621.953331,2026-06-02 16:45:00+08:00
1780390800000,79.62,79.65,79.22,79.32,6600.3993,2026-06-02 17:00:00+08:00
1780391700000,79.31,79.4,78.7,78.94,18097.977869,2026-06-02 17:15:00+08:00
1780392600000,78.93,79.23,78.82,79.13,4723.930242,2026-06-02 17:30:00+08:00
1780393500000,79.14,79.24,79.02,79.1,4087.481304,2026-06-02 17:45:00+08:00
1780394400000,79.11,79.43,78.98,79.35,4757.046496,2026-06-02 18:00:00+08:00
1780395300000,79.36,79.46,79.29,79.41,2760.891874,2026-06-02 18:15:00+08:00
1780396200000,79.41,79.44,79.2,79.22,5281.819995,2026-06-02 18:30:00+08:00
1780397100000,79.22,79.5,79.21,79.44,15316.966569,2026-06-02 18:45:00+08:00
1780398000000,79.44,79.45,79.14,79.17,8731.31036,2026-06-02 19:00:00+08:00
1780398900000,79.16,79.16,78.91,79.02,6709.302646,2026-06-02 19:15:00+08:00
1780399800000,79.02,79.13,78.87,79.0,6392.312896,2026-06-02 19:30:00+08:00
1780400700000,79.01,79.2,78.94,78.95,9400.018052,2026-06-02 19:45:00+08:00
1780401600000,78.95,79.04,78.73,78.81,5982.785118,2026-06-02 20:00:00+08:00
1780402500000,78.79,79.04,78.67,78.94,10058.568869,2026-06-02 20:15:00+08:00
1780403400000,78.95,79.13,78.77,79.13,6570.532484,2026-06-02 20:30:00+08:00
1780404300000,79.13,79.16,78.91,78.98,5735.347086,2026-06-02 20:45:00+08:00
1780405200000,78.99,79.09,78.81,78.82,9464.039915,2026-06-02 21:00:00+08:00
1780406100000,78.85,79.22,78.84,79.14,4439.169264,2026-06-02 21:15:00+08:00
1780407000000,79.15,79.22,78.95,79.11,5932.277336,2026-06-02 21:30:00+08:00
1780407900000,79.11,79.19,78.84,78.95,5640.378337,2026-06-02 21:45:00+08:00
1780408800000,78.95,78.99,78.25,78.7,16849.828811,2026-06-02 22:00:00+08:00
1780409700000,78.69,78.72,76.74,77.26,76115.729119,2026-06-02 22:15:00+08:00
1780410600000,77.25,77.94,77.04,77.22,22089.377779,2026-06-02 22:30:00+08:00
1780411500000,77.21,77.74,77.2,77.45,7095.52606,2026-06-02 22:45:00+08:00
1780412400000,77.44,77.5,76.91,77.06,13453.488632,2026-06-02 23:00:00+08:00
1780413300000,77.06,77.09,76.24,76.36,36079.156842,2026-06-02 23:15:00+08:00
1780414200000,76.36,76.4,75.51,76.2,67844.836648,2026-06-02 23:30:00+08:00
1780415100000,76.2,76.5,76.02,76.38,16231.847006,2026-06-02 23:45:00+08:00
1780416000000,76.38,77.27,76.16,77.27,18734.366949,2026-06-03 00:00:00+08:00
1780416900000,77.26,77.68,77.13,77.23,14425.112075,2026-06-03 00:15:00+08:00
1780417800000,77.23,77.26,76.96,77.02,5965.601663,2026-06-03 00:30:00+08:00
1780418700000,77.01,77.28,76.72,76.72,7054.14269,2026-06-03 00:45:00+08:00
1780419600000,76.73,76.97,76.49,76.79,8720.282145,2026-06-03 01:00:00+08:00
1780420500000,76.77,77.13,76.7,77.06,9542.241095,2026-06-03 01:15:00+08:00
1780421400000,77.06,77.19,76.85,76.85,5287.48823,2026-06-03 01:30:00+08:00
1780422300000,76.85,76.93,76.74,76.83,6951.810415,2026-06-03 01:45:00+08:00
1780423200000,76.84,77.07,76.69,76.7,6588.588943,2026-06-03 02:00:00+08:00
1780424100000,76.7,76.73,76.29,76.32,6534.355272,2026-06-03 02:15:00+08:00
1780425000000,76.33,76.41,76.12,76.25,4329.728269,2026-06-03 02:30:00+08:00
1780425900000,76.26,76.27,75.8,76.15,11653.534436,2026-06-03 02:45:00+08:00
1780426800000,76.16,76.26,75.95,76.12,5374.807897,2026-06-03 03:00:00+08:00
1780427700000,76.13,76.15,75.51,75.55,14591.240449,2026-06-03 03:15:00+08:00
1780428600000,75.55,75.62,74.41,75.23,56087.587248,2026-06-03 03:30:00+08:00
1780429500000,75.22,75.98,75.22,75.52,16887.311678,2026-06-03 03:45:00+08:00
1780430400000,75.52,75.93,75.4,75.66,6052.661035,2026-06-03 04:00:00+08:00
1780431300000,75.67,75.71,74.78,74.88,8973.220385,2026-06-03 04:15:00+08:00
1780432200000,74.89,75.31,74.89,75.17,6120.093522,2026-06-03 04:30:00+08:00
1780433100000,75.19,75.54,75.15,75.44,4634.67071,2026-06-03 04:45:00+08:00
1780434000000,75.44,75.82,75.33,75.43,5987.175108,2026-06-03 05:00:00+08:00
1780434900000,75.42,75.95,75.41,75.91,5354.767078,2026-06-03 05:15:00+08:00
1780435800000,75.91,76.08,75.78,75.92,5924.620777,2026-06-03 05:30:00+08:00
1780436700000,75.91,75.93,75.59,75.67,3163.186025,2026-06-03 05:45:00+08:00
1780437600000,75.66,75.66,75.11,75.12,10314.647383,2026-06-03 06:00:00+08:00
1780438500000,75.13,75.56,74.61,75.35,13668.692419,2026-06-03 06:15:00+08:00
1780439400000,75.35,75.38,74.74,74.86,9222.280796,2026-06-03 06:30:00+08:00
1780440300000,74.85,74.85,73.31,73.66,41641.183471,2026-06-03 06:45:00+08:00
1780441200000,73.67,73.99,73.37,73.95,23319.610873,2026-06-03 07:00:00+08:00
1780442100000,73.95,73.99,72.72,73.06,32145.931099,2026-06-03 07:15:00+08:00
1780443000000,73.07,73.95,72.86,73.94,19785.434823,2026-06-03 07:30:00+08:00
1780443900000,73.91,74.31,73.86,74.21,12352.685061,2026-06-03 07:45:00+08:00
1780444800000,74.23,74.81,74.0,74.78,22417.278543,2026-06-03 08:00:00+08:00
1780445700000,74.78,75.13,74.68,74.72,22612.768947,2026-06-03 08:15:00+08:00
1780446600000,74.73,75.12,74.61,74.97,11859.443764,2026-06-03 08:30:00+08:00
1780447500000,74.97,75.05,74.84,74.84,6066.7021,2026-06-03 08:45:00+08:00
1780448400000,74.84,75.02,74.66,74.82,4553.416291,2026-06-03 09:00:00+08:00
1780449300000,74.83,75.03,74.78,74.97,3784.37456,2026-06-03 09:15:00+08:00
1780450200000,74.95,75.04,74.16,74.2,12335.828851,2026-06-03 09:30:00+08:00
1780451100000,74.2,74.9,74.2,74.74,3970.503676,2026-06-03 09:45:00+08:00
1780452000000,74.75,74.8,74.49,74.55,4055.671537,2026-06-03 10:00:00+08:00
1780452900000,74.55,74.67,74.24,74.39,3357.085505,2026-06-03 10:15:00+08:00
1780453800000,74.37,74.54,74.28,74.36,7648.751176,2026-06-03 10:30:00+08:00
1780454700000,74.37,74.46,74.21,74.41,4368.762822,2026-06-03 10:45:00+08:00
1780455600000,74.4,74.53,74.17,74.34,5207.808399,2026-06-03 11:00:00+08:00
1780456500000,74.34,74.48,73.76,73.86,19034.167464,2026-06-03 11:15:00+08:00
1780457400000,73.87,74.1,72.8,72.83,28497.570122,2026-06-03 11:30:00+08:00
1780458300000,72.84,73.04,72.28,72.71,24764.535926,2026-06-03 11:45:00+08:00
1780459200000,72.72,73.87,72.7,73.33,21558.863731,2026-06-03 12:00:00+08:00
1780460100000,73.33,73.68,73.28,73.64,13059.342855,2026-06-03 12:15:00+08:00
1780461000000,73.61,73.89,73.34,73.8,7401.920904,2026-06-03 12:30:00+08:00
1780461900000,73.81,74.12,73.69,74.05,10473.24231,2026-06-03 12:45:00+08:00
1780462800000,74.06,74.87,74.06,74.78,23738.944632,2026-06-03 13:00:00+08:00
1780463700000,74.79,74.92,74.49,74.64,7837.818528,2026-06-03 13:15:00+08:00
1780464600000,74.63,74.64,74.24,74.55,12583.756352,2026-06-03 13:30:00+08:00
1780465500000,74.55,74.82,74.45,74.74,11892.210768,2026-06-03 13:45:00+08:00
1780466400000,74.74,74.93,74.67,74.91,10122.958608,2026-06-03 14:00:00+08:00
1780467300000,74.91,75.16,74.79,75.06,15239.758637,2026-06-03 14:15:00+08:00
1780468200000,75.04,75.4,74.97,75.17,19291.430892,2026-06-03 14:30:00+08:00
1780469100000,75.18,75.18,74.83,74.86,10341.092636,2026-06-03 14:45:00+08:00
1780470000000,74.86,75.21,74.76,75.15,9098.272968,2026-06-03 15:00:00+08:00
1780470900000,75.14,75.41,75.07,75.15,9975.74088,2026-06-03 15:15:00+08:00
1780471800000,75.14,75.4,75.12,75.29,5496.105764,2026-06-03 15:30:00+08:00
1780472700000,75.29,75.42,75.19,75.26,8008.924368,2026-06-03 15:45:00+08:00
1780473600000,75.26,75.33,74.98,74.98,9479.745594,2026-06-03 16:00:00+08:00
1780474500000,74.99,75.09,74.86,74.99,4269.558172,2026-06-03 16:15:00+08:00
1780475400000,75.0,75.23,74.96,75.08,5204.345698,2026-06-03 16:30:00+08:00
1780476300000,75.07,75.19,74.91,74.99,4067.909692,2026-06-03 16:45:00+08:00
1780477200000,75.0,75.09,74.92,74.97,2928.499818,2026-06-03 17:00:00+08:00
1780478100000,74.96,75.02,74.78,74.9,8998.236612,2026-06-03 17:15:00+08:00
1780479000000,74.89,75.02,74.77,74.79,4675.377895,2026-06-03 17:30:00+08:00
1780479900000,74.78,75.4,74.71,74.99,20299.211434,2026-06-03 17:45:00+08:00
1780480800000,75.0,75.62,74.96,75.3,13831.915148,2026-06-03 18:00:00+08:00
1780481700000,75.3,75.5,75.19,75.49,4395.385216,2026-06-03 18:15:00+08:00
1780482600000,75.5,75.59,75.33,75.39,6332.171394,2026-06-03 18:30:00+08:00
1780483500000,75.39,75.56,75.34,75.54,3261.413176,2026-06-03 18:45:00+08:00
1780484400000,75.55,75.7,75.47,75.66,5238.865667,2026-06-03 19:00:00+08:00
1780485300000,75.65,75.69,75.55,75.62,3375.950225,2026-06-03 19:15:00+08:00
1780486200000,75.6,75.61,75.25,75.25,5097.774676,2026-06-03 19:30:00+08:00
1780487100000,75.25,75.26,75.0,75.12,8351.980622,2026-06-03 19:45:00+08:00
1780488000000,75.13,75.19,74.92,74.98,4104.831446,2026-06-03 20:00:00+08:00
1780488900000,74.97,75.09,74.68,75.06,17463.847461,2026-06-03 20:15:00+08:00
1780489800000,75.06,75.16,74.85,75.02,3671.283248,2026-06-03 20:30:00+08:00
1780490700000,75.02,75.27,74.94,75.18,2246.732535,2026-06-03 20:45:00+08:00
1780491600000,75.18,75.32,75.0,75.13,7825.846027,2026-06-03 21:00:00+08:00
1780492500000,75.13,75.37,74.72,74.79,7624.735971,2026-06-03 21:15:00+08:00
1780493400000,74.79,75.13,74.51,74.52,13232.689376,2026-06-03 21:30:00+08:00
1780494300000,74.53,74.82,74.38,74.57,11781.841889,2026-06-03 21:45:00+08:00
1780495200000,74.56,74.6,74.22,74.5,7946.637461,2026-06-03 22:00:00+08:00
1780496100000,74.51,74.55,73.84,74.07,10950.818649,2026-06-03 22:15:00+08:00
1780497000000,74.06,74.45,73.84,74.15,7581.199225,2026-06-03 22:30:00+08:00
1780497900000,74.15,74.46,74.15,74.45,2874.453985,2026-06-03 22:45:00+08:00
1780498800000,74.46,74.51,73.94,74.05,5538.705379,2026-06-03 23:00:00+08:00
1780499700000,74.06,74.31,73.73,74.23,16832.495995,2026-06-03 23:15:00+08:00
1780500600000,74.22,74.32,73.37,73.59,10140.579814,2026-06-03 23:30:00+08:00
1780501500000,73.59,73.66,73.25,73.3,9779.894752,2026-06-03 23:45:00+08:00
1780502400000,73.31,73.48,72.94,73.06,20712.786037,2026-06-04 00:00:00+08:00
1780503300000,73.06,73.27,72.04,72.4,35202.497743,2026-06-04 00:15:00+08:00
1780504200000,72.41,72.83,72.38,72.7,12825.31762,2026-06-04 00:30:00+08:00
1780505100000,72.71,73.0,72.6,72.99,14006.726917,2026-06-04 00:45:00+08:00
1780506000000,73.0,73.14,72.4,72.71,10686.047052,2026-06-04 01:00:00+08:00
1780506900000,72.72,73.31,72.7,73.3,3894.97478,2026-06-04 01:15:00+08:00
