timestamp,open,high,low,close,volume,datetime
1783400400000,80.92,80.94,80.47,80.63,8366.651779,2026-07-07 13:00:00+08:00
1783402200000,80.62,81.22,80.62,81.11,16418.275611,2026-07-07 13:30:00+08:00
1783404000000,81.1,81.23,80.81,81.08,10805.373594,2026-07-07 14:00:00+08:00
1783405800000,81.07,81.65,81.02,81.56,16988.093704,2026-07-07 14:30:00+08:00
1783407600000,81.56,81.75,81.48,81.59,8904.502525,2026-07-07 15:00:00+08:00
1783409400000,81.58,81.71,81.34,81.5,8368.765313,2026-07-07 15:30:00+08:00
1783411200000,81.5,81.58,81.2,81.52,21324.157257,2026-07-07 16:00:00+08:00
1783413000000,81.52,81.59,81.24,81.28,21934.250404,2026-07-07 16:30:00+08:00
1783414800000,81.28,81.49,81.16,81.2,11790.725903,2026-07-07 17:00:00+08:00
1783416600000,81.2,81.43,81.14,81.31,20974.977932,2026-07-07 17:30:00+08:00
1783418400000,81.31,81.58,81.09,81.11,23369.128033,2026-07-07 18:00:00+08:00
1783420200000,81.12,81.17,80.92,80.99,8576.503069,2026-07-07 18:30:00+08:00
1783422000000,81.0,81.11,80.75,80.99,7212.938898,2026-07-07 19:00:00+08:00
1783423800000,80.99,81.41,80.87,81.32,9298.163656,2026-07-07 19:30:00+08:00
1783425600000,81.33,82.0,81.31,81.88,25848.384482,2026-07-07 20:00:00+08:00
1783427400000,81.89,81.9,81.44,81.45,13684.036084,2026-07-07 20:30:00+08:00
1783429200000,81.46,81.62,80.91,80.95,13773.476734,2026-07-07 21:00:00+08:00
1783431000000,80.95,81.39,80.67,80.84,29922.08664,2026-07-07 21:30:00+08:00
1783432800000,80.85,81.2,80.59,81.16,13253.19111,2026-07-07 22:00:00+08:00
1783434600000,81.17,81.9,80.51,81.79,36152.606322,2026-07-07 22:30:00+08:00
1783436400000,81.8,82.11,81.49,81.97,14433.511223,2026-07-07 23:00:00+08:00
1783438200000,81.97,82.35,81.86,82.11,24905.345403,2026-07-07 23:30:00+08:00
1783440000000,82.12,82.46,81.83,82.25,11748.333046,2026-07-08 00:00:00+08:00
1783441800000,82.25,82.56,82.08,82.21,8340.767625,2026-07-08 00:30:00+08:00
1783443600000,82.21,82.65,82.08,82.57,17385.283988,2026-07-08 01:00:00+08:00
1783445400000,82.58,82.79,82.42,82.71,12076.655513,2026-07-08 01:30:00+08:00
1783447200000,82.72,82.72,82.01,82.05,10096.198056,2026-07-08 02:00:00+08:00
1783449000000,82.06,82.31,81.26,81.31,16830.373594,2026-07-08 02:30:00+08:00
1783450800000,81.3,81.42,80.77,81.11,21585.683352,2026-07-08 03:00:00+08:00
1783452600000,81.12,81.58,81.12,81.37,9215.456237,2026-07-08 03:30:00+08:00
1783454400000,81.39,81.5,81.18,81.34,7950.068666,2026-07-08 04:00:00+08:00
1783456200000,81.35,81.36,81.02,81.17,3102.717279,2026-07-08 04:30:00+08:00
1783458000000,81.18,81.42,80.68,80.9,7424.54361,2026-07-08 05:00:00+08:00
1783459800000,80.9,80.91,80.56,80.82,8417.178693,2026-07-08 05:30:00+08:00
1783461600000,80.82,81.03,80.33,80.8,14657.574083,2026-07-08 06:00:00+08:00
1783463400000,80.8,81.09,80.77,80.88,5528.340097,2026-07-08 06:30:00+08:00
1783465200000,80.86,81.14,80.85,81.11,4963.538592,2026-07-08 07:00:00+08:00
1783467000000,81.11,81.13,80.51,80.56,7684.929189,2026-07-08 07:30:00+08:00
1783468800000,80.55,80.77,80.47,80.65,11309.592583,2026-07-08 08:00:00+08:00
1783470600000,80.65,80.71,80.36,80.38,11407.680809,2026-07-08 08:30:00+08:00
1783472400000,80.39,80.43,80.08,80.08,21156.018959,2026-07-08 09:00:00+08:00
1783474200000,80.08,80.09,78.84,79.1,61861.793307,2026-07-08 09:30:00+08:00
1783476000000,79.1,79.19,78.75,78.91,20820.185093,2026-07-08 10:00:00+08:00
1783477800000,78.91,79.18,78.22,79.06,40628.380175,2026-07-08 10:30:00+08:00
1783479600000,79.08,79.34,79.06,79.25,19408.412938,2026-07-08 11:00:00+08:00
1783481400000,79.24,79.24,78.63,78.74,14804.475085,2026-07-08 11:30:00+08:00
1783483200000,78.74,78.92,78.58,78.88,8876.702791,2026-07-08 12:00:00+08:00
1783485000000,78.88,78.94,78.36,78.64,12400.848083,2026-07-08 12:30:00+08:00
1783486800000,78.65,78.81,78.52,78.61,10192.168969,2026-07-08 13:00:00+08:00
1783488600000,78.62,78.67,78.34,78.43,20865.002326,2026-07-08 13:30:00+08:00
1783490400000,78.44,78.45,78.13,78.28,16300.419509,2026-07-08 14:00:00+08:00
1783492200000,78.27,78.37,77.94,78.21,17463.348437,2026-07-08 14:30:00+08:00
1783494000000,78.22,78.26,77.81,78.14,22334.772911,2026-07-08 15:00:00+08:00
1783495800000,78.14,78.34,78.04,78.3,27871.69985,2026-07-08 15:30:00+08:00
1783497600000,78.3,78.43,77.18,77.2,54990.249697,2026-07-08 16:00:00+08:00
1783499400000,77.21,77.72,76.9,77.26,57406.774777,2026-07-08 16:30:00+08:00
1783501200000,77.27,77.38,77.02,77.25,13108.7209,2026-07-08 17:00:00+08:00
1783503000000,77.24,77.51,77.17,77.19,11574.139769,2026-07-08 17:30:00+08:00
1783504800000,77.2,77.42,76.95,77.4,12824.728667,2026-07-08 18:00:00+08:00
1783506600000,77.39,77.49,77.25,77.33,8028.478694,2026-07-08 18:30:00+08:00
1783508400000,77.34,77.39,77.1,77.16,10267.060184,2026-07-08 19:00:00+08:00
1783510200000,77.17,77.71,77.1,77.56,15034.589503,2026-07-08 19:30:00+08:00
1783512000000,77.56,77.66,77.41,77.51,9443.847333,2026-07-08 20:00:00+08:00
1783513800000,77.51,77.52,77.01,77.01,12702.650722,2026-07-08 20:30:00+08:00
1783515600000,77.03,77.1,76.65,76.86,19221.044942,2026-07-08 21:00:00+08:00
1783517400000,76.87,77.46,76.87,77.31,26408.86871,2026-07-08 21:30:00+08:00
1783519200000,77.29,77.42,76.88,77.1,17575.366083,2026-07-08 22:00:00+08:00
1783521000000,77.1,77.23,76.7,77.11,23210.073453,2026-07-08 22:30:00+08:00
1783522800000,77.12,77.15,76.28,76.4,29395.564475,2026-07-08 23:00:00+08:00
1783524600000,76.39,76.79,76.33,76.76,14834.547541,2026-07-08 23:30:00+08:00
1783526400000,76.76,77.2,76.76,77.04,16100.729471,2026-07-09 00:00:00+08:00
1783528200000,77.02,77.37,76.83,77.29,13739.592774,2026-07-09 00:30:00+08:00
1783530000000,77.29,77.6,77.1,77.59,11457.002586,2026-07-09 01:00:00+08:00
1783531800000,77.6,77.68,77.04,77.15,9671.479485,2026-07-09 01:30:00+08:00
1783533600000,77.14,77.36,77.08,77.14,8576.633399,2026-07-09 02:00:00+08:00
1783535400000,77.13,77.33,76.83,77.15,8254.627078,2026-07-09 02:30:00+08:00
1783537200000,77.16,77.27,76.96,77.13,7334.531357,2026-07-09 03:00:00+08:00
1783539000000,77.13,77.5,77.12,77.42,8278.452817,2026-07-09 03:30:00+08:00
1783540800000,77.43,77.56,77.31,77.4,5626.394931,2026-07-09 04:00:00+08:00
1783542600000,77.39,77.4,77.06,77.18,5614.371536,2026-07-09 04:30:00+08:00
1783544400000,77.19,77.19,76.93,77.12,4785.421008,2026-07-09 05:00:00+08:00
1783546200000,77.13,77.34,77.03,77.25,7005.152132,2026-07-09 05:30:00+08:00
1783548000000,77.26,77.48,77.19,77.4,6452.836203,2026-07-09 06:00:00+08:00
1783549800000,77.4,77.58,77.3,77.55,4092.491846,2026-07-09 06:30:00+08:00
1783551600000,77.54,77.65,77.47,77.57,5463.947885,2026-07-09 07:00:00+08:00
1783553400000,77.55,77.95,77.44,77.83,8703.173212,2026-07-09 07:30:00+08:00
1783555200000,77.83,77.89,77.53,77.67,9850.418914,2026-07-09 08:00:00+08:00
1783557000000,77.67,77.8,77.52,77.72,8164.114522,2026-07-09 08:30:00+08:00
1783558800000,77.72,78.78,77.65,78.18,26900.631028,2026-07-09 09:00:00+08:00
1783560600000,78.18,78.2,77.22,77.35,29186.880541,2026-07-09 09:30:00+08:00
1783562400000,77.36,77.84,77.22,77.66,12092.458458,2026-07-09 10:00:00+08:00
1783564200000,77.65,77.68,76.99,77.07,14327.702938,2026-07-09 10:30:00+08:00
1783566000000,77.07,77.17,76.72,77.04,12520.533659,2026-07-09 11:00:00+08:00
1783567800000,77.05,77.39,77.05,77.38,8825.069291,2026-07-09 11:30:00+08:00
1783569600000,77.38,77.44,77.2,77.37,7070.089605,2026-07-09 12:00:00+08:00
1783571400000,77.37,78.04,77.37,77.99,14301.756692,2026-07-09 12:30:00+08:00
1783573200000,77.98,78.3,77.76,77.91,15467.738091,2026-07-09 13:00:00+08:00
1783575000000,77.91,78.4,77.74,78.4,12134.501406,2026-07-09 13:30:00+08:00
1783576800000,78.4,78.6,78.12,78.46,18006.323506,2026-07-09 14:00:00+08:00
1783578600000,78.45,78.52,78.31,78.49,11890.377292,2026-07-09 14:30:00+08:00
1783580400000,78.49,78.83,78.18,78.3,19190.282238,2026-07-09 15:00:00+08:00
1783582200000,78.3,78.58,78.13,78.21,13978.507462,2026-07-09 15:30:00+08:00
1783584000000,78.21,78.37,77.96,78.36,14878.615799,2026-07-09 16:00:00+08:00
1783585800000,78.36,78.4,78.06,78.12,4474.467367,2026-07-09 16:30:00+08:00
1783587600000,78.12,78.2,77.91,78.02,7088.959017,2026-07-09 17:00:00+08:00
1783589400000,78.02,78.17,77.86,78.14,5895.08132,2026-07-09 17:30:00+08:00
1783591200000,78.14,78.21,77.95,78.04,8441.448281,2026-07-09 18:00:00+08:00
1783593000000,78.03,78.09,77.52,77.69,13708.935408,2026-07-09 18:30:00+08:00
1783594800000,77.7,77.78,77.4,77.43,12454.504761,2026-07-09 19:00:00+08:00
1783596600000,77.43,77.7,77.32,77.62,14028.767741,2026-07-09 19:30:00+08:00
1783598400000,77.62,77.78,77.44,77.71,32582.316298,2026-07-09 20:00:00+08:00
1783600200000,77.71,78.22,77.45,77.64,50156.510899,2026-07-09 20:30:00+08:00
1783602000000,77.64,78.09,77.64,77.73,8619.651546,2026-07-09 21:00:00+08:00
1783603800000,77.74,78.49,77.35,78.23,20859.317978,2026-07-09 21:30:00+08:00
1783605600000,78.23,78.36,77.69,77.91,15631.474357,2026-07-09 22:00:00+08:00
1783607400000,77.9,77.99,77.58,77.89,11573.24218,2026-07-09 22:30:00+08:00
1783609200000,77.91,78.19,77.67,77.81,10235.460847,2026-07-09 23:00:00+08:00
1783611000000,77.82,77.92,77.51,77.62,13225.599405,2026-07-09 23:30:00+08:00
1783612800000,77.62,77.82,77.25,77.47,12409.80951,2026-07-10 00:00:00+08:00
1783614600000,77.48,77.74,77.47,77.69,6817.097354,2026-07-10 00:30:00+08:00
1783616400000,77.69,78.0,77.68,77.79,5937.534612,2026-07-10 01:00:00+08:00
1783618200000,77.79,78.16,77.64,78.07,13203.06848,2026-07-10 01:30:00+08:00
1783620000000,78.07,78.44,78.02,78.27,10008.408746,2026-07-10 02:00:00+08:00
1783621800000,78.28,78.28,78.03,78.2,6697.389073,2026-07-10 02:30:00+08:00
1783623600000,78.21,78.21,77.91,78.14,5003.298592,2026-07-10 03:00:00+08:00
1783625400000,78.15,78.31,78.05,78.16,5245.96703,2026-07-10 03:30:00+08:00
1783627200000,78.17,78.21,77.98,78.17,4872.719088,2026-07-10 04:00:00+08:00
1783629000000,78.17,78.3,78.07,78.15,3354.778644,2026-07-10 04:30:00+08:00
1783630800000,78.16,78.29,78.01,78.04,3304.999451,2026-07-10 05:00:00+08:00
1783632600000,78.04,78.11,77.91,78.06,4009.071756,2026-07-10 05:30:00+08:00
1783634400000,78.06,78.22,78.0,78.18,2988.747368,2026-07-10 06:00:00+08:00
1783636200000,78.18,78.28,78.08,78.11,3633.852418,2026-07-10 06:30:00+08:00
1783638000000,78.11,78.21,77.78,78.04,5376.460302,2026-07-10 07:00:00+08:00
1783639800000,78.03,78.15,77.94,78.04,3989.792956,2026-07-10 07:30:00+08:00
1783641600000,78.04,78.15,77.81,77.99,6360.078714,2026-07-10 08:00:00+08:00
1783643400000,77.99,78.12,77.8,78.1,8878.942524,2026-07-10 08:30:00+08:00
1783645200000,78.11,78.65,77.94,78.48,11948.720177,2026-07-10 09:00:00+08:00
1783647000000,78.48,79.45,78.31,79.06,36228.802764,2026-07-10 09:30:00+08:00
1783648800000,79.08,79.15,78.83,78.9,14405.281893,2026-07-10 10:00:00+08:00
1783650600000,78.88,79.15,78.84,79.04,7100.801421,2026-07-10 10:30:00+08:00
1783652400000,79.04,79.05,78.69,78.85,17760.812184,2026-07-10 11:00:00+08:00
1783654200000,78.83,79.14,78.75,79.04,6174.239074,2026-07-10 11:30:00+08:00
1783656000000,79.07,79.1,78.88,78.88,6168.137074,2026-07-10 12:00:00+08:00
1783657800000,78.88,79.09,78.84,78.98,5850.88456,2026-07-10 12:30:00+08:00
1783659600000,78.98,79.09,78.88,79.09,11281.61963,2026-07-10 13:00:00+08:00
1783661400000,79.09,79.35,79.03,79.19,9863.147543,2026-07-10 13:30:00+08:00
1783663200000,79.19,79.24,78.88,78.95,6914.370252,2026-07-10 14:00:00+08:00
1783665000000,78.95,79.03,78.88,78.91,4673.998041,2026-07-10 14:30:00+08:00
1783666800000,78.92,79.08,78.84,79.0,4200.728523,2026-07-10 15:00:00+08:00
1783668600000,79.0,79.0,78.74,78.87,9706.479498,2026-07-10 15:30:00+08:00
1783670400000,78.87,79.39,78.8,79.35,16576.027106,2026-07-10 16:00:00+08:00
1783672200000,79.35,79.42,79.2,79.21,11785.336673,2026-07-10 16:30:00+08:00
1783674000000,79.2,79.23,78.95,79.21,7110.259698,2026-07-10 17:00:00+08:00
1783675800000,79.21,79.37,79.16,79.23,7866.974256,2026-07-10 17:30:00+08:00
1783677600000,79.23,79.67,79.14,79.62,15665.358979,2026-07-10 18:00:00+08:00
1783679400000,79.63,79.63,79.39,79.4,10394.788351,2026-07-10 18:30:00+08:00
1783681200000,79.4,79.52,79.32,79.38,11425.297694,2026-07-10 19:00:00+08:00
1783683000000,79.37,79.46,79.19,79.38,6426.99174,2026-07-10 19:30:00+08:00
1783684800000,79.38,79.55,79.19,79.36,12729.079873,2026-07-10 20:00:00+08:00
1783686600000,79.35,79.35,78.91,78.92,14029.565785,2026-07-10 20:30:00+08:00
1783688400000,78.93,79.01,78.83,78.89,7197.025275,2026-07-10 21:00:00+08:00
1783690200000,78.89,79.36,78.76,78.98,26133.354978,2026-07-10 21:30:00+08:00
1783692000000,78.97,78.98,77.57,77.74,122443.601973,2026-07-10 22:00:00+08:00
1783693800000,77.74,78.28,77.08,77.91,111733.352333,2026-07-10 22:30:00+08:00
1783695600000,77.9,78.35,77.78,78.31,24374.752595,2026-07-10 23:00:00+08:00
1783697400000,78.32,78.36,77.98,78.12,7006.990775,2026-07-10 23:30:00+08:00
1783699200000,78.14,78.25,77.9,77.94,9400.06525,2026-07-11 00:00:00+08:00
1783701000000,77.94,78.2,77.65,78.14,7955.093301,2026-07-11 00:30:00+08:00
1783702800000,78.14,78.18,77.69,77.83,9481.686599,2026-07-11 01:00:00+08:00
1783704600000,77.82,77.82,77.58,77.59,6521.130393,2026-07-11 01:30:00+08:00
1783706400000,77.58,77.89,77.58,77.69,9398.410113,2026-07-11 02:00:00+08:00
1783708200000,77.68,77.74,77.34,77.53,7855.143302,2026-07-11 02:30:00+08:00
1783710000000,77.52,77.84,77.46,77.81,4078.737943,2026-07-11 03:00:00+08:00
1783711800000,77.8,78.05,77.78,77.89,10272.345892,2026-07-11 03:30:00+08:00
1783713600000,77.89,77.99,77.72,77.8,6627.385276,2026-07-11 04:00:00+08:00
1783715400000,77.8,77.96,77.74,77.75,2693.108747,2026-07-11 04:30:00+08:00
1783717200000,77.75,78.01,77.73,77.96,3154.765677,2026-07-11 05:00:00+08:00
1783719000000,77.96,78.1,77.92,77.99,4902.605449,2026-07-11 05:30:00+08:00
1783720800000,77.99,78.28,77.94,78.06,7129.123732,2026-07-11 06:00:00+08:00
1783722600000,78.06,78.24,78.02,78.16,4433.691473,2026-07-11 06:30:00+08:00
1783724400000,78.17,78.18,77.94,78.1,3886.663205,2026-07-11 07:00:00+08:00
1783726200000,78.1,78.15,78.02,78.13,2790.085205,2026-07-11 07:30:00+08:00
1783728000000,78.13,78.13,77.83,77.96,5126.065932,2026-07-11 08:00:00+08:00
1783729800000,77.96,77.98,77.79,77.84,3291.927843,2026-07-11 08:30:00+08:00
1783731600000,77.84,78.06,77.74,78.01,5892.531906,2026-07-11 09:00:00+08:00
1783733400000,78.0,78.07,77.48,77.53,11100.626578,2026-07-11 09:30:00+08:00
1783735200000,77.54,77.7,77.5,77.66,3817.700719,2026-07-11 10:00:00+08:00
1783737000000,77.65,77.82,77.63,77.79,3414.722261,2026-07-11 10:30:00+08:00
1783738800000,77.79,77.82,77.61,77.71,3747.205323,2026-07-11 11:00:00+08:00
1783740600000,77.71,77.88,77.67,77.79,7029.497982,2026-07-11 11:30:00+08:00
1783742400000,77.79,77.84,77.64,77.69,4409.925478,2026-07-11 12:00:00+08:00
1783744200000,77.69,77.86,77.67,77.73,2858.956151,2026-07-11 12:30:00+08:00
1783746000000,77.74,77.88,77.6,77.85,2923.026333,2026-07-11 13:00:00+08:00
1783747800000,77.85,77.97,77.81,77.9,2778.486582,2026-07-11 13:30:00+08:00
1783749600000,77.9,78.03,77.78,77.97,6481.812712,2026-07-11 14:00:00+08:00
1783751400000,77.96,78.11,77.96,78.05,3445.750702,2026-07-11 14:30:00+08:00
1783753200000,78.05,78.1,77.93,78.02,3398.921283,2026-07-11 15:00:00+08:00
1783755000000,78.03,78.09,77.97,77.97,3487.476261,2026-07-11 15:30:00+08:00
1783756800000,77.98,78.08,77.94,78.02,4074.932216,2026-07-11 16:00:00+08:00
1783758600000,78.03,78.18,78.01,78.17,6325.60117,2026-07-11 16:30:00+08:00
1783760400000,78.17,78.34,78.04,78.08,6715.004919,2026-07-11 17:00:00+08:00
1783762200000,78.08,78.09,77.83,77.84,13263.920482,2026-07-11 17:30:00+08:00
1783764000000,77.83,77.94,77.66,77.94,15696.036058,2026-07-11 18:00:00+08:00
1783765800000,77.93,78.1,77.85,78.05,6740.645181,2026-07-11 18:30:00+08:00
1783767600000,78.06,78.09,77.98,78.03,2232.339884,2026-07-11 19:00:00+08:00
1783769400000,78.04,78.14,78.0,78.1,3025.278646,2026-07-11 19:30:00+08:00
1783771200000,78.11,78.22,77.99,78.08,4082.205309,2026-07-11 20:00:00+08:00
1783773000000,78.07,78.1,77.95,78.09,3190.045478,2026-07-11 20:30:00+08:00
1783774800000,78.09,78.26,78.03,78.22,3481.891969,2026-07-11 21:00:00+08:00
1783776600000,78.22,78.45,78.14,78.17,7277.36309,2026-07-11 21:30:00+08:00
1783778400000,78.18,78.5,78.16,78.38,9127.126917,2026-07-11 22:00:00+08:00
1783780200000,78.39,78.72,78.37,78.5,9859.921244,2026-07-11 22:30:00+08:00
1783782000000,78.5,78.89,78.49,78.74,16301.198924,2026-07-11 23:00:00+08:00
1783783800000,78.74,78.74,77.95,78.39,24005.739632,2026-07-11 23:30:00+08:00
1783785600000,78.39,78.4,78.05,78.17,20345.41584,2026-07-12 00:00:00+08:00
1783787400000,78.17,78.26,77.66,77.95,21594.261073,2026-07-12 00:30:00+08:00
1783789200000,77.95,78.04,77.83,78.03,6051.117481,2026-07-12 01:00:00+08:00
1783791000000,78.02,78.2,78.01,78.1,6574.375609,2026-07-12 01:30:00+08:00
1783792800000,78.09,78.32,78.01,78.2,4321.470531,2026-07-12 02:00:00+08:00
1783794600000,78.2,78.23,78.05,78.08,3912.338873,2026-07-12 02:30:00+08:00
1783796400000,78.09,78.12,77.88,77.92,4460.527824,2026-07-12 03:00:00+08:00
1783798200000,77.92,78.15,77.9,78.14,2348.521991,2026-07-12 03:30:00+08:00
1783800000000,78.14,78.23,78.11,78.23,1917.000107,2026-07-12 04:00:00+08:00
1783801800000,78.23,78.27,78.16,78.16,2470.090921,2026-07-12 04:30:00+08:00
1783803600000,78.17,78.33,78.17,78.24,6330.986215,2026-07-12 05:00:00+08:00
1783805400000,78.25,78.3,78.14,78.22,2652.157483,2026-07-12 05:30:00+08:00
1783807200000,78.23,78.27,77.75,77.94,7460.046052,2026-07-12 06:00:00+08:00
1783809000000,77.94,78.04,77.8,77.9,4331.57532,2026-07-12 06:30:00+08:00
1783810800000,77.89,77.93,76.85,77.0,35588.262024,2026-07-12 07:00:00+08:00
1783812600000,77.0,77.13,76.78,76.78,18365.608238,2026-07-12 07:30:00+08:00
1783814400000,76.78,76.88,76.35,76.35,27597.962273,2026-07-12 08:00:00+08:00
1783816200000,76.35,76.35,75.64,76.1,39344.215139,2026-07-12 08:30:00+08:00
1783818000000,76.11,76.69,76.04,76.62,25481.366278,2026-07-12 09:00:00+08:00
1783819800000,76.61,76.87,76.59,76.84,10883.989577,2026-07-12 09:30:00+08:00
1783821600000,76.83,76.89,76.63,76.86,6136.715325,2026-07-12 10:00:00+08:00
1783823400000,76.86,76.91,76.71,76.85,3998.082822,2026-07-12 10:30:00+08:00
1783825200000,76.85,77.0,76.74,76.98,10321.290733,2026-07-12 11:00:00+08:00
1783827000000,76.98,77.08,76.9,77.05,6722.987342,2026-07-12 11:30:00+08:00
1783828800000,77.06,77.08,76.83,76.87,4483.956959,2026-07-12 12:00:00+08:00
1783830600000,76.87,76.91,76.61,76.71,5145.577818,2026-07-12 12:30:00+08:00
1783832400000,76.71,76.82,76.4,76.44,9379.724026,2026-07-12 13:00:00+08:00
1783834200000,76.45,76.55,76.39,76.44,5595.384197,2026-07-12 13:30:00+08:00
1783836000000,76.43,76.43,75.86,75.93,21724.857578,2026-07-12 14:00:00+08:00
1783837800000,75.92,76.39,75.9,76.37,10996.502773,2026-07-12 14:30:00+08:00
1783839600000,76.37,76.71,76.31,76.54,8683.565386,2026-07-12 15:00:00+08:00
1783841400000,76.56,76.56,76.43,76.52,3290.539455,2026-07-12 15:30:00+08:00
1783843200000,76.51,76.83,76.47,76.63,6879.369791,2026-07-12 16:00:00+08:00
1783845000000,76.63,76.73,76.59,76.7,3274.420098,2026-07-12 16:30:00+08:00
1783846800000,76.71,76.76,76.41,76.54,6023.936774,2026-07-12 17:00:00+08:00
1783848600000,76.53,76.91,76.53,76.76,6842.644245,2026-07-12 17:30:00+08:00
1783850400000,76.76,76.86,76.66,76.78,4419.619478,2026-07-12 18:00:00+08:00
1783852200000,76.78,76.83,76.66,76.71,7516.751443,2026-07-12 18:30:00+08:00
1783854000000,76.72,76.86,76.54,76.85,4175.981186,2026-07-12 19:00:00+08:00
1783855800000,76.85,77.26,76.85,76.95,8683.381056,2026-07-12 19:30:00+08:00
1783857600000,76.94,77.14,76.79,77.12,9401.183526,2026-07-12 20:00:00+08:00
1783859400000,77.12,77.24,77.06,77.18,5992.835678,2026-07-12 20:30:00+08:00
1783861200000,77.17,77.48,77.12,77.29,13158.676703,2026-07-12 21:00:00+08:00
1783863000000,77.29,77.4,77.14,77.16,7922.078698,2026-07-12 21:30:00+08:00
1783864800000,77.16,77.17,76.98,77.03,7397.543983,2026-07-12 22:00:00+08:00
1783866600000,77.04,77.72,77.04,77.55,12756.747807,2026-07-12 22:30:00+08:00
1783868400000,77.55,77.62,77.39,77.55,9681.284814,2026-07-12 23:00:00+08:00
1783870200000,77.55,77.58,77.28,77.47,12504.456096,2026-07-12 23:30:00+08:00
1783872000000,77.48,77.67,77.41,77.56,11495.522375,2026-07-13 00:00:00+08:00
1783873800000,77.57,77.65,77.39,77.55,4964.594454,2026-07-13 00:30:00+08:00
1783875600000,77.55,77.58,77.41,77.42,2534.434606,2026-07-13 01:00:00+08:00
1783877400000,77.42,77.62,77.24,77.35,3945.58109,2026-07-13 01:30:00+08:00
1783879200000,77.36,77.48,77.23,77.37,6485.445052,2026-07-13 02:00:00+08:00
1783881000000,77.37,77.65,77.36,77.58,4341.788508,2026-07-13 02:30:00+08:00
1783882800000,77.58,77.65,77.5,77.58,3699.738168,2026-07-13 03:00:00+08:00
1783884600000,77.58,77.78,77.44,77.69,6554.125129,2026-07-13 03:30:00+08:00
1783886400000,77.69,77.73,77.48,77.53,2779.467683,2026-07-13 04:00:00+08:00
1783888200000,77.53,77.61,77.44,77.47,2774.343495,2026-07-13 04:30:00+08:00
1783890000000,77.47,77.69,77.23,77.28,8733.287796,2026-07-13 05:00:00+08:00
1783891800000,77.27,77.28,76.98,77.11,8329.98003,2026-07-13 05:30:00+08:00
1783893600000,77.1,77.1,76.48,76.71,14147.546914,2026-07-13 06:00:00+08:00
1783895400000,76.72,76.82,76.49,76.76,8860.179333,2026-07-13 06:30:00+08:00
1783897200000,76.77,76.83,76.66,76.8,4334.665325,2026-07-13 07:00:00+08:00
1783899000000,76.8,76.95,76.67,76.91,7188.597071,2026-07-13 07:30:00+08:00
1783900800000,76.91,78.22,76.83,77.72,32007.205205,2026-07-13 08:00:00+08:00
1783902600000,77.72,77.77,76.93,77.51,18104.324417,2026-07-13 08:30:00+08:00
1783904400000,77.52,77.65,76.97,77.04,11848.582182,2026-07-13 09:00:00+08:00
1783906200000,77.04,77.1,76.28,76.31,17699.227954,2026-07-13 09:30:00+08:00
1783908000000,76.32,76.63,76.13,76.59,18078.747952,2026-07-13 10:00:00+08:00
1783909800000,76.58,76.66,76.41,76.48,5095.023517,2026-07-13 10:30:00+08:00
1783911600000,76.48,76.49,75.64,76.08,32747.82333,2026-07-13 11:00:00+08:00
1783913400000,76.08,76.11,75.4,75.86,22296.884497,2026-07-13 11:30:00+08:00
1783915200000,75.87,76.14,75.72,76.11,8235.858661,2026-07-13 12:00:00+08:00
1783917000000,76.11,76.11,75.86,75.92,5471.39324,2026-07-13 12:30:00+08:00
1783918800000,75.94,76.43,75.74,76.12,11928.121779,2026-07-13 13:00:00+08:00
1783920600000,76.13,76.46,75.93,76.4,19695.133287,2026-07-13 13:30:00+08:00
1783922400000,76.41,76.59,76.28,76.5,9210.711602,2026-07-13 14:00:00+08:00
1783924200000,76.5,76.58,76.29,76.34,10088.075081,2026-07-13 14:30:00+08:00
1783926000000,76.34,76.66,76.23,76.61,10863.910469,2026-07-13 15:00:00+08:00
1783927800000,76.61,76.68,76.38,76.44,7878.310902,2026-07-13 15:30:00+08:00
1783929600000,76.44,76.55,76.38,76.47,5676.632531,2026-07-13 16:00:00+08:00
1783931400000,76.48,76.9,76.37,76.74,8719.580906,2026-07-13 16:30:00+08:00
1783933200000,76.74,76.74,76.6,76.67,4200.928186,2026-07-13 17:00:00+08:00
1783935000000,76.66,76.73,76.62,76.62,3950.45069,2026-07-13 17:30:00+08:00
1783936800000,76.63,76.63,76.21,76.33,10352.887516,2026-07-13 18:00:00+08:00
1783938600000,76.32,76.41,76.09,76.29,5536.218156,2026-07-13 18:30:00+08:00
1783940400000,76.3,76.59,76.3,76.45,5812.00147,2026-07-13 19:00:00+08:00
1783942200000,76.45,76.53,76.32,76.34,6057.59444,2026-07-13 19:30:00+08:00
1783944000000,76.35,76.41,75.96,75.98,12936.98548,2026-07-13 20:00:00+08:00
1783945800000,75.98,76.03,75.75,75.87,18707.908955,2026-07-13 20:30:00+08:00
1783947600000,75.86,75.95,75.51,75.62,15015.368779,2026-07-13 21:00:00+08:00
1783949400000,75.62,75.86,75.1,75.42,27813.20562,2026-07-13 21:30:00+08:00
1783951200000,75.41,76.16,75.34,75.85,27482.862449,2026-07-13 22:00:00+08:00
1783953000000,75.85,76.18,75.67,76.16,18426.48754,2026-07-13 22:30:00+08:00
1783954800000,76.16,76.32,75.98,76.19,9691.391301,2026-07-13 23:00:00+08:00
1783956600000,76.18,76.23,75.76,75.82,7692.592439,2026-07-13 23:30:00+08:00
1783958400000,75.84,76.03,75.45,75.5,9577.422001,2026-07-14 00:00:00+08:00
1783960200000,75.49,75.52,75.2,75.29,8716.88685,2026-07-14 00:30:00+08:00
1783962000000,75.29,75.46,75.2,75.33,5875.257721,2026-07-14 01:00:00+08:00
1783963800000,75.33,75.36,74.53,74.58,46714.007504,2026-07-14 01:30:00+08:00
1783965600000,74.59,74.97,74.56,74.92,28055.773363,2026-07-14 02:00:00+08:00
1783967400000,74.93,75.03,74.76,74.85,5733.47103,2026-07-14 02:30:00+08:00
1783969200000,74.87,74.95,74.75,74.78,8405.556088,2026-07-14 03:00:00+08:00
1783971000000,74.78,75.22,74.78,75.21,9274.359378,2026-07-14 03:30:00+08:00
1783972800000,75.2,75.35,74.8,74.97,8516.192218,2026-07-14 04:00:00+08:00
1783974600000,74.96,75.02,74.6,74.79,6500.001395,2026-07-14 04:30:00+08:00
1783976400000,74.8,74.82,74.43,74.5,7436.828033,2026-07-14 05:00:00+08:00
1783978200000,74.51,74.55,74.1,74.4,11967.330896,2026-07-14 05:30:00+08:00
1783980000000,74.42,74.73,74.39,74.65,5002.358272,2026-07-14 06:00:00+08:00
1783981800000,74.65,74.7,74.45,74.52,6216.851476,2026-07-14 06:30:00+08:00
1783983600000,74.52,74.86,74.42,74.74,6675.740652,2026-07-14 07:00:00+08:00
1783985400000,74.73,75.01,74.65,75.0,7511.923865,2026-07-14 07:30:00+08:00
1783987200000,75.01,75.23,74.78,75.16,24153.841544,2026-07-14 08:00:00+08:00
1783989000000,75.17,75.5,75.0,75.44,14549.971333,2026-07-14 08:30:00+08:00
1783990800000,75.45,75.55,75.29,75.31,6991.928738,2026-07-14 09:00:00+08:00
1783992600000,75.32,75.39,75.22,75.3,3523.132967,2026-07-14 09:30:00+08:00
1783994400000,75.3,75.32,74.88,74.93,6169.329066,2026-07-14 10:00:00+08:00
1783996200000,74.92,75.28,74.88,75.08,6720.678248,2026-07-14 10:30:00+08:00
1783998000000,75.08,75.13,74.56,74.82,11791.614057,2026-07-14 11:00:00+08:00
1783999800000,74.82,75.16,74.8,75.15,6990.424518,2026-07-14 11:30:00+08:00
1784001600000,75.15,75.34,75.04,75.17,8209.409301,2026-07-14 12:00:00+08:00
1784003400000,75.14,75.32,75.08,75.14,7880.438059,2026-07-14 12:30:00+08:00
1784005200000,75.15,75.47,75.11,75.41,13567.906187,2026-07-14 13:00:00+08:00
1784007000000,75.41,75.48,75.26,75.4,5392.316169,2026-07-14 13:30:00+08:00
1784008800000,75.41,75.42,75.2,75.21,7561.416756,2026-07-14 14:00:00+08:00
1784010600000,75.21,75.33,75.1,75.15,2632.935033,2026-07-14 14:30:00+08:00
1784012400000,75.14,75.26,75.01,75.23,2849.987895,2026-07-14 15:00:00+08:00
1784014200000,75.23,75.24,74.91,74.97,4871.06637,2026-07-14 15:30:00+08:00
1784016000000,74.98,75.37,74.85,75.32,6550.629509,2026-07-14 16:00:00+08:00
1784017800000,75.32,75.4,75.15,75.18,8285.315227,2026-07-14 16:30:00+08:00
1784019600000,75.18,75.32,75.12,75.13,10448.974711,2026-07-14 17:00:00+08:00
1784021400000,75.13,75.17,74.88,75.08,5453.028375,2026-07-14 17:30:00+08:00
1784023200000,75.08,75.29,75.06,75.1,4249.493417,2026-07-14 18:00:00+08:00
1784025000000,75.1,75.59,74.98,75.46,11977.99498,2026-07-14 18:30:00+08:00
1784026800000,75.47,75.59,75.35,75.54,10641.806483,2026-07-14 19:00:00+08:00
1784028600000,75.55,75.6,75.35,75.39,6843.91894,2026-07-14 19:30:00+08:00
1784030400000,75.41,75.64,75.17,75.42,13785.785706,2026-07-14 20:00:00+08:00
1784032200000,75.43,76.96,75.38,76.86,117498.136178,2026-07-14 20:30:00+08:00
1784034000000,76.86,77.73,76.5,77.44,67250.9559,2026-07-14 21:00:00+08:00
1784035800000,77.45,77.5,76.81,76.94,32891.411339,2026-07-14 21:30:00+08:00
1784037600000,76.95,77.1,76.69,76.88,22149.949687,2026-07-14 22:00:00+08:00
1784039400000,76.89,77.49,76.81,77.37,24943.021005,2026-07-14 22:30:00+08:00
1784041200000,77.37,77.53,77.19,77.48,17995.976499,2026-07-14 23:00:00+08:00
1784043000000,77.47,77.93,77.29,77.38,35496.291575,2026-07-14 23:30:00+08:00
1784044800000,77.38,77.6,77.11,77.52,16664.796463,2026-07-15 00:00:00+08:00
1784046600000,77.53,77.66,77.27,77.3,9658.457888,2026-07-15 00:30:00+08:00
1784048400000,77.29,77.3,76.8,77.09,19039.41454,2026-07-15 01:00:00+08:00
1784050200000,77.09,77.29,76.96,77.19,7962.380839,2026-07-15 01:30:00+08:00
1784052000000,77.19,77.34,77.0,77.06,7304.926169,2026-07-15 02:00:00+08:00
1784053800000,77.07,77.33,77.01,77.3,8672.015574,2026-07-15 02:30:00+08:00
1784055600000,77.3,77.54,77.27,77.31,4727.675805,2026-07-15 03:00:00+08:00
1784057400000,77.3,77.3,77.11,77.19,8964.091632,2026-07-15 03:30:00+08:00
1784059200000,77.19,77.22,76.95,76.97,4118.397117,2026-07-15 04:00:00+08:00
1784061000000,76.97,77.2,76.95,77.18,2396.493432,2026-07-15 04:30:00+08:00
1784062800000,77.18,77.36,77.13,77.29,8259.519914,2026-07-15 05:00:00+08:00
1784064600000,77.3,77.42,77.17,77.23,4039.318128,2026-07-15 05:30:00+08:00
1784066400000,77.22,77.66,77.13,77.58,12305.331165,2026-07-15 06:00:00+08:00
1784068200000,77.58,77.99,77.58,77.64,15098.113761,2026-07-15 06:30:00+08:00
1784070000000,77.63,77.93,77.56,77.7,8534.179566,2026-07-15 07:00:00+08:00
1784071800000,77.7,77.87,77.63,77.87,5603.136852,2026-07-15 07:30:00+08:00
1784073600000,77.88,77.92,77.61,77.62,7260.127488,2026-07-15 08:00:00+08:00
1784075400000,77.62,77.71,77.49,77.68,5633.561155,2026-07-15 08:30:00+08:00
1784077200000,77.67,77.83,77.48,77.8,9696.146822,2026-07-15 09:00:00+08:00
1784079000000,77.79,77.82,77.29,77.44,9252.520077,2026-07-15 09:30:00+08:00
1784080800000,77.45,77.59,77.16,77.16,9774.642637,2026-07-15 10:00:00+08:00
1784082600000,77.17,77.31,77.04,77.31,13856.743024,2026-07-15 10:30:00+08:00
1784084400000,77.31,77.55,77.23,77.53,5560.033969,2026-07-15 11:00:00+08:00
1784086200000,77.53,77.9,77.53,77.79,7955.603954,2026-07-15 11:30:00+08:00
1784088000000,77.8,77.88,77.62,77.63,9351.20537,2026-07-15 12:00:00+08:00
1784089800000,77.63,78.2,77.54,78.01,17115.992046,2026-07-15 12:30:00+08:00
1784091600000,78.03,78.13,77.67,77.67,14508.506209,2026-07-15 13:00:00+08:00
1784093400000,77.67,78.33,77.66,78.27,20241.315407,2026-07-15 13:30:00+08:00
1784095200000,78.28,78.48,78.13,78.31,29043.199346,2026-07-15 14:00:00+08:00
1784097000000,78.32,78.69,77.95,77.95,19846.530503,2026-07-15 14:30:00+08:00
1784098800000,77.95,78.01,77.48,77.52,15651.57667,2026-07-15 15:00:00+08:00
1784100600000,77.54,77.65,77.41,77.42,10533.702676,2026-07-15 15:30:00+08:00
1784102400000,77.42,77.54,77.24,77.41,11370.515971,2026-07-15 16:00:00+08:00
1784104200000,77.41,77.62,77.36,77.58,11742.955932,2026-07-15 16:30:00+08:00
1784106000000,77.59,77.91,77.59,77.8,11588.193461,2026-07-15 17:00:00+08:00
1784107800000,77.8,77.82,77.43,77.47,4561.675742,2026-07-15 17:30:00+08:00
1784109600000,77.48,77.71,77.33,77.33,4021.426502,2026-07-15 18:00:00+08:00
1784111400000,77.33,77.42,77.18,77.38,15422.05404,2026-07-15 18:30:00+08:00
1784113200000,77.38,77.51,77.35,77.39,7282.320865,2026-07-15 19:00:00+08:00
1784115000000,77.4,77.53,77.39,77.53,6513.035855,2026-07-15 19:30:00+08:00
1784116800000,77.53,77.55,77.27,77.45,5584.731963,2026-07-15 20:00:00+08:00
1784118600000,77.44,78.31,77.42,78.29,45135.608497,2026-07-15 20:30:00+08:00
1784120400000,78.28,79.03,78.23,78.68,54776.803334,2026-07-15 21:00:00+08:00
1784122200000,78.68,79.0,77.69,78.1,54389.428418,2026-07-15 21:30:00+08:00
1784124000000,78.11,78.37,77.78,78.12,46294.120603,2026-07-15 22:00:00+08:00
1784125800000,78.13,78.22,77.84,78.22,14791.437337,2026-07-15 22:30:00+08:00
1784127600000,78.22,78.25,77.76,78.06,14588.120844,2026-07-15 23:00:00+08:00
1784129400000,78.06,78.22,77.92,78.06,10346.307131,2026-07-15 23:30:00+08:00
1784131200000,78.08,78.11,77.38,77.72,27779.359571,2026-07-16 00:00:00+08:00
1784133000000,77.73,77.73,77.06,77.63,26786.817278,2026-07-16 00:30:00+08:00
1784134800000,77.64,77.78,77.5,77.72,9976.932613,2026-07-16 01:00:00+08:00
1784136600000,77.71,78.04,77.63,77.82,12415.811652,2026-07-16 01:30:00+08:00
1784138400000,77.81,78.09,77.76,77.98,8880.620661,2026-07-16 02:00:00+08:00
1784140200000,77.98,78.07,77.52,77.58,9264.864575,2026-07-16 02:30:00+08:00
1784142000000,77.59,77.7,77.14,77.21,9383.282475,2026-07-16 03:00:00+08:00
1784143800000,77.21,77.35,76.94,77.17,21371.873901,2026-07-16 03:30:00+08:00
1784145600000,77.18,77.47,77.11,77.42,7936.443858,2026-07-16 04:00:00+08:00
1784147400000,77.43,77.55,77.38,77.39,3080.68454,2026-07-16 04:30:00+08:00
1784149200000,77.39,77.53,77.26,77.38,4946.288237,2026-07-16 05:00:00+08:00
1784151000000,77.37,77.43,77.25,77.43,4558.477849,2026-07-16 05:30:00+08:00
1784152800000,77.43,77.67,77.3,77.67,3432.578865,2026-07-16 06:00:00+08:00
1784154600000,77.67,77.73,77.47,77.49,9427.94,2026-07-16 06:30:00+08:00
1784156400000,77.49,77.63,77.42,77.44,6492.970042,2026-07-16 07:00:00+08:00
1784158200000,77.44,77.53,77.2,77.28,14445.323404,2026-07-16 07:30:00+08:00
1784160000000,77.28,77.51,77.0,77.05,11878.189821,2026-07-16 08:00:00+08:00
1784161800000,77.05,77.11,76.69,76.94,16942.724284,2026-07-16 08:30:00+08:00
1784163600000,76.94,77.09,76.71,76.83,7505.998038,2026-07-16 09:00:00+08:00
1784165400000,76.83,77.14,76.79,77.09,9822.773783,2026-07-16 09:30:00+08:00
1784167200000,77.09,77.1,76.87,77.03,6894.987435,2026-07-16 10:00:00+08:00
1784169000000,77.04,77.15,76.94,77.13,7093.487536,2026-07-16 10:30:00+08:00
1784170800000,77.13,77.28,76.94,77.04,6066.226388,2026-07-16 11:00:00+08:00
1784172600000,77.03,77.1,76.82,76.95,5606.23194,2026-07-16 11:30:00+08:00
1784174400000,76.95,77.01,76.73,76.86,8429.445257,2026-07-16 12:00:00+08:00
1784176200000,76.87,76.96,76.6,76.81,9195.917571,2026-07-16 12:30:00+08:00
1784178000000,76.82,77.34,76.75,77.27,12682.477316,2026-07-16 13:00:00+08:00
1784179800000,77.28,77.5,77.15,77.49,16451.120127,2026-07-16 13:30:00+08:00
1784181600000,77.49,77.63,77.32,77.38,16995.788621,2026-07-16 14:00:00+08:00
1784183400000,77.38,77.42,77.12,77.35,4167.252252,2026-07-16 14:30:00+08:00
1784185200000,77.35,77.35,76.98,77.02,9668.863267,2026-07-16 15:00:00+08:00
1784187000000,77.03,77.06,76.21,76.43,29347.512726,2026-07-16 15:30:00+08:00
1784188800000,76.44,76.5,75.63,76.27,35416.314218,2026-07-16 16:00:00+08:00
1784190600000,76.28,76.45,76.03,76.15,13183.183147,2026-07-16 16:30:00+08:00
1784192400000,76.15,76.27,76.05,76.07,11705.015986,2026-07-16 17:00:00+08:00
1784194200000,76.08,76.19,76.0,76.03,9671.976532,2026-07-16 17:30:00+08:00
1784196000000,76.04,76.3,76.02,76.27,4571.89322,2026-07-16 18:00:00+08:00
1784197800000,76.28,76.35,76.14,76.21,2835.213152,2026-07-16 18:30:00+08:00
1784199600000,76.21,76.25,76.05,76.09,4322.309146,2026-07-16 19:00:00+08:00
1784201400000,76.08,76.29,76.03,76.27,9310.29927,2026-07-16 19:30:00+08:00
1784203200000,76.26,76.27,75.97,76.23,20186.587334,2026-07-16 20:00:00+08:00
1784205000000,76.24,76.29,75.7,75.92,19093.714966,2026-07-16 20:30:00+08:00
1784206800000,75.91,76.42,75.9,76.41,9374.999379,2026-07-16 21:00:00+08:00
1784208600000,76.42,76.63,76.13,76.36,21622.850069,2026-07-16 21:30:00+08:00
1784210400000,76.35,76.78,76.33,76.63,13057.147107,2026-07-16 22:00:00+08:00
1784212200000,76.63,76.74,76.18,76.49,13888.509976,2026-07-16 22:30:00+08:00
1784214000000,76.5,76.86,76.01,76.72,11695.468002,2026-07-16 23:00:00+08:00
1784215800000,76.72,76.85,76.51,76.63,16171.249522,2026-07-16 23:30:00+08:00
1784217600000,76.63,76.63,76.22,76.38,8325.227088,2026-07-17 00:00:00+08:00
1784219400000,76.39,76.53,76.1,76.28,4923.805405,2026-07-17 00:30:00+08:00
1784221200000,76.28,76.28,75.72,75.88,11763.804482,2026-07-17 01:00:00+08:00
1784223000000,75.85,76.06,75.39,75.6,12343.01025,2026-07-17 01:30:00+08:00
1784224800000,75.61,75.92,75.51,75.83,23232.581397,2026-07-17 02:00:00+08:00
1784226600000,75.81,75.81,75.42,75.73,6552.858187,2026-07-17 02:30:00+08:00
1784228400000,75.73,75.84,75.62,75.8,3135.970386,2026-07-17 03:00:00+08:00
1784230200000,75.79,75.94,75.72,75.81,5593.084416,2026-07-17 03:30:00+08:00
1784232000000,75.8,75.89,75.71,75.83,2347.338432,2026-07-17 04:00:00+08:00
1784233800000,75.83,75.9,75.74,75.8,3036.497719,2026-07-17 04:30:00+08:00
1784235600000,75.8,76.02,75.77,75.9,6323.111683,2026-07-17 05:00:00+08:00
1784237400000,75.89,76.08,75.86,75.95,2541.233717,2026-07-17 05:30:00+08:00
1784239200000,75.95,76.04,75.58,75.6,5974.985873,2026-07-17 06:00:00+08:00
1784241000000,75.61,75.79,75.22,75.34,16491.445863,2026-07-17 06:30:00+08:00
1784242800000,75.33,75.42,75.02,75.15,10824.510518,2026-07-17 07:00:00+08:00
1784244600000,75.15,75.39,75.1,75.32,8540.703886,2026-07-17 07:30:00+08:00
1784246400000,75.33,75.43,75.21,75.32,7143.03239,2026-07-17 08:00:00+08:00
1784248200000,75.33,75.56,74.92,75.56,12881.585293,2026-07-17 08:30:00+08:00
1784250000000,75.56,75.75,75.45,75.69,7926.71762,2026-07-17 09:00:00+08:00
1784251800000,75.69,75.69,74.99,75.11,8976.549027,2026-07-17 09:30:00+08:00
1784253600000,75.11,75.27,74.93,75.12,12485.693858,2026-07-17 10:00:00+08:00
1784255400000,75.1,75.15,74.74,75.0,10051.295452,2026-07-17 10:30:00+08:00
1784257200000,75.01,75.46,75.0,75.38,6401.461476,2026-07-17 11:00:00+08:00
1784259000000,75.39,75.43,75.18,75.22,3978.41465,2026-07-17 11:30:00+08:00
1784260800000,75.23,75.23,74.75,74.93,18165.918372,2026-07-17 12:00:00+08:00
1784262600000,74.93,75.34,74.89,75.25,4905.969649,2026-07-17 12:30:00+08:00
1784264400000,75.24,75.24,74.84,74.84,4258.371283,2026-07-17 13:00:00+08:00
1784266200000,74.84,74.92,74.29,74.41,25572.508016,2026-07-17 13:30:00+08:00
1784268000000,74.41,74.76,74.31,74.73,20229.051637,2026-07-17 14:00:00+08:00
1784269800000,74.72,74.75,74.5,74.6,7044.642763,2026-07-17 14:30:00+08:00
1784271600000,74.6,74.63,74.41,74.58,3531.522321,2026-07-17 15:00:00+08:00
1784273400000,74.58,74.77,74.47,74.62,5935.501475,2026-07-17 15:30:00+08:00
1784275200000,74.63,74.69,74.36,74.52,9100.283143,2026-07-17 16:00:00+08:00
1784277000000,74.51,74.63,74.2,74.53,7625.277559,2026-07-17 16:30:00+08:00
1784278800000,74.53,74.71,74.48,74.69,6706.21608,2026-07-17 17:00:00+08:00
1784280600000,74.69,74.81,74.63,74.66,4957.418458,2026-07-17 17:30:00+08:00
1784282400000,74.66,74.84,74.63,74.77,7579.163464,2026-07-17 18:00:00+08:00
1784284200000,74.75,74.89,74.73,74.81,4934.902567,2026-07-17 18:30:00+08:00
1784286000000,74.81,74.85,74.65,74.81,2353.949494,2026-07-17 19:00:00+08:00
1784287800000,74.82,75.02,74.75,74.87,4637.548434,2026-07-17 19:30:00+08:00
1784289600000,74.87,74.88,74.63,74.67,3731.987521,2026-07-17 20:00:00+08:00
1784291400000,74.67,74.67,74.38,74.4,6354.707163,2026-07-17 20:30:00+08:00
1784293200000,74.39,74.4,73.57,73.85,35498.003711,2026-07-17 21:00:00+08:00
1784295000000,73.85,74.33,73.37,74.33,34866.14052,2026-07-17 21:30:00+08:00
1784296800000,74.33,74.82,74.3,74.47,14005.219605,2026-07-17 22:00:00+08:00
1784298600000,74.47,74.58,74.1,74.33,19449.970094,2026-07-17 22:30:00+08:00
1784300400000,74.3,74.32,73.81,74.26,11059.154596,2026-07-17 23:00:00+08:00
1784302200000,74.27,74.78,74.11,74.78,17091.794672,2026-07-17 23:30:00+08:00
1784304000000,74.78,74.95,74.6,74.83,14183.551341,2026-07-18 00:00:00+08:00
1784305800000,74.82,75.11,74.77,74.94,13972.836144,2026-07-18 00:30:00+08:00
1784307600000,74.94,75.6,74.94,75.28,23618.777958,2026-07-18 01:00:00+08:00
1784309400000,75.27,75.35,75.17,75.24,4259.442585,2026-07-18 01:30:00+08:00
1784311200000,75.24,75.3,75.01,75.11,3019.806877,2026-07-18 02:00:00+08:00
1784313000000,75.11,75.4,74.98,75.33,6931.000887,2026-07-18 02:30:00+08:00
1784314800000,75.32,75.37,74.82,75.05,8787.075581,2026-07-18 03:00:00+08:00
1784316600000,75.06,75.25,75.01,75.18,7121.702663,2026-07-18 03:30:00+08:00
1784318400000,75.2,75.2,74.93,75.06,8481.755291,2026-07-18 04:00:00+08:00
1784320200000,75.04,75.16,74.88,75.09,2726.531907,2026-07-18 04:30:00+08:00
1784322000000,75.1,75.23,75.09,75.14,4183.120244,2026-07-18 05:00:00+08:00
1784323800000,75.13,75.14,74.96,75.03,3568.077285,2026-07-18 05:30:00+08:00
1784325600000,75.02,75.13,74.84,74.9,5416.712697,2026-07-18 06:00:00+08:00
1784327400000,74.9,75.03,74.88,75.03,1366.01837,2026-07-18 06:30:00+08:00
1784329200000,75.03,75.05,74.86,75.05,1464.849591,2026-07-18 07:00:00+08:00
1784331000000,75.05,75.13,75.0,75.03,2264.05454,2026-07-18 07:30:00+08:00
1784332800000,75.04,75.26,74.98,75.21,2297.50274,2026-07-18 08:00:00+08:00
1784334600000,75.2,75.2,75.07,75.1,2330.023585,2026-07-18 08:30:00+08:00
1784336400000,75.1,75.22,75.05,75.19,3058.878107,2026-07-18 09:00:00+08:00
1784338200000,75.2,75.25,75.09,75.22,2520.050029,2026-07-18 09:30:00+08:00
1784340000000,75.23,75.36,75.15,75.33,3492.716017,2026-07-18 10:00:00+08:00
1784341800000,75.33,75.45,75.21,75.21,3852.413888,2026-07-18 10:30:00+08:00
1784343600000,75.22,75.31,75.16,75.16,3182.000206,2026-07-18 11:00:00+08:00
1784345400000,75.17,75.38,75.15,75.38,2829.717502,2026-07-18 11:30:00+08:00
1784347200000,75.38,75.39,75.16,75.23,2146.058335,2026-07-18 12:00:00+08:00
1784349000000,75.22,75.24,75.06,75.1,2434.542659,2026-07-18 12:30:00+08:00
1784350800000,75.1,75.11,74.96,75.02,2753.661235,2026-07-18 13:00:00+08:00
1784352600000,75.03,75.07,74.88,74.93,5229.825067,2026-07-18 13:30:00+08:00
1784354400000,74.94,75.1,74.92,75.05,2017.821318,2026-07-18 14:00:00+08:00
1784356200000,75.05,75.08,74.96,74.98,1554.275659,2026-07-18 14:30:00+08:00
1784358000000,74.98,75.05,74.9,74.96,4033.305066,2026-07-18 15:00:00+08:00
1784359800000,74.95,75.05,74.9,74.97,1493.237321,2026-07-18 15:30:00+08:00
1784361600000,74.97,75.0,74.8,75.0,3834.525311,2026-07-18 16:00:00+08:00
1784363400000,75.0,75.04,74.91,74.97,2328.110478,2026-07-18 16:30:00+08:00
1784365200000,74.98,75.01,74.67,74.7,4508.803639,2026-07-18 17:00:00+08:00
1784367000000,74.69,74.85,74.66,74.85,2730.594569,2026-07-18 17:30:00+08:00
1784368800000,74.85,74.92,74.8,74.91,2912.891427,2026-07-18 18:00:00+08:00
1784370600000,74.91,74.95,74.83,74.9,1653.514938,2026-07-18 18:30:00+08:00
1784372400000,74.9,75.02,74.89,75.01,1077.92304,2026-07-18 19:00:00+08:00
1784374200000,75.01,75.02,74.9,74.95,2241.289897,2026-07-18 19:30:00+08:00
1784376000000,74.96,75.19,74.73,74.74,7095.28945,2026-07-18 20:00:00+08:00
1784377800000,74.74,75.09,74.69,75.0,7110.466615,2026-07-18 20:30:00+08:00
1784379600000,74.99,74.99,74.51,74.7,6715.919903,2026-07-18 21:00:00+08:00
1784381400000,74.7,74.76,74.66,74.74,2065.447552,2026-07-18 21:30:00+08:00
1784383200000,74.75,74.92,74.65,74.92,3016.067214,2026-07-18 22:00:00+08:00
1784385000000,74.91,75.01,74.81,74.99,4071.657506,2026-07-18 22:30:00+08:00
1784386800000,74.99,75.01,74.86,74.87,2963.876726,2026-07-18 23:00:00+08:00
1784388600000,74.87,75.04,74.81,74.95,2916.493732,2026-07-18 23:30:00+08:00
1784390400000,74.96,75.09,74.84,75.01,1895.311026,2026-07-19 00:00:00+08:00
1784392200000,75.01,75.29,75.01,75.16,6231.337573,2026-07-19 00:30:00+08:00
1784394000000,75.17,75.36,75.06,75.12,3818.050863,2026-07-19 01:00:00+08:00
1784395800000,75.12,75.39,75.12,75.36,6688.960837,2026-07-19 01:30:00+08:00
1784397600000,75.35,75.64,75.28,75.44,14466.285836,2026-07-19 02:00:00+08:00
1784399400000,75.47,75.47,75.2,75.29,2729.542645,2026-07-19 02:30:00+08:00
1784401200000,75.29,75.45,75.23,75.28,3453.869733,2026-07-19 03:00:00+08:00
1784403000000,75.28,75.45,75.25,75.45,1373.963019,2026-07-19 03:30:00+08:00
1784404800000,75.45,75.59,75.38,75.43,2787.291165,2026-07-19 04:00:00+08:00
1784406600000,75.43,75.48,75.33,75.46,1677.148211,2026-07-19 04:30:00+08:00
1784408400000,75.47,75.63,75.44,75.51,3719.501775,2026-07-19 05:00:00+08:00
1784410200000,75.51,75.52,75.35,75.48,3494.236672,2026-07-19 05:30:00+08:00
1784412000000,75.48,75.63,75.44,75.47,4459.19951,2026-07-19 06:00:00+08:00
1784413800000,75.45,75.59,75.38,75.58,2850.510898,2026-07-19 06:30:00+08:00
1784415600000,75.57,75.58,75.4,75.56,3531.067442,2026-07-19 07:00:00+08:00
1784417400000,75.56,75.57,75.43,75.52,2249.975148,2026-07-19 07:30:00+08:00
1784419200000,75.52,75.59,75.45,75.48,2842.063725,2026-07-19 08:00:00+08:00
1784421000000,75.5,75.68,75.48,75.63,4276.667909,2026-07-19 08:30:00+08:00
1784422800000,75.63,75.66,75.56,75.58,3947.32211,2026-07-19 09:00:00+08:00
1784424600000,75.59,75.73,75.53,75.68,4574.295805,2026-07-19 09:30:00+08:00
1784426400000,75.69,76.26,75.68,76.05,19245.301913,2026-07-19 10:00:00+08:00
1784428200000,76.06,76.58,76.06,76.2,16411.278899,2026-07-19 10:30:00+08:00
1784430000000,76.2,76.43,75.8,75.88,7428.460215,2026-07-19 11:00:00+08:00
1784431800000,75.88,75.97,75.86,75.95,5104.158769,2026-07-19 11:30:00+08:00
1784433600000,75.96,75.96,75.73,75.91,4701.853156,2026-07-19 12:00:00+08:00
1784435400000,75.91,76.08,75.87,75.99,5021.912145,2026-07-19 12:30:00+08:00
1784437200000,76.0,76.1,75.97,76.0,2519.921144,2026-07-19 13:00:00+08:00
1784439000000,76.0,76.06,75.88,75.98,1135.614361,2026-07-19 13:30:00+08:00
1784440800000,75.98,76.1,75.94,76.02,2137.639185,2026-07-19 14:00:00+08:00
1784442600000,76.01,76.15,75.98,76.11,4559.920236,2026-07-19 14:30:00+08:00
1784444400000,76.11,76.23,76.0,76.17,2883.256149,2026-07-19 15:00:00+08:00
1784446200000,76.19,76.33,76.08,76.15,5255.961298,2026-07-19 15:30:00+08:00
1784448000000,76.15,76.3,76.08,76.2,2969.282815,2026-07-19 16:00:00+08:00
1784449800000,76.2,76.37,76.14,76.27,7173.949867,2026-07-19 16:30:00+08:00
1784451600000,76.29,76.3,75.92,76.03,4388.799886,2026-07-19 17:00:00+08:00
1784453400000,76.04,76.11,75.93,76.0,3047.495591,2026-07-19 17:30:00+08:00
1784455200000,75.99,76.09,75.9,76.08,2272.019947,2026-07-19 18:00:00+08:00
1784457000000,76.08,76.53,76.04,76.26,8600.441378,2026-07-19 18:30:00+08:00
1784458800000,76.26,76.41,76.16,76.28,4757.206477,2026-07-19 19:00:00+08:00
1784460600000,76.28,76.3,76.05,76.07,2198.246043,2026-07-19 19:30:00+08:00
1784462400000,76.06,76.21,75.76,76.0,21905.376553,2026-07-19 20:00:00+08:00
1784464200000,75.99,76.18,75.93,76.04,3832.130471,2026-07-19 20:30:00+08:00
1784466000000,76.04,76.05,75.89,76.03,5380.646222,2026-07-19 21:00:00+08:00
1784467800000,76.03,76.15,75.99,76.12,4886.760873,2026-07-19 21:30:00+08:00
1784469600000,76.12,76.3,76.06,76.26,7219.425601,2026-07-19 22:00:00+08:00
1784471400000,76.26,76.69,76.25,76.41,23176.073941,2026-07-19 22:30:00+08:00
1784473200000,76.42,76.48,76.11,76.11,6802.886767,2026-07-19 23:00:00+08:00
1784475000000,76.11,76.3,76.07,76.22,5180.846615,2026-07-19 23:30:00+08:00
1784476800000,76.22,76.3,76.02,76.1,5137.376221,2026-07-20 00:00:00+08:00
1784478600000,76.09,76.09,75.86,75.91,6264.279755,2026-07-20 00:30:00+08:00
1784480400000,75.91,76.23,75.57,76.11,16463.988243,2026-07-20 01:00:00+08:00
1784482200000,76.1,76.22,75.96,75.97,3757.941413,2026-07-20 01:30:00+08:00
1784484000000,75.96,75.98,75.35,75.57,14599.188908,2026-07-20 02:00:00+08:00
1784485800000,75.57,75.76,75.5,75.75,6066.418056,2026-07-20 02:30:00+08:00
1784487600000,75.76,75.86,75.63,75.84,2686.70759,2026-07-20 03:00:00+08:00
1784489400000,75.83,75.89,75.73,75.88,3162.933107,2026-07-20 03:30:00+08:00
1784491200000,75.89,76.02,75.87,75.97,2885.258999,2026-07-20 04:00:00+08:00
1784493000000,75.97,76.14,75.94,76.14,3260.309406,2026-07-20 04:30:00+08:00
1784494800000,76.15,76.24,75.97,76.04,3218.063469,2026-07-20 05:00:00+08:00
1784496600000,76.05,76.05,75.7,75.79,7889.375054,2026-07-20 05:30:00+08:00
1784498400000,75.78,76.42,75.63,76.15,11708.254745,2026-07-20 06:00:00+08:00
1784500200000,76.14,76.27,76.04,76.1,4122.291279,2026-07-20 06:30:00+08:00
1784502000000,76.11,76.35,75.89,76.27,4401.449368,2026-07-20 07:00:00+08:00
1784503800000,76.28,76.57,76.26,76.38,9393.323353,2026-07-20 07:30:00+08:00
1784505600000,76.38,77.13,76.14,76.73,40812.811546,2026-07-20 08:00:00+08:00
1784507400000,76.74,77.06,76.32,76.57,27738.102011,2026-07-20 08:30:00+08:00
1784509200000,76.57,77.42,76.57,76.93,23717.24665,2026-07-20 09:00:00+08:00
1784511000000,76.92,76.98,76.28,76.39,10732.995375,2026-07-20 09:30:00+08:00
1784512800000,76.38,76.98,76.37,76.51,8186.286204,2026-07-20 10:00:00+08:00
1784514600000,76.5,77.19,76.47,76.97,10471.568853,2026-07-20 10:30:00+08:00
1784516400000,76.97,77.09,76.55,76.59,5567.91874,2026-07-20 11:00:00+08:00
1784518200000,76.59,76.87,76.54,76.76,7426.198617,2026-07-20 11:30:00+08:00
1784520000000,76.77,76.79,76.29,76.57,8199.673366,2026-07-20 12:00:00+08:00
1784521800000,76.57,76.93,76.46,76.46,11091.115809,2026-07-20 12:30:00+08:00
1784523600000,76.48,76.49,75.78,76.08,22996.800214,2026-07-20 13:00:00+08:00
1784525400000,76.08,76.16,75.81,75.9,7595.416335,2026-07-20 13:30:00+08:00
1784527200000,75.92,76.06,75.86,76.0,18910.588795,2026-07-20 14:00:00+08:00
1784529000000,75.99,76.02,75.5,75.63,23294.234037,2026-07-20 14:30:00+08:00
1784530800000,75.64,75.97,75.53,75.97,7364.576033,2026-07-20 15:00:00+08:00
1784532600000,75.98,76.24,75.88,76.22,6232.516111,2026-07-20 15:30:00+08:00
1784534400000,76.23,76.43,76.11,76.29,21608.113985,2026-07-20 16:00:00+08:00
1784536200000,76.29,76.35,75.91,76.16,13090.404712,2026-07-20 16:30:00+08:00
1784538000000,76.16,76.58,76.07,76.58,6595.232713,2026-07-20 17:00:00+08:00
1784539800000,76.58,76.79,76.45,76.47,31664.363971,2026-07-20 17:30:00+08:00
1784541600000,76.47,76.7,76.37,76.56,4540.532334,2026-07-20 18:00:00+08:00
1784543400000,76.55,76.56,76.34,76.36,6196.508957,2026-07-20 18:30:00+08:00
1784545200000,76.36,76.62,76.32,76.41,6379.47112,2026-07-20 19:00:00+08:00
1784547000000,76.41,77.23,76.4,77.13,36186.677813,2026-07-20 19:30:00+08:00
1784548800000,77.13,77.16,76.73,76.84,29504.184867,2026-07-20 20:00:00+08:00
1784550600000,76.85,77.13,76.67,76.75,24883.121821,2026-07-20 20:30:00+08:00
1784552400000,76.75,76.83,76.59,76.77,8573.617539,2026-07-20 21:00:00+08:00
1784554200000,76.76,77.13,76.14,76.28,42302.090119,2026-07-20 21:30:00+08:00
1784556000000,76.28,76.45,75.79,76.35,25466.934913,2026-07-20 22:00:00+08:00
1784557800000,76.36,76.46,76.02,76.16,12712.314647,2026-07-20 22:30:00+08:00
1784559600000,76.16,77.13,76.11,77.02,32936.996627,2026-07-20 23:00:00+08:00
1784561400000,77.03,77.92,76.86,77.77,46057.496755,2026-07-20 23:30:00+08:00
1784563200000,77.77,77.88,77.5,77.6,19932.270309,2026-07-21 00:00:00+08:00
1784565000000,77.6,77.81,77.45,77.68,19665.142677,2026-07-21 00:30:00+08:00
1784566800000,77.67,77.74,77.55,77.59,7270.588111,2026-07-21 01:00:00+08:00
1784568600000,77.61,77.91,77.38,77.75,16826.914893,2026-07-21 01:30:00+08:00
1784570400000,77.76,78.38,77.76,78.07,37170.902075,2026-07-21 02:00:00+08:00
1784572200000,78.05,78.05,77.6,77.66,17446.205945,2026-07-21 02:30:00+08:00
1784574000000,77.67,77.73,77.31,77.55,16040.100713,2026-07-21 03:00:00+08:00
1784575800000,77.55,77.69,77.37,77.64,12593.57067,2026-07-21 03:30:00+08:00
1784577600000,77.65,77.87,77.54,77.84,4706.539989,2026-07-21 04:00:00+08:00
1784579400000,77.84,78.06,77.81,77.89,8520.260395,2026-07-21 04:30:00+08:00
1784581200000,77.89,78.04,77.85,77.96,4125.387939,2026-07-21 05:00:00+08:00
1784583000000,77.96,78.03,77.74,77.76,7665.359739,2026-07-21 05:30:00+08:00
1784584800000,77.76,77.84,77.61,77.68,6239.020086,2026-07-21 06:00:00+08:00
1784586600000,77.67,77.72,77.44,77.46,4677.613825,2026-07-21 06:30:00+08:00
1784588400000,77.46,77.76,77.44,77.74,4153.369551,2026-07-21 07:00:00+08:00
1784590200000,77.73,77.89,77.66,77.85,2625.667547,2026-07-21 07:30:00+08:00
1784592000000,77.85,78.07,77.76,77.97,6504.820149,2026-07-21 08:00:00+08:00
1784593800000,77.97,78.28,77.97,78.13,7118.041266,2026-07-21 08:30:00+08:00
1784595600000,78.12,78.23,77.94,77.97,6373.190938,2026-07-21 09:00:00+08:00
1784597400000,77.98,78.1,77.81,77.85,8226.158819,2026-07-21 09:30:00+08:00
1784599200000,77.86,78.04,77.66,77.77,4421.800992,2026-07-21 10:00:00+08:00
1784601000000,77.76,78.25,77.75,78.03,11996.997305,2026-07-21 10:30:00+08:00
1784602800000,78.03,78.56,78.01,78.3,15626.785128,2026-07-21 11:00:00+08:00
1784604600000,78.29,78.37,78.15,78.2,3987.876796,2026-07-21 11:30:00+08:00
1784606400000,78.2,78.43,78.0,78.03,23610.214065,2026-07-21 12:00:00+08:00
1784608200000,78.04,78.25,78.02,78.14,8942.103669,2026-07-21 12:30:00+08:00
1784610000000,78.13,78.4,78.12,78.38,9373.07902,2026-07-21 13:00:00+08:00
1784611800000,78.39,78.68,78.34,78.46,13517.200542,2026-07-21 13:30:00+08:00
1784613600000,78.45,78.62,78.31,78.46,7283.471179,2026-07-21 14:00:00+08:00
1784615400000,78.45,78.88,78.42,78.67,24988.760674,2026-07-21 14:30:00+08:00
1784617200000,78.66,78.76,78.48,78.58,11980.211924,2026-07-21 15:00:00+08:00
1784619000000,78.58,78.68,78.5,78.58,12427.696721,2026-07-21 15:30:00+08:00
1784620800000,78.57,78.76,78.39,78.41,21673.788875,2026-07-21 16:00:00+08:00
1784622600000,78.42,78.51,78.35,78.37,11170.413598,2026-07-21 16:30:00+08:00
1784624400000,78.36,78.36,78.16,78.29,10574.966564,2026-07-21 17:00:00+08:00
1784626200000,78.29,78.51,78.27,78.43,16842.655633,2026-07-21 17:30:00+08:00
1784628000000,78.44,78.5,78.33,78.4,11298.426586,2026-07-21 18:00:00+08:00
1784629800000,78.4,78.45,78.08,78.21,11687.376498,2026-07-21 18:30:00+08:00
1784631600000,78.21,78.26,78.11,78.25,8596.074571,2026-07-21 19:00:00+08:00
1784633400000,78.25,78.45,78.25,78.37,4551.635221,2026-07-21 19:30:00+08:00
1784635200000,78.38,78.55,78.28,78.3,12564.544047,2026-07-21 20:00:00+08:00
1784637000000,78.31,78.54,78.28,78.51,13873.879135,2026-07-21 20:30:00+08:00
1784638800000,78.52,78.64,78.33,78.42,16342.27928,2026-07-21 21:00:00+08:00
1784640600000,78.42,78.64,78.22,78.58,15659.135105,2026-07-21 21:30:00+08:00
1784642400000,78.59,78.64,78.02,78.13,27927.074565,2026-07-21 22:00:00+08:00
1784644200000,78.14,78.29,77.92,78.01,18791.91382,2026-07-21 22:30:00+08:00
1784646000000,78.02,78.12,77.81,77.96,16037.993053,2026-07-21 23:00:00+08:00
1784647800000,77.96,78.17,77.86,78.14,11083.783948,2026-07-21 23:30:00+08:00
1784649600000,78.15,78.26,77.99,78.01,4711.289158,2026-07-22 00:00:00+08:00
1784651400000,78.0,78.24,77.97,78.21,7954.432751,2026-07-22 00:30:00+08:00
1784653200000,78.21,78.25,77.85,77.89,5879.872002,2026-07-22 01:00:00+08:00
1784655000000,77.89,77.97,77.41,77.74,18745.556612,2026-07-22 01:30:00+08:00
1784656800000,77.74,78.0,77.61,77.89,5230.677636,2026-07-22 02:00:00+08:00
1784658600000,77.9,78.03,77.73,77.87,4573.47457,2026-07-22 02:30:00+08:00
1784660400000,77.87,77.98,77.74,77.91,5856.548207,2026-07-22 03:00:00+08:00
1784662200000,77.91,78.01,77.73,77.88,12191.012894,2026-07-22 03:30:00+08:00
1784664000000,77.89,78.01,77.82,77.91,3917.763455,2026-07-22 04:00:00+08:00
1784665800000,77.9,78.12,77.87,77.91,9158.574007,2026-07-22 04:30:00+08:00
1784667600000,77.91,78.08,77.81,78.0,4519.180922,2026-07-22 05:00:00+08:00
1784669400000,78.0,78.15,77.98,78.05,8453.885949,2026-07-22 05:30:00+08:00
1784671200000,78.04,78.07,77.9,77.99,3669.646569,2026-07-22 06:00:00+08:00
1784673000000,77.99,78.07,77.85,78.0,3552.252101,2026-07-22 06:30:00+08:00
1784674800000,77.99,77.99,77.82,77.97,1604.84226,2026-07-22 07:00:00+08:00
1784676600000,77.96,78.19,77.93,78.13,4852.750057,2026-07-22 07:30:00+08:00
1784678400000,78.14,78.56,78.12,78.42,17659.641619,2026-07-22 08:00:00+08:00
1784680200000,78.42,78.59,78.34,78.45,8104.147805,2026-07-22 08:30:00+08:00
1784682000000,78.45,78.51,78.14,78.26,8976.347977,2026-07-22 09:00:00+08:00
1784683800000,78.25,78.51,78.2,78.33,5652.001947,2026-07-22 09:30:00+08:00
1784685600000,78.34,78.52,78.2,78.42,3541.761056,2026-07-22 10:00:00+08:00
1784687400000,78.41,78.41,78.07,78.12,7874.966266,2026-07-22 10:30:00+08:00
1784689200000,78.12,78.23,77.96,78.14,7328.207818,2026-07-22 11:00:00+08:00
1784691000000,78.15,78.17,77.81,77.87,5333.792962,2026-07-22 11:30:00+08:00
1784692800000,77.87,78.22,77.83,78.17,6874.989873,2026-07-22 12:00:00+08:00
1784694600000,78.17,78.23,78.05,78.08,5366.673017,2026-07-22 12:30:00+08:00
1784696400000,78.07,78.09,77.51,77.55,12959.512078,2026-07-22 13:00:00+08:00
1784698200000,77.54,77.7,77.39,77.43,13626.417453,2026-07-22 13:30:00+08:00
1784700000000,77.44,77.5,77.01,77.13,21867.243555,2026-07-22 14:00:00+08:00
1784701800000,77.13,77.31,77.0,77.3,11658.344138,2026-07-22 14:30:00+08:00
1784703600000,77.31,77.32,77.13,77.3,8856.861701,2026-07-22 15:00:00+08:00
1784705400000,77.3,77.31,77.0,77.11,10286.550746,2026-07-22 15:30:00+08:00
1784707200000,77.11,77.54,77.06,77.39,9402.660403,2026-07-22 16:00:00+08:00
1784709000000,77.39,77.47,77.31,77.45,5493.46843,2026-07-22 16:30:00+08:00
1784710800000,77.44,77.6,77.35,77.43,8987.226804,2026-07-22 17:00:00+08:00
1784712600000,77.42,77.6,77.3,77.56,5396.888257,2026-07-22 17:30:00+08:00
1784714400000,77.57,77.65,77.45,77.6,3915.327046,2026-07-22 18:00:00+08:00
1784716200000,77.62,77.74,77.54,77.68,5285.822232,2026-07-22 18:30:00+08:00
1784718000000,77.68,77.8,77.59,77.66,6312.256887,2026-07-22 19:00:00+08:00
1784719800000,77.67,77.75,77.49,77.57,5010.551246,2026-07-22 19:30:00+08:00
1784721600000,77.58,77.58,77.2,77.22,5511.825305,2026-07-22 20:00:00+08:00
1784723400000,77.21,77.33,77.03,77.24,10172.627928,2026-07-22 20:30:00+08:00
1784725200000,77.25,77.35,77.14,77.29,4359.455947,2026-07-22 21:00:00+08:00
1784727000000,77.29,77.95,77.23,77.88,22655.064246,2026-07-22 21:30:00+08:00
1784728800000,77.87,78.44,77.4,77.46,23063.593657,2026-07-22 22:00:00+08:00
1784730600000,77.47,77.92,77.41,77.88,8271.474455,2026-07-22 22:30:00+08:00
1784732400000,77.9,78.86,77.9,78.67,40063.896987,2026-07-22 23:00:00+08:00
1784734200000,78.68,78.76,78.38,78.45,11059.404948,2026-07-22 23:30:00+08:00
1784736000000,78.46,78.58,78.1,78.2,10140.550318,2026-07-23 00:00:00+08:00
1784737800000,78.2,78.81,78.18,78.58,16157.302093,2026-07-23 00:30:00+08:00
1784739600000,78.58,78.65,78.14,78.27,12975.393892,2026-07-23 01:00:00+08:00
1784741400000,78.27,78.53,78.2,78.23,13479.369194,2026-07-23 01:30:00+08:00
1784743200000,78.23,78.3,77.81,77.83,8015.141711,2026-07-23 02:00:00+08:00
1784745000000,77.82,77.82,77.46,77.75,12044.692025,2026-07-23 02:30:00+08:00
1784746800000,77.76,77.81,77.32,77.65,14493.627525,2026-07-23 03:00:00+08:00
1784748600000,77.65,77.74,77.51,77.67,8860.953469,2026-07-23 03:30:00+08:00
1784750400000,77.66,77.95,77.59,77.91,12087.114971,2026-07-23 04:00:00+08:00
1784752200000,77.91,77.97,77.75,77.81,2251.678158,2026-07-23 04:30:00+08:00
1784754000000,77.81,77.88,77.7,77.7,2141.537504,2026-07-23 05:00:00+08:00
1784755800000,77.7,78.07,77.69,78.03,6519.017539,2026-07-23 05:30:00+08:00
1784757600000,78.04,78.13,77.88,78.07,6986.489106,2026-07-23 06:00:00+08:00
1784759400000,78.06,78.06,77.72,78.01,16692.157256,2026-07-23 06:30:00+08:00
1784761200000,78.02,78.03,77.51,77.74,10549.013055,2026-07-23 07:00:00+08:00
1784763000000,77.74,78.02,77.7,77.98,3239.215475,2026-07-23 07:30:00+08:00
1784764800000,77.98,78.54,77.98,78.42,26073.053736,2026-07-23 08:00:00+08:00
1784766600000,78.42,78.46,78.23,78.26,6607.846226,2026-07-23 08:30:00+08:00
1784768400000,78.26,78.4,78.04,78.08,8338.963072,2026-07-23 09:00:00+08:00
1784770200000,78.08,78.11,77.88,77.9,10961.163466,2026-07-23 09:30:00+08:00
1784772000000,77.91,77.91,77.41,77.51,15109.488021,2026-07-23 10:00:00+08:00
1784773800000,77.5,77.79,77.49,77.77,5398.558005,2026-07-23 10:30:00+08:00
1784775600000,77.77,77.79,77.48,77.59,4935.387943,2026-07-23 11:00:00+08:00
1784777400000,77.58,77.7,77.53,77.62,2594.343814,2026-07-23 11:30:00+08:00
1784779200000,77.62,77.82,77.53,77.81,4239.011254,2026-07-23 12:00:00+08:00
1784781000000,77.81,77.82,77.45,77.54,8121.55415,2026-07-23 12:30:00+08:00
1784782800000,77.55,77.66,77.42,77.66,4349.437019,2026-07-23 13:00:00+08:00
1784784600000,77.66,77.73,77.48,77.54,2595.275629,2026-07-23 13:30:00+08:00
1784786400000,77.55,77.59,77.36,77.53,7068.930876,2026-07-23 14:00:00+08:00
1784788200000,77.53,77.59,77.47,77.58,4101.447971,2026-07-23 14:30:00+08:00
1784790000000,77.58,77.58,77.05,77.18,14736.643503,2026-07-23 15:00:00+08:00
1784791800000,77.17,77.23,77.07,77.16,9238.936719,2026-07-23 15:30:00+08:00
1784793600000,77.16,77.38,77.11,77.35,6067.822065,2026-07-23 16:00:00+08:00
1784795400000,77.35,77.49,77.35,77.46,4425.259467,2026-07-23 16:30:00+08:00
1784797200000,77.46,77.64,77.41,77.58,6148.26228,2026-07-23 17:00:00+08:00
1784799000000,77.59,77.61,77.46,77.49,4178.808814,2026-07-23 17:30:00+08:00
1784800800000,77.49,77.76,77.43,77.76,5567.699147,2026-07-23 18:00:00+08:00
1784802600000,77.75,77.8,77.68,77.73,9193.329594,2026-07-23 18:30:00+08:00
1784804400000,77.74,77.87,77.7,77.72,5453.121128,2026-07-23 19:00:00+08:00
1784806200000,77.71,77.76,77.59,77.66,10152.536879,2026-07-23 19:30:00+08:00
1784808000000,77.66,77.72,77.5,77.53,8855.371634,2026-07-23 20:00:00+08:00
1784809800000,77.52,77.53,76.48,76.92,42087.814414,2026-07-23 20:30:00+08:00
1784811600000,76.93,77.01,76.56,76.69,26432.406675,2026-07-23 21:00:00+08:00
1784813400000,76.68,77.07,76.65,76.7,25063.266013,2026-07-23 21:30:00+08:00
1784815200000,76.7,76.87,76.6,76.76,23949.651636,2026-07-23 22:00:00+08:00
1784817000000,76.74,76.86,76.33,76.43,17177.7042,2026-07-23 22:30:00+08:00
1784818800000,76.44,76.44,75.86,76.26,44735.041518,2026-07-23 23:00:00+08:00
1784820600000,76.27,76.45,76.15,76.37,9074.574354,2026-07-23 23:30:00+08:00
1784822400000,76.38,76.38,75.84,76.15,20274.928332,2026-07-24 00:00:00+08:00
1784824200000,76.15,76.16,75.97,76.01,5388.149958,2026-07-24 00:30:00+08:00
1784826000000,76.01,76.18,75.87,76.1,9172.753553,2026-07-24 01:00:00+08:00
1784827800000,76.1,76.14,75.48,75.65,18123.435332,2026-07-24 01:30:00+08:00
1784829600000,75.66,75.83,75.57,75.8,8673.251845,2026-07-24 02:00:00+08:00
1784831400000,75.82,75.85,75.62,75.81,4955.987157,2026-07-24 02:30:00+08:00
1784833200000,75.8,75.85,75.52,75.78,5058.077584,2026-07-24 03:00:00+08:00
1784835000000,75.78,75.83,75.43,75.74,10287.219316,2026-07-24 03:30:00+08:00
1784836800000,75.74,76.18,75.71,76.14,6732.628117,2026-07-24 04:00:00+08:00
1784838600000,76.14,76.17,76.07,76.14,2788.791589,2026-07-24 04:30:00+08:00
1784840400000,76.14,76.27,75.9,76.04,6716.842101,2026-07-24 05:00:00+08:00
1784842200000,76.04,76.11,75.97,76.04,2802.361639,2026-07-24 05:30:00+08:00
1784844000000,76.05,76.2,75.85,76.11,4994.228487,2026-07-24 06:00:00+08:00
1784845800000,76.1,76.23,76.1,76.19,2214.636723,2026-07-24 06:30:00+08:00
1784847600000,76.19,76.25,76.14,76.21,6399.150772,2026-07-24 07:00:00+08:00
1784849400000,76.2,76.21,75.88,75.89,4690.757674,2026-07-24 07:30:00+08:00
1784851200000,75.89,75.91,75.64,75.75,14858.539015,2026-07-24 08:00:00+08:00
1784853000000,75.76,75.85,75.54,75.82,7835.170246,2026-07-24 08:30:00+08:00
1784854800000,75.83,76.12,75.78,75.93,8215.466944,2026-07-24 09:00:00+08:00
1784856600000,75.92,76.02,75.67,75.7,8095.31162,2026-07-24 09:30:00+08:00
1784858400000,75.7,75.92,75.69,75.79,4489.304458,2026-07-24 10:00:00+08:00
1784860200000,75.78,75.78,75.29,75.53,10602.150712,2026-07-24 10:30:00+08:00
1784862000000,75.54,75.96,75.46,75.88,9657.883879,2026-07-24 11:00:00+08:00
1784863800000,75.89,75.93,75.75,75.84,6003.817523,2026-07-24 11:30:00+08:00
1784865600000,75.84,75.87,75.64,75.8,5285.423443,2026-07-24 12:00:00+08:00
1784867400000,75.79,75.83,75.62,75.66,2319.275486,2026-07-24 12:30:00+08:00
1784869200000,75.68,75.91,75.58,75.85,9676.075063,2026-07-24 13:00:00+08:00
1784871000000,75.85,75.87,75.7,75.79,2985.6148,2026-07-24 13:30:00+08:00
1784872800000,75.8,76.02,75.73,75.87,6728.112376,2026-07-24 14:00:00+08:00
1784874600000,75.86,75.96,75.79,75.85,3127.415645,2026-07-24 14:30:00+08:00
1784876400000,75.85,76.44,75.85,76.15,28694.861191,2026-07-24 15:00:00+08:00
1784878200000,76.15,76.23,75.79,76.06,12181.495336,2026-07-24 15:30:00+08:00
1784880000000,76.07,76.08,75.72,75.82,15369.743873,2026-07-24 16:00:00+08:00
1784881800000,75.83,75.93,75.76,75.78,5576.684823,2026-07-24 16:30:00+08:00
1784883600000,75.77,75.84,75.37,75.55,13165.521775,2026-07-24 17:00:00+08:00
1784885400000,75.55,75.68,75.43,75.63,8433.612626,2026-07-24 17:30:00+08:00
1784887200000,75.63,75.66,75.41,75.55,4283.834955,2026-07-24 18:00:00+08:00
1784889000000,75.54,75.62,75.38,75.49,2731.384267,2026-07-24 18:30:00+08:00
1784890800000,75.49,75.52,75.23,75.31,6066.700756,2026-07-24 19:00:00+08:00
1784892600000,75.33,75.34,74.99,75.2,20984.890421,2026-07-24 19:30:00+08:00
1784894400000,75.19,75.3,75.09,75.17,7249.408841,2026-07-24 20:00:00+08:00
1784896200000,75.18,75.26,74.81,74.87,7548.972325,2026-07-24 20:30:00+08:00
1784898000000,74.86,74.93,74.25,74.55,32874.376998,2026-07-24 21:00:00+08:00
1784899800000,74.54,74.59,73.97,74.22,37827.044483,2026-07-24 21:30:00+08:00
1784901600000,74.22,74.27,73.64,73.97,37155.557415,2026-07-24 22:00:00+08:00
1784903400000,73.95,74.06,73.61,74.04,16158.179348,2026-07-24 22:30:00+08:00
1784905200000,74.03,74.2,73.7,74.16,19180.281834,2026-07-24 23:00:00+08:00
1784907000000,74.16,74.3,73.99,74.04,16983.744073,2026-07-24 23:30:00+08:00
1784908800000,74.05,74.22,73.97,74.04,8988.131264,2026-07-25 00:00:00+08:00
1784910600000,74.03,74.04,73.72,73.91,10779.339107,2026-07-25 00:30:00+08:00
1784912400000,73.91,74.15,73.86,74.12,8604.294589,2026-07-25 01:00:00+08:00
1784914200000,74.12,74.15,73.95,74.05,4070.313289,2026-07-25 01:30:00+08:00
1784916000000,74.05,74.08,73.96,74.0,3994.232996,2026-07-25 02:00:00+08:00
1784917800000,74.0,74.06,73.9,73.98,7331.404535,2026-07-25 02:30:00+08:00
1784919600000,73.98,74.0,73.79,73.97,5232.479599,2026-07-25 03:00:00+08:00
1784921400000,73.97,74.04,73.9,73.96,10685.145867,2026-07-25 03:30:00+08:00
1784923200000,73.96,74.03,73.87,73.91,3286.279386,2026-07-25 04:00:00+08:00
1784925000000,73.91,73.91,73.72,73.79,4637.76275,2026-07-25 04:30:00+08:00
1784926800000,73.79,73.84,73.45,73.7,20451.448569,2026-07-25 05:00:00+08:00
1784928600000,73.71,73.82,73.62,73.65,7461.900923,2026-07-25 05:30:00+08:00
1784930400000,73.65,73.87,73.63,73.87,3134.35567,2026-07-25 06:00:00+08:00
1784932200000,73.87,73.98,73.87,73.94,4510.830142,2026-07-25 06:30:00+08:00
1784934000000,73.93,74.03,73.85,73.91,3770.134303,2026-07-25 07:00:00+08:00
1784935800000,73.92,73.98,73.86,73.96,4204.195599,2026-07-25 07:30:00+08:00
1784937600000,73.97,74.07,73.94,74.06,5284.196023,2026-07-25 08:00:00+08:00
1784939400000,74.06,74.15,73.97,74.13,9489.542754,2026-07-25 08:30:00+08:00
1784941200000,74.13,74.24,74.01,74.04,4700.056218,2026-07-25 09:00:00+08:00
1784943000000,74.04,74.25,74.02,74.14,5425.2264,2026-07-25 09:30:00+08:00
1784944800000,74.14,74.21,74.06,74.17,1948.975624,2026-07-25 10:00:00+08:00
1784946600000,74.17,74.22,74.06,74.1,2919.396391,2026-07-25 10:30:00+08:00
1784948400000,74.11,74.33,74.04,74.23,4946.047799,2026-07-25 11:00:00+08:00
1784950200000,74.23,74.25,74.1,74.14,7030.766299,2026-07-25 11:30:00+08:00
1784952000000,74.14,74.37,74.13,74.29,6667.714241,2026-07-25 12:00:00+08:00
1784953800000,74.3,74.34,74.24,74.31,6656.292129,2026-07-25 12:30:00+08:00
1784955600000,74.32,74.36,74.18,74.21,4335.580142,2026-07-25 13:00:00+08:00
1784957400000,74.21,74.22,73.91,73.98,6347.258931,2026-07-25 13:30:00+08:00
1784959200000,73.98,74.03,73.84,73.88,5931.421553,2026-07-25 14:00:00+08:00
1784961000000,73.87,74.04,73.77,74.04,7377.595439,2026-07-25 14:30:00+08:00
1784962800000,74.04,74.07,73.85,73.87,4934.689537,2026-07-25 15:00:00+08:00
1784964600000,73.86,73.91,73.79,73.79,4082.10383,2026-07-25 15:30:00+08:00
1784966400000,73.79,73.86,73.55,73.86,8554.697761,2026-07-25 16:00:00+08:00
1784968200000,73.86,73.87,73.74,73.8,3920.57819,2026-07-25 16:30:00+08:00
1784970000000,73.8,74.0,73.76,73.99,5350.159743,2026-07-25 17:00:00+08:00
1784971800000,74.0,74.04,73.94,73.99,2640.467433,2026-07-25 17:30:00+08:00
1784973600000,74.0,74.03,73.92,73.99,3568.794067,2026-07-25 18:00:00+08:00
1784975400000,73.99,74.0,73.91,73.99,3314.472957,2026-07-25 18:30:00+08:00
1784977200000,73.99,74.05,73.91,73.93,4631.751646,2026-07-25 19:00:00+08:00
1784979000000,73.94,73.99,73.86,73.92,2363.75144,2026-07-25 19:30:00+08:00
1784980800000,73.93,74.0,73.87,73.94,2537.636752,2026-07-25 20:00:00+08:00
1784982600000,73.94,73.98,73.87,73.97,5266.240636,2026-07-25 20:30:00+08:00
1784984400000,73.97,74.07,73.94,73.99,3990.183223,2026-07-25 21:00:00+08:00
1784986200000,74.0,74.18,73.96,73.99,5169.036785,2026-07-25 21:30:00+08:00
1784988000000,73.99,73.99,73.78,73.86,6761.268663,2026-07-25 22:00:00+08:00
1784989800000,73.86,74.08,73.85,74.06,3757.513145,2026-07-25 22:30:00+08:00
1784991600000,74.05,74.31,74.01,74.19,7168.669931,2026-07-25 23:00:00+08:00
1784993400000,74.19,74.27,74.14,74.17,4034.852129,2026-07-25 23:30:00+08:00
1784995200000,74.17,74.3,74.1,74.18,4056.05663,2026-07-26 00:00:00+08:00
1784997000000,74.18,74.43,74.17,74.32,8563.542882,2026-07-26 00:30:00+08:00
1784998800000,74.33,74.59,74.3,74.49,4713.616504,2026-07-26 01:00:00+08:00
1785000600000,74.49,74.67,74.45,74.47,6060.744414,2026-07-26 01:30:00+08:00
1785002400000,74.48,74.68,74.48,74.57,5340.499158,2026-07-26 02:00:00+08:00
1785004200000,74.56,74.72,74.52,74.65,4026.088556,2026-07-26 02:30:00+08:00
1785006000000,74.66,74.73,74.6,74.61,2630.188468,2026-07-26 03:00:00+08:00
1785007800000,74.61,74.63,74.54,74.57,1649.722781,2026-07-26 03:30:00+08:00
1785009600000,74.57,74.58,74.43,74.5,3546.029429,2026-07-26 04:00:00+08:00
1785011400000,74.5,74.51,74.4,74.44,1272.562878,2026-07-26 04:30:00+08:00
1785013200000,74.45,74.45,74.28,74.43,3060.696535,2026-07-26 05:00:00+08:00
1785015000000,74.43,74.61,74.39,74.47,7377.978214,2026-07-26 05:30:00+08:00
1785016800000,74.47,74.5,74.38,74.39,3537.816199,2026-07-26 06:00:00+08:00
1785018600000,74.38,74.53,74.3,74.5,2313.610416,2026-07-26 06:30:00+08:00
1785020400000,74.51,74.51,74.4,74.46,3336.016082,2026-07-26 07:00:00+08:00
1785022200000,74.46,74.54,74.43,74.53,2275.784431,2026-07-26 07:30:00+08:00
1785024000000,74.53,74.96,74.47,74.88,8356.709294,2026-07-26 08:00:00+08:00
1785025800000,74.89,74.9,74.66,74.78,7313.126269,2026-07-26 08:30:00+08:00
1785027600000,74.79,74.82,74.67,74.7,4208.734919,2026-07-26 09:00:00+08:00
1785029400000,74.7,74.9,74.7,74.83,2130.616224,2026-07-26 09:30:00+08:00
1785031200000,74.84,74.88,74.72,74.81,4260.172385,2026-07-26 10:00:00+08:00
1785033000000,74.81,74.93,74.72,74.9,3487.580989,2026-07-26 10:30:00+08:00
1785034800000,74.91,75.06,74.82,74.93,7738.611886,2026-07-26 11:00:00+08:00
1785036600000,74.92,75.02,74.91,75.02,3892.809778,2026-07-26 11:30:00+08:00
1785038400000,75.04,75.16,74.95,75.14,4535.939911,2026-07-26 12:00:00+08:00
1785040200000,75.14,75.23,75.03,75.08,5094.104266,2026-07-26 12:30:00+08:00
1785042000000,75.08,75.18,75.01,75.04,2474.227748,2026-07-26 13:00:00+08:00
1785043800000,75.04,75.12,74.93,75.01,3522.388501,2026-07-26 13:30:00+08:00
1785045600000,75.02,75.06,74.75,74.78,4971.548406,2026-07-26 14:00:00+08:00
1785047400000,74.78,75.14,74.76,75.12,5869.320374,2026-07-26 14:30:00+08:00
1785049200000,75.13,75.15,74.94,74.94,4232.42658,2026-07-26 15:00:00+08:00
1785051000000,74.95,74.99,74.85,74.88,1993.206408,2026-07-26 15:30:00+08:00
1785052800000,74.88,74.96,74.85,74.9,2799.141731,2026-07-26 16:00:00+08:00
1785054600000,74.91,75.07,74.88,75.0,4603.83724,2026-07-26 16:30:00+08:00
1785056400000,74.99,75.12,74.99,75.08,3165.928654,2026-07-26 17:00:00+08:00
1785058200000,75.08,75.28,75.02,75.07,8469.376202,2026-07-26 17:30:00+08:00
1785060000000,75.08,75.19,75.02,75.13,4851.064401,2026-07-26 18:00:00+08:00
1785061800000,75.13,75.25,75.11,75.13,3198.333159,2026-07-26 18:30:00+08:00
1785063600000,75.12,75.18,75.05,75.07,2279.655695,2026-07-26 19:00:00+08:00
1785065400000,75.06,75.1,74.9,74.94,7487.151226,2026-07-26 19:30:00+08:00
1785067200000,74.95,75.14,74.88,75.0,3313.808763,2026-07-26 20:00:00+08:00
1785069000000,75.0,75.0,74.82,74.87,3638.144538,2026-07-26 20:30:00+08:00
1785070800000,74.86,74.96,74.77,74.87,3697.836648,2026-07-26 21:00:00+08:00
1785072600000,74.87,74.98,74.78,74.94,4793.548464,2026-07-26 21:30:00+08:00
1785074400000,74.94,75.23,74.92,74.92,7356.767987,2026-07-26 22:00:00+08:00
1785076200000,74.92,75.08,74.89,75.06,5785.101131,2026-07-26 22:30:00+08:00
1785078000000,75.06,75.38,74.96,75.21,9296.364589,2026-07-26 23:00:00+08:00
1785079800000,75.22,75.5,75.16,75.5,6758.282854,2026-07-26 23:30:00+08:00
1785081600000,75.49,75.73,75.31,75.69,8098.009212,2026-07-27 00:00:00+08:00
1785083400000,75.68,75.98,75.53,75.54,11311.800243,2026-07-27 00:30:00+08:00
1785085200000,75.54,75.6,75.3,75.34,5157.363092,2026-07-27 01:00:00+08:00
1785087000000,75.34,75.44,75.3,75.38,3649.571866,2026-07-27 01:30:00+08:00
1785088800000,75.39,75.44,75.29,75.34,1784.965561,2026-07-27 02:00:00+08:00
1785090600000,75.34,75.45,75.3,75.39,1634.152953,2026-07-27 02:30:00+08:00
1785092400000,75.4,75.45,75.26,75.3,1843.04341,2026-07-27 03:00:00+08:00
1785094200000,75.3,75.35,75.25,75.35,2023.869354,2026-07-27 03:30:00+08:00
1785096000000,75.35,75.4,75.33,75.37,3031.568582,2026-07-27 04:00:00+08:00
1785097800000,75.36,75.4,75.31,75.35,1290.683482,2026-07-27 04:30:00+08:00
1785099600000,75.35,75.71,75.33,75.64,5654.823604,2026-07-27 05:00:00+08:00
1785101400000,75.63,75.76,75.53,75.65,6355.416023,2026-07-27 05:30:00+08:00
1785103200000,75.66,76.42,75.66,76.39,32865.077748,2026-07-27 06:00:00+08:00
1785105000000,76.37,76.8,76.35,76.71,19405.111872,2026-07-27 06:30:00+08:00
1785106800000,76.72,77.1,76.62,76.69,30045.504949,2026-07-27 07:00:00+08:00
1785108600000,76.68,76.77,76.52,76.77,9096.687058,2026-07-27 07:30:00+08:00
1785110400000,76.78,76.8,76.39,76.5,10084.177163,2026-07-27 08:00:00+08:00
1785112200000,76.49,76.54,76.21,76.34,8134.388518,2026-07-27 08:30:00+08:00
1785114000000,76.35,76.45,76.17,76.22,6448.411545,2026-07-27 09:00:00+08:00
1785115800000,76.22,76.53,76.0,76.53,11822.888005,2026-07-27 09:30:00+08:00
1785117600000,76.53,76.75,76.45,76.59,36143.782975,2026-07-27 10:00:00+08:00
1785119400000,76.58,76.68,76.38,76.45,7877.710744,2026-07-27 10:30:00+08:00
1785121200000,76.46,76.56,76.36,76.46,5850.693286,2026-07-27 11:00:00+08:00
1785123000000,76.46,76.52,76.34,76.43,5912.698045,2026-07-27 11:30:00+08:00
1785124800000,76.43,76.64,76.34,76.4,10404.786944,2026-07-27 12:00:00+08:00
1785126600000,76.41,76.45,76.28,76.33,6746.861847,2026-07-27 12:30:00+08:00
1785128400000,76.33,76.52,76.28,76.44,5576.078144,2026-07-27 13:00:00+08:00
1785130200000,76.44,76.66,76.32,76.57,5756.309883,2026-07-27 13:30:00+08:00
1785132000000,76.58,77.02,76.54,76.7,16286.603672,2026-07-27 14:00:00+08:00
1785133800000,76.69,76.94,76.65,76.73,8856.045256,2026-07-27 14:30:00+08:00
1785135600000,76.73,76.76,76.58,76.58,6168.718133,2026-07-27 15:00:00+08:00
1785137400000,76.58,76.63,76.4,76.48,11236.036949,2026-07-27 15:30:00+08:00
1785139200000,76.49,76.52,76.3,76.4,6491.642802,2026-07-27 16:00:00+08:00
1785141000000,76.4,76.41,76.24,76.31,4122.799109,2026-07-27 16:30:00+08:00
1785142800000,76.3,76.37,76.13,76.37,7301.232202,2026-07-27 17:00:00+08:00
1785144600000,76.36,76.57,76.32,76.49,10009.396506,2026-07-27 17:30:00+08:00
1785146400000,76.49,76.64,76.43,76.59,9433.82695,2026-07-27 18:00:00+08:00
1785148200000,76.6,76.68,76.55,76.63,5157.367914,2026-07-27 18:30:00+08:00
1785150000000,76.63,76.67,76.5,76.51,4094.652389,2026-07-27 19:00:00+08:00
1785151800000,76.51,76.69,76.51,76.53,4834.162019,2026-07-27 19:30:00+08:00
1785153600000,76.52,76.79,76.39,76.39,12091.03431,2026-07-27 20:00:00+08:00
1785155400000,76.4,77.07,76.25,76.85,49103.012036,2026-07-27 20:30:00+08:00
1785157200000,76.86,76.97,76.46,76.52,18641.579151,2026-07-27 21:00:00+08:00
1785159000000,76.52,77.52,76.49,76.91,54826.898171,2026-07-27 21:30:00+08:00
1785160800000,76.91,77.01,75.81,75.83,31618.333796,2026-07-27 22:00:00+08:00
1785162600000,75.82,75.82,75.01,75.49,47306.452977,2026-07-27 22:30:00+08:00
1785164400000,75.48,75.62,75.27,75.38,13905.227176,2026-07-27 23:00:00+08:00
1785166200000,75.37,75.48,75.1,75.28,8685.063037,2026-07-27 23:30:00+08:00
1785168000000,75.29,75.76,75.15,75.7,17219.93276,2026-07-28 00:00:00+08:00
1785169800000,75.7,75.99,75.7,75.96,11392.868357,2026-07-28 00:30:00+08:00
1785171600000,75.96,76.26,75.81,76.02,14305.236979,2026-07-28 01:00:00+08:00
1785173400000,76.01,76.17,75.84,75.91,9797.526523,2026-07-28 01:30:00+08:00
1785175200000,75.91,76.0,75.55,75.62,7508.417287,2026-07-28 02:00:00+08:00
1785177000000,75.62,75.64,75.27,75.6,13250.30585,2026-07-28 02:30:00+08:00
1785178800000,75.61,76.0,75.5,75.84,9159.185676,2026-07-28 03:00:00+08:00
1785180600000,75.83,76.05,75.75,75.99,12342.779702,2026-07-28 03:30:00+08:00
1785182400000,75.99,76.14,75.81,76.1,5893.310663,2026-07-28 04:00:00+08:00
1785184200000,76.09,76.1,75.81,75.96,4913.837743,2026-07-28 04:30:00+08:00
1785186000000,75.97,75.99,75.59,75.59,3445.654065,2026-07-28 05:00:00+08:00
1785187800000,75.59,75.68,75.51,75.6,4284.47509,2026-07-28 05:30:00+08:00
1785189600000,75.61,75.63,75.17,75.24,9012.033139,2026-07-28 06:00:00+08:00
1785191400000,75.23,75.38,74.01,74.07,41973.208914,2026-07-28 06:30:00+08:00
1785193200000,74.06,74.42,73.75,74.29,27760.240017,2026-07-28 07:00:00+08:00
1785195000000,74.3,74.38,73.97,74.22,10618.737452,2026-07-28 07:30:00+08:00
1785196800000,74.22,74.29,73.77,73.99,13641.817568,2026-07-28 08:00:00+08:00
1785198600000,74.0,74.09,73.68,73.73,17081.754175,2026-07-28 08:30:00+08:00
1785200400000,73.73,73.75,72.85,73.36,51861.751922,2026-07-28 09:00:00+08:00
1785202200000,73.35,73.49,73.16,73.21,12230.561342,2026-07-28 09:30:00+08:00
1785204000000,73.21,73.46,73.06,73.38,19954.034678,2026-07-28 10:00:00+08:00
1785205800000,73.38,73.41,73.18,73.38,14616.522207,2026-07-28 10:30:00+08:00
1785207600000,73.38,73.41,73.21,73.27,8257.651535,2026-07-28 11:00:00+08:00
1785209400000,73.28,73.39,73.18,73.29,7928.944115,2026-07-28 11:30:00+08:00
1785211200000,73.28,73.28,73.12,73.12,9191.079633,2026-07-28 12:00:00+08:00
1785213000000,73.11,73.28,72.99,73.21,11056.268726,2026-07-28 12:30:00+08:00
1785214800000,73.21,73.53,73.2,73.41,8762.973155,2026-07-28 13:00:00+08:00
1785216600000,73.42,73.48,73.26,73.26,7635.614665,2026-07-28 13:30:00+08:00
1785218400000,73.27,73.39,73.13,73.35,12165.06859,2026-07-28 14:00:00+08:00
1785220200000,73.36,73.49,73.34,73.45,5352.867904,2026-07-28 14:30:00+08:00
1785222000000,73.45,73.5,73.36,73.43,5498.494451,2026-07-28 15:00:00+08:00
1785223800000,73.43,73.43,73.13,73.27,12232.980207,2026-07-28 15:30:00+08:00
1785225600000,73.28,73.39,73.15,73.31,9948.837571,2026-07-28 16:00:00+08:00
1785227400000,73.31,73.44,73.22,73.36,7864.156414,2026-07-28 16:30:00+08:00
1785229200000,73.37,73.51,73.29,73.42,5614.864018,2026-07-28 17:00:00+08:00
1785231000000,73.42,73.48,73.2,73.25,9255.216053,2026-07-28 17:30:00+08:00
1785232800000,73.25,73.33,73.13,73.22,8345.788343,2026-07-28 18:00:00+08:00
1785234600000,73.22,73.32,73.14,73.15,11132.889899,2026-07-28 18:30:00+08:00
1785236400000,73.15,73.3,72.88,73.07,20050.317033,2026-07-28 19:00:00+08:00
1785238200000,73.06,73.34,73.05,73.19,8548.555026,2026-07-28 19:30:00+08:00
1785240000000,73.19,73.31,73.12,73.24,4494.775163,2026-07-28 20:00:00+08:00
1785241800000,73.24,73.45,73.11,73.39,15515.254131,2026-07-28 20:30:00+08:00
1785243600000,73.38,73.44,73.0,73.0,13902.591786,2026-07-28 21:00:00+08:00
1785245400000,73.0,73.11,72.34,72.71,50782.836449,2026-07-28 21:30:00+08:00
1785247200000,72.7,72.99,72.54,72.95,15656.078512,2026-07-28 22:00:00+08:00
1785249000000,72.95,73.5,72.83,73.41,21603.90098,2026-07-28 22:30:00+08:00
1785250800000,73.42,74.53,73.3,74.27,28340.550885,2026-07-28 23:00:00+08:00
1785252600000,74.25,74.57,74.11,74.34,15575.363862,2026-07-28 23:30:00+08:00
1785254400000,74.34,74.34,74.09,74.22,12906.394417,2026-07-29 00:00:00+08:00
1785256200000,74.21,74.57,74.05,74.42,9002.344945,2026-07-29 00:30:00+08:00
1785258000000,74.42,74.43,73.79,73.83,12955.580522,2026-07-29 01:00:00+08:00
1785259800000,73.83,73.84,73.55,73.82,8673.460585,2026-07-29 01:30:00+08:00
1785261600000,73.83,74.05,73.82,73.84,4641.171599,2026-07-29 02:00:00+08:00
1785263400000,73.84,73.95,73.81,73.89,2075.835326,2026-07-29 02:30:00+08:00
1785265200000,73.89,74.05,73.83,74.04,2508.719981,2026-07-29 03:00:00+08:00
1785267000000,74.05,74.39,74.05,74.32,7901.857,2026-07-29 03:30:00+08:00
1785268800000,74.33,74.37,74.11,74.11,11560.168946,2026-07-29 04:00:00+08:00
1785270600000,74.1,74.2,74.01,74.05,3943.614378,2026-07-29 04:30:00+08:00
1785272400000,74.05,74.18,74.01,74.18,3488.316519,2026-07-29 05:00:00+08:00
1785274200000,74.18,74.39,74.11,74.14,5229.477293,2026-07-29 05:30:00+08:00
1785276000000,74.15,74.23,73.98,73.98,6571.315573,2026-07-29 06:00:00+08:00
1785277800000,73.98,73.98,73.42,73.45,8028.707286,2026-07-29 06:30:00+08:00
1785279600000,73.45,73.48,73.17,73.32,8128.380382,2026-07-29 07:00:00+08:00
1785281400000,73.31,73.85,73.31,73.82,11704.770746,2026-07-29 07:30:00+08:00
1785283200000,73.82,74.19,73.81,73.95,14411.553967,2026-07-29 08:00:00+08:00
1785285000000,73.95,74.1,73.76,73.79,8589.076206,2026-07-29 08:30:00+08:00
1785286800000,73.79,73.79,73.48,73.7,7086.583439,2026-07-29 09:00:00+08:00
1785288600000,73.7,73.74,73.23,73.26,8991.727525,2026-07-29 09:30:00+08:00
1785290400000,73.27,73.72,73.08,73.72,8086.426515,2026-07-29 10:00:00+08:00
1785292200000,73.72,73.97,73.62,73.69,6899.506749,2026-07-29 10:30:00+08:00
1785294000000,73.7,73.75,73.25,73.26,6026.33314,2026-07-29 11:00:00+08:00
1785295800000,73.26,73.35,73.01,73.07,10215.395701,2026-07-29 11:30:00+08:00
1785297600000,73.1,73.3,72.73,73.18,21917.201816,2026-07-29 12:00:00+08:00
1785299400000,73.16,73.49,73.11,73.45,8578.186845,2026-07-29 12:30:00+08:00
1785301200000,73.45,73.6,73.33,73.52,12306.407939,2026-07-29 13:00:00+08:00
1785303000000,73.53,73.79,73.48,73.68,9169.013349,2026-07-29 13:30:00+08:00
1785304800000,73.68,74.01,73.53,73.99,9876.754125,2026-07-29 14:00:00+08:00
1785306600000,74.0,74.08,73.96,74.07,5576.124698,2026-07-29 14:30:00+08:00
1785308400000,74.08,74.15,73.98,74.15,4717.876465,2026-07-29 15:00:00+08:00
1785310200000,74.15,74.28,73.99,74.25,9976.285383,2026-07-29 15:30:00+08:00
1785312000000,74.27,74.36,73.71,73.77,25822.249258,2026-07-29 16:00:00+08:00
1785313800000,73.76,74.23,73.72,73.93,10369.098823,2026-07-29 16:30:00+08:00
1785315600000,73.93,74.09,73.91,74.07,6679.708018,2026-07-29 17:00:00+08:00
1785317400000,74.08,74.32,74.05,74.12,7445.613411,2026-07-29 17:30:00+08:00
1785319200000,74.13,74.14,74.0,74.01,8753.533242,2026-07-29 18:00:00+08:00
1785321000000,74.01,74.11,73.79,73.9,11271.195296,2026-07-29 18:30:00+08:00
1785322800000,73.91,74.1,73.88,73.94,3165.13057,2026-07-29 19:00:00+08:00
1785324600000,73.94,73.99,73.83,73.96,3193.687018,2026-07-29 19:30:00+08:00
1785326400000,73.96,73.96,73.47,73.54,9895.499167,2026-07-29 20:00:00+08:00
1785328200000,73.54,73.64,73.46,73.53,5942.0742,2026-07-29 20:30:00+08:00
1785330000000,73.53,73.61,73.43,73.57,6054.134727,2026-07-29 21:00:00+08:00
1785331800000,73.57,73.77,73.33,73.72,12008.894368,2026-07-29 21:30:00+08:00
1785333600000,73.73,73.91,73.16,73.32,13850.987197,2026-07-29 22:00:00+08:00
1785335400000,73.34,73.47,73.1,73.28,12610.343306,2026-07-29 22:30:00+08:00
1785337200000,73.27,73.43,73.13,73.32,12273.037699,2026-07-29 23:00:00+08:00
1785339000000,73.32,73.46,72.98,73.13,15247.948639,2026-07-29 23:30:00+08:00
1785340800000,73.13,73.38,72.95,73.24,13234.72963,2026-07-30 00:00:00+08:00
1785342600000,73.24,73.29,72.91,73.28,9918.84598,2026-07-30 00:30:00+08:00
1785344400000,73.29,73.56,73.27,73.28,15514.578852,2026-07-30 01:00:00+08:00
1785346200000,73.3,73.95,73.18,73.95,12703.685248,2026-07-30 01:30:00+08:00
1785348000000,73.94,74.37,73.81,73.93,63763.171261,2026-07-30 02:00:00+08:00
1785349800000,73.94,74.53,73.45,74.24,33869.505739,2026-07-30 02:30:00+08:00
1785351600000,74.25,74.38,73.46,73.56,17034.317924,2026-07-30 03:00:00+08:00
1785353400000,73.58,73.66,72.74,72.75,30939.94545,2026-07-30 03:30:00+08:00
1785355200000,72.77,73.11,72.44,72.74,32367.832147,2026-07-30 04:00:00+08:00
1785357000000,72.75,73.2,72.62,72.66,7870.911942,2026-07-30 04:30:00+08:00
1785358800000,72.66,72.96,72.33,72.95,15223.546149,2026-07-30 05:00:00+08:00
1785360600000,72.96,73.18,72.9,73.18,11472.494488,2026-07-30 05:30:00+08:00
1785362400000,73.19,73.8,73.19,73.71,29643.731121,2026-07-30 06:00:00+08:00
1785364200000,73.71,73.72,73.51,73.65,2942.551335,2026-07-30 06:30:00+08:00
1785366000000,73.65,73.75,73.42,73.62,10251.190439,2026-07-30 07:00:00+08:00
1785367800000,73.61,73.74,73.51,73.68,4487.539076,2026-07-30 07:30:00+08:00
1785369600000,73.69,73.87,73.64,73.81,4264.210265,2026-07-30 08:00:00+08:00
1785371400000,73.82,73.82,73.15,73.29,8390.768142,2026-07-30 08:30:00+08:00
1785373200000,73.3,73.76,73.28,73.66,7517.196064,2026-07-30 09:00:00+08:00
1785375000000,73.65,74.2,73.65,74.03,12866.602495,2026-07-30 09:30:00+08:00
1785376800000,74.03,74.15,73.99,74.02,5085.37881,2026-07-30 10:00:00+08:00
1785378600000,74.01,74.04,73.82,73.84,3673.916947,2026-07-30 10:30:00+08:00
1785380400000,73.85,74.01,73.72,73.91,6389.07656,2026-07-30 11:00:00+08:00
1785382200000,73.91,73.91,73.67,73.71,2739.002418,2026-07-30 11:30:00+08:00
1785384000000,73.72,73.75,73.51,73.58,3919.210492,2026-07-30 12:00:00+08:00
1785385800000,73.55,73.73,73.51,73.53,5486.968785,2026-07-30 12:30:00+08:00
1785387600000,73.53,73.62,73.43,73.58,3804.294433,2026-07-30 13:00:00+08:00
1785389400000,73.58,73.87,73.58,73.71,3846.860932,2026-07-30 13:30:00+08:00
1785391200000,73.71,73.76,73.53,73.7,9624.831116,2026-07-30 14:00:00+08:00
1785393000000,73.7,73.7,73.48,73.52,2794.29111,2026-07-30 14:30:00+08:00
1785394800000,73.53,73.82,73.51,73.69,7329.886307,2026-07-30 15:00:00+08:00
1785396600000,73.67,73.68,73.4,73.43,4234.050487,2026-07-30 15:30:00+08:00
1785398400000,73.43,73.84,73.31,73.74,7572.699098,2026-07-30 16:00:00+08:00
1785400200000,73.74,73.82,73.65,73.81,16550.194955,2026-07-30 16:30:00+08:00
1785402000000,73.82,74.1,73.8,74.05,9995.81932,2026-07-30 17:00:00+08:00
1785403800000,74.05,74.22,74.03,74.06,14726.695225,2026-07-30 17:30:00+08:00
1785405600000,74.07,74.23,74.05,74.09,16643.885102,2026-07-30 18:00:00+08:00
1785407400000,74.09,74.14,73.83,73.91,10063.254277,2026-07-30 18:30:00+08:00
1785409200000,73.92,74.13,73.88,74.08,11800.523037,2026-07-30 19:00:00+08:00
1785411000000,74.08,74.33,74.03,74.23,8957.348319,2026-07-30 19:30:00+08:00
1785412800000,74.24,74.36,74.11,74.19,19404.268362,2026-07-30 20:00:00+08:00
1785414600000,74.19,74.49,74.08,74.41,15536.495679,2026-07-30 20:30:00+08:00
1785416400000,74.4,74.45,74.25,74.25,5844.750511,2026-07-30 21:00:00+08:00
1785418200000,74.25,74.91,74.12,74.7,28172.442113,2026-07-30 21:30:00+08:00
1785420000000,74.67,74.78,74.3,74.62,19008.64859,2026-07-30 22:00:00+08:00
1785421800000,74.62,74.78,74.51,74.64,10840.718848,2026-07-30 22:30:00+08:00
1785423600000,74.64,74.87,74.51,74.53,13244.258525,2026-07-30 23:00:00+08:00
1785425400000,74.53,74.68,74.48,74.64,7524.805797,2026-07-30 23:30:00+08:00
1785427200000,74.65,74.85,74.63,74.73,12664.491211,2026-07-31 00:00:00+08:00
1785429000000,74.73,74.75,74.47,74.6,6951.723656,2026-07-31 00:30:00+08:00
1785430800000,74.6,74.66,74.44,74.58,11347.332299,2026-07-31 01:00:00+08:00
1785432600000,74.59,74.89,74.49,74.78,7811.596525,2026-07-31 01:30:00+08:00
1785434400000,74.78,74.99,74.69,74.74,7716.463614,2026-07-31 02:00:00+08:00
1785436200000,74.74,74.76,74.5,74.52,1956.237798,2026-07-31 02:30:00+08:00
1785438000000,74.53,74.77,74.53,74.7,3685.398142,2026-07-31 03:00:00+08:00
1785439800000,74.7,74.82,74.55,74.79,5688.475608,2026-07-31 03:30:00+08:00
1785441600000,74.78,74.91,74.57,74.59,8619.132167,2026-07-31 04:00:00+08:00
1785443400000,74.59,74.66,74.45,74.49,5874.157268,2026-07-31 04:30:00+08:00
1785445200000,74.5,74.62,74.44,74.47,4894.423685,2026-07-31 05:00:00+08:00
1785447000000,74.47,74.57,74.44,74.5,3705.972995,2026-07-31 05:30:00+08:00
1785448800000,74.49,74.89,74.41,74.85,8527.666002,2026-07-31 06:00:00+08:00
1785450600000,74.86,74.89,74.73,74.76,2458.477486,2026-07-31 06:30:00+08:00
1785452400000,74.75,74.79,74.66,74.69,4160.333569,2026-07-31 07:00:00+08:00
1785454200000,74.69,75.0,74.48,74.52,22858.570501,2026-07-31 07:30:00+08:00
1785456000000,74.52,74.66,74.49,74.56,7107.96445,2026-07-31 08:00:00+08:00
1785457800000,74.56,74.64,74.44,74.49,7306.555293,2026-07-31 08:30:00+08:00
1785459600000,74.5,75.3,74.5,75.12,21502.033499,2026-07-31 09:00:00+08:00
1785461400000,75.12,75.12,74.29,74.41,15604.307436,2026-07-31 09:30:00+08:00
1785463200000,74.4,74.56,74.2,74.21,7295.52637,2026-07-31 10:00:00+08:00
1785465000000,74.2,74.31,74.09,74.17,8989.519478,2026-07-31 10:30:00+08:00
1785466800000,74.17,74.36,73.89,74.22,11522.47591,2026-07-31 11:00:00+08:00
1785468600000,74.22,74.27,74.11,74.16,3362.028608,2026-07-31 11:30:00+08:00
1785470400000,74.15,74.16,73.75,73.84,8590.35822,2026-07-31 12:00:00+08:00
1785472200000,73.85,73.9,73.74,73.84,7609.966216,2026-07-31 12:30:00+08:00
1785474000000,73.84,74.33,73.83,74.19,17442.750883,2026-07-31 13:00:00+08:00
1785475800000,74.19,74.26,74.07,74.23,7091.235784,2026-07-31 13:30:00+08:00
1785477600000,74.25,74.45,74.2,74.45,5580.860128,2026-07-31 14:00:00+08:00
1785479400000,74.45,74.53,74.01,74.1,9156.753831,2026-07-31 14:30:00+08:00
1785481200000,74.09,74.09,73.54,73.54,13570.132679,2026-07-31 15:00:00+08:00
1785483000000,73.54,73.76,73.52,73.69,7152.380612,2026-07-31 15:30:00+08:00
1785484800000,73.69,73.79,73.62,73.74,8637.40947,2026-07-31 16:00:00+08:00
1785486600000,73.74,73.81,73.54,73.66,6062.478706,2026-07-31 16:30:00+08:00
1785488400000,73.67,73.72,73.46,73.49,7904.814028,2026-07-31 17:00:00+08:00
1785490200000,73.48,73.6,73.4,73.49,8793.748851,2026-07-31 17:30:00+08:00
1785492000000,73.49,73.66,73.3,73.63,6653.107403,2026-07-31 18:00:00+08:00
1785493800000,73.63,73.66,73.51,73.57,10642.654279,2026-07-31 18:30:00+08:00
1785495600000,73.58,73.73,73.5,73.6,6318.17331,2026-07-31 19:00:00+08:00
1785497400000,73.61,73.61,73.48,73.58,3367.35666,2026-07-31 19:30:00+08:00
1785499200000,73.58,73.65,73.38,73.62,6359.752275,2026-07-31 20:00:00+08:00
1785501000000,73.61,73.64,73.43,73.63,7589.317937,2026-07-31 20:30:00+08:00
1785502800000,73.64,73.82,73.63,73.81,5564.852194,2026-07-31 21:00:00+08:00
1785504600000,73.81,73.82,73.17,73.29,12965.464979,2026-07-31 21:30:00+08:00
1785506400000,73.3,73.7,72.8,73.3,48640.159961,2026-07-31 22:00:00+08:00
1785508200000,73.31,73.36,72.84,73.03,25105.506652,2026-07-31 22:30:00+08:00
1785510000000,73.05,73.13,72.89,72.98,7572.894912,2026-07-31 23:00:00+08:00
1785511800000,72.98,73.22,72.91,73.11,10184.234255,2026-07-31 23:30:00+08:00
1785513600000,73.11,73.29,72.98,73.22,11797.453269,2026-08-01 00:00:00+08:00
1785515400000,73.23,73.36,73.07,73.3,5097.474957,2026-08-01 00:30:00+08:00
1785517200000,73.3,73.38,73.18,73.33,9090.20422,2026-08-01 01:00:00+08:00
1785519000000,73.32,73.44,73.27,73.37,7996.600971,2026-08-01 01:30:00+08:00
1785520800000,73.37,73.48,73.22,73.22,7935.894775,2026-08-01 02:00:00+08:00
1785522600000,73.22,73.23,72.96,73.12,5428.226015,2026-08-01 02:30:00+08:00
1785524400000,73.11,73.2,72.95,73.02,3280.979282,2026-08-01 03:00:00+08:00
1785526200000,73.02,73.3,72.92,73.08,13763.274328,2026-08-01 03:30:00+08:00
1785528000000,73.09,73.23,73.08,73.12,5631.780461,2026-08-01 04:00:00+08:00
1785529800000,73.11,73.12,72.95,72.97,11847.993708,2026-08-01 04:30:00+08:00
1785531600000,72.97,73.11,72.89,73.03,3953.970181,2026-08-01 05:00:00+08:00
1785533400000,73.03,73.09,72.56,72.73,15675.723899,2026-08-01 05:30:00+08:00
1785535200000,72.74,72.92,72.68,72.88,5464.476571,2026-08-01 06:00:00+08:00
1785537000000,72.87,72.95,72.85,72.85,2558.997385,2026-08-01 06:30:00+08:00
1785538800000,72.86,72.97,72.84,72.91,3154.72844,2026-08-01 07:00:00+08:00
1785540600000,72.91,72.94,72.8,72.87,5327.192614,2026-08-01 07:30:00+08:00
1785542400000,72.88,73.04,72.88,73.01,2955.302626,2026-08-01 08:00:00+08:00
1785544200000,73.01,73.16,72.94,73.02,8978.411724,2026-08-01 08:30:00+08:00
1785546000000,73.02,73.15,73.02,73.09,2876.952846,2026-08-01 09:00:00+08:00
1785547800000,73.09,73.11,72.99,73.03,3036.752556,2026-08-01 09:30:00+08:00
1785549600000,73.04,73.16,73.01,73.15,3149.410843,2026-08-01 10:00:00+08:00
1785551400000,73.15,73.17,73.01,73.09,4104.91228,2026-08-01 10:30:00+08:00
1785553200000,73.09,73.11,72.92,72.92,2010.622738,2026-08-01 11:00:00+08:00
1785555000000,72.93,73.04,72.88,73.04,12209.432534,2026-08-01 11:30:00+08:00
1785556800000,73.04,73.14,73.03,73.11,3063.674189,2026-08-01 12:00:00+08:00
1785558600000,73.12,73.22,73.08,73.18,2025.505285,2026-08-01 12:30:00+08:00
1785560400000,73.18,73.21,73.05,73.06,3708.994896,2026-08-01 13:00:00+08:00
1785562200000,73.06,73.11,72.88,72.96,3335.363407,2026-08-01 13:30:00+08:00
1785564000000,72.96,73.04,72.9,73.02,2097.424681,2026-08-01 14:00:00+08:00
1785565800000,73.02,73.03,72.97,73.0,1872.414025,2026-08-01 14:30:00+08:00
1785567600000,73.01,73.11,72.98,73.0,2968.89033,2026-08-01 15:00:00+08:00
1785569400000,73.0,73.02,72.93,72.98,3324.162062,2026-08-01 15:30:00+08:00
1785571200000,72.99,73.08,72.96,73.04,1486.842158,2026-08-01 16:00:00+08:00
1785573000000,73.05,73.07,72.98,73.05,2551.20338,2026-08-01 16:30:00+08:00
1785574800000,73.05,73.09,72.96,72.96,2920.829371,2026-08-01 17:00:00+08:00
1785576600000,72.96,72.99,72.84,72.85,2717.575021,2026-08-01 17:30:00+08:00
1785578400000,72.85,72.9,72.67,72.84,3868.871837,2026-08-01 18:00:00+08:00
1785580200000,72.84,72.9,72.8,72.85,2664.198027,2026-08-01 18:30:00+08:00
1785582000000,72.86,72.92,72.8,72.87,2300.165811,2026-08-01 19:00:00+08:00
1785583800000,72.88,72.91,72.85,72.9,2587.304722,2026-08-01 19:30:00+08:00
1785585600000,72.91,72.95,72.88,72.94,1191.482079,2026-08-01 20:00:00+08:00
1785587400000,72.94,72.96,72.89,72.95,1647.389041,2026-08-01 20:30:00+08:00
1785589200000,72.95,73.0,72.92,72.94,1794.447164,2026-08-01 21:00:00+08:00
1785591000000,72.93,73.01,72.91,72.99,2749.296108,2026-08-01 21:30:00+08:00
1785592800000,72.99,73.05,72.88,72.99,2908.416996,2026-08-01 22:00:00+08:00
1785594600000,72.99,73.03,72.94,73.03,3233.445521,2026-08-01 22:30:00+08:00
1785596400000,73.03,73.04,72.85,72.86,2471.333282,2026-08-01 23:00:00+08:00
1785598200000,72.86,72.87,72.73,72.79,5746.949298,2026-08-01 23:30:00+08:00
1785600000000,72.8,72.94,72.74,72.9,5422.008446,2026-08-02 00:00:00+08:00
1785601800000,72.9,72.95,72.48,72.71,12703.394891,2026-08-02 00:30:00+08:00
1785603600000,72.7,72.79,72.08,72.18,25282.989036,2026-08-02 01:00:00+08:00
1785605400000,72.18,72.18,71.63,71.93,40984.679374,2026-08-02 01:30:00+08:00
1785607200000,71.92,71.98,71.42,71.55,20654.100445,2026-08-02 02:00:00+08:00
1785609000000,71.54,71.54,70.58,71.09,50914.355434,2026-08-02 02:30:00+08:00
1785610800000,71.08,71.33,71.06,71.26,10199.236745,2026-08-02 03:00:00+08:00
1785612600000,71.26,71.37,71.18,71.27,5549.718303,2026-08-02 03:30:00+08:00
1785614400000,71.27,71.52,71.22,71.44,10797.007478,2026-08-02 04:00:00+08:00
1785616200000,71.43,71.57,71.35,71.57,4602.068831,2026-08-02 04:30:00+08:00
1785618000000,71.57,71.81,71.56,71.71,10442.823797,2026-08-02 05:00:00+08:00
1785619800000,71.71,71.86,71.68,71.85,7828.028938,2026-08-02 05:30:00+08:00
1785621600000,71.86,72.01,71.86,71.99,5777.751489,2026-08-02 06:00:00+08:00
1785623400000,71.99,72.0,71.9,71.92,2652.076576,2026-08-02 06:30:00+08:00
1785625200000,71.92,72.09,71.82,71.83,5649.199656,2026-08-02 07:00:00+08:00
1785627000000,71.83,71.96,71.83,71.94,2682.321069,2026-08-02 07:30:00+08:00
1785628800000,71.95,72.15,71.93,72.06,4234.970466,2026-08-02 08:00:00+08:00
1785630600000,72.06,72.11,72.01,72.11,2372.321586,2026-08-02 08:30:00+08:00
1785632400000,72.11,72.61,72.1,72.53,15225.98842,2026-08-02 09:00:00+08:00
1785634200000,72.53,72.75,72.49,72.65,11628.476224,2026-08-02 09:30:00+08:00
1785636000000,72.66,73.4,72.58,73.1,32800.36894,2026-08-02 10:00:00+08:00
1785637800000,73.1,73.16,72.93,73.14,8389.745462,2026-08-02 10:30:00+08:00
1785639600000,73.14,73.22,73.08,73.08,8757.963571,2026-08-02 11:00:00+08:00
1785641400000,73.09,73.24,73.09,73.19,3773.919003,2026-08-02 11:30:00+08:00
1785643200000,73.2,73.44,73.2,73.36,7700.341612,2026-08-02 12:00:00+08:00
1785645000000,73.37,73.55,73.3,73.53,8208.426774,2026-08-02 12:30:00+08:00
1785646800000,73.52,73.67,73.47,73.54,8788.213502,2026-08-02 13:00:00+08:00
1785648600000,73.55,73.63,73.47,73.59,5323.577807,2026-08-02 13:30:00+08:00
1785650400000,73.6,73.65,73.5,73.57,3523.338436,2026-08-02 14:00:00+08:00
1785652200000,73.55,73.59,73.43,73.45,8749.723796,2026-08-02 14:30:00+08:00
1785654000000,73.44,73.51,73.4,73.49,6247.254867,2026-08-02 15:00:00+08:00
1785655800000,73.49,73.5,73.44,73.48,7694.04903,2026-08-02 15:30:00+08:00
1785657600000,73.48,73.55,73.33,73.35,9586.210227,2026-08-02 16:00:00+08:00
1785659400000,73.36,73.41,73.17,73.2,12890.369535,2026-08-02 16:30:00+08:00
1785661200000,73.2,73.38,72.97,73.31,12609.601816,2026-08-02 17:00:00+08:00
1785663000000,73.31,73.44,73.3,73.39,5051.755524,2026-08-02 17:30:00+08:00
1785664800000,73.39,73.39,73.16,73.21,13587.137756,2026-08-02 18:00:00+08:00
1785666600000,73.21,73.32,73.2,73.28,2672.519228,2026-08-02 18:30:00+08:00
1785668400000,73.28,73.31,73.18,73.2,3812.247053,2026-08-02 19:00:00+08:00
1785670200000,73.2,73.23,72.95,73.0,6674.206467,2026-08-02 19:30:00+08:00
1785672000000,73.01,73.24,73.0,73.15,6326.271784,2026-08-02 20:00:00+08:00
1785673800000,73.15,73.19,72.9,72.91,6071.831903,2026-08-02 20:30:00+08:00
1785675600000,72.91,73.01,72.88,72.92,3655.963993,2026-08-02 21:00:00+08:00
1785677400000,72.91,73.03,72.71,72.97,8817.723316,2026-08-02 21:30:00+08:00
1785679200000,72.98,73.17,72.93,73.16,3298.149709,2026-08-02 22:00:00+08:00
1785681000000,73.16,73.24,73.08,73.11,2916.12565,2026-08-02 22:30:00+08:00
1785682800000,73.11,73.22,73.07,73.11,2068.06671,2026-08-02 23:00:00+08:00
1785684600000,73.11,73.2,73.01,73.03,4049.061773,2026-08-02 23:30:00+08:00
1785686400000,73.04,73.07,72.93,73.06,4973.53572,2026-08-03 00:00:00+08:00
1785688200000,73.06,73.31,73.05,73.16,4686.370022,2026-08-03 00:30:00+08:00
1785690000000,73.16,73.4,73.1,73.26,2269.866055,2026-08-03 01:00:00+08:00
1785691800000,73.26,73.4,73.25,73.32,3625.170746,2026-08-03 01:30:00+08:00
1785693600000,73.32,73.41,73.25,73.39,2838.124913,2026-08-03 02:00:00+08:00
1785695400000,73.39,73.87,73.38,73.57,11997.45568,2026-08-03 02:30:00+08:00
1785697200000,73.58,73.68,73.53,73.63,4780.000894,2026-08-03 03:00:00+08:00
1785699000000,73.64,73.79,73.6,73.73,2408.680159,2026-08-03 03:30:00+08:00
1785700800000,73.73,73.75,73.57,73.6,2806.992484,2026-08-03 04:00:00+08:00
1785702600000,73.6,73.74,73.59,73.69,2232.349516,2026-08-03 04:30:00+08:00
1785704400000,73.7,73.82,73.68,73.8,9555.852695,2026-08-03 05:00:00+08:00
1785706200000,73.8,74.35,73.75,74.0,14312.927494,2026-08-03 05:30:00+08:00
1785708000000,74.0,74.22,73.91,73.97,6639.101046,2026-08-03 06:00:00+08:00
1785709800000,73.96,73.97,73.65,73.66,8552.881455,2026-08-03 06:30:00+08:00
1785711600000,73.65,73.67,73.49,73.59,4153.033054,2026-08-03 07:00:00+08:00
1785713400000,73.58,73.65,73.47,73.64,3719.834593,2026-08-03 07:30:00+08:00
1785715200000,73.64,73.67,73.26,73.29,6317.908729,2026-08-03 08:00:00+08:00
1785717000000,73.29,73.39,73.18,73.24,2771.924854,2026-08-03 08:30:00+08:00
1785718800000,73.24,73.26,73.0,73.05,5467.297756,2026-08-03 09:00:00+08:00
1785720600000,73.05,73.11,72.95,73.0,4929.035521,2026-08-03 09:30:00+08:00
1785722400000,73.0,73.15,72.92,72.99,4188.663778,2026-08-03 10:00:00+08:00
1785724200000,73.0,73.27,72.96,73.05,17349.476055,2026-08-03 10:30:00+08:00
1785726000000,73.04,73.13,72.98,73.05,3219.376011,2026-08-03 11:00:00+08:00
1785727800000,73.05,73.05,72.7,72.91,5824.986819,2026-08-03 11:30:00+08:00
1785729600000,72.91,73.07,72.85,72.95,3986.819529,2026-08-03 12:00:00+08:00
1785731400000,72.95,73.08,72.86,72.86,3158.755119,2026-08-03 12:30:00+08:00
1785733200000,72.86,73.07,72.84,72.91,6457.29976,2026-08-03 13:00:00+08:00
1785735000000,72.91,72.94,72.83,72.93,3312.023244,2026-08-03 13:30:00+08:00
1785736800000,72.93,72.99,72.85,72.87,2465.760809,2026-08-03 14:00:00+08:00
1785738600000,72.86,72.88,72.53,72.61,6867.958855,2026-08-03 14:30:00+08:00
1785740400000,72.62,72.65,72.44,72.62,9121.519334,2026-08-03 15:00:00+08:00
1785742200000,72.61,72.7,72.5,72.54,5311.287632,2026-08-03 15:30:00+08:00
1785744000000,72.53,72.58,72.02,72.08,17701.309346,2026-08-03 16:00:00+08:00
1785745800000,72.08,72.4,72.0,72.37,8458.053712,2026-08-03 16:30:00+08:00
1785747600000,72.38,72.48,72.34,72.47,8653.640688,2026-08-03 17:00:00+08:00
1785749400000,72.46,72.8,72.46,72.75,7782.088194,2026-08-03 17:30:00+08:00
1785751200000,72.74,72.81,72.61,72.61,5678.468161,2026-08-03 18:00:00+08:00
1785753000000,72.62,72.68,72.52,72.63,3923.37312,2026-08-03 18:30:00+08:00
1785754800000,72.63,72.63,72.4,72.49,5744.224895,2026-08-03 19:00:00+08:00
1785756600000,72.49,72.66,72.42,72.46,2653.033307,2026-08-03 19:30:00+08:00
1785758400000,72.46,72.57,72.34,72.48,5563.074747,2026-08-03 20:00:00+08:00
1785760200000,72.48,72.54,72.42,72.43,4365.508621,2026-08-03 20:30:00+08:00
1785762000000,72.43,72.77,72.4,72.5,9346.583575,2026-08-03 21:00:00+08:00
1785763800000,72.51,73.29,72.33,73.28,20357.772454,2026-08-03 21:30:00+08:00
1785765600000,73.27,73.69,73.03,73.65,18606.898051,2026-08-03 22:00:00+08:00
1785767400000,73.66,73.81,73.45,73.79,20963.124772,2026-08-03 22:30:00+08:00
1785769200000,73.79,73.83,73.47,73.62,17182.388433,2026-08-03 23:00:00+08:00
1785771000000,73.62,73.74,73.47,73.62,9441.699792,2026-08-03 23:30:00+08:00
1785772800000,73.62,73.82,73.48,73.57,12473.717349,2026-08-04 00:00:00+08:00
1785774600000,73.57,73.58,73.23,73.43,9425.019009,2026-08-04 00:30:00+08:00
1785776400000,73.43,73.86,73.32,73.64,12475.880838,2026-08-04 01:00:00+08:00
1785778200000,73.63,73.8,73.58,73.7,7000.391309,2026-08-04 01:30:00+08:00
1785780000000,73.7,74.3,73.7,73.98,31537.137323,2026-08-04 02:00:00+08:00
1785781800000,74.0,74.1,73.89,73.99,7133.522305,2026-08-04 02:30:00+08:00
1785783600000,73.99,74.16,73.96,74.1,6604.999061,2026-08-04 03:00:00+08:00
1785785400000,74.11,74.2,74.0,74.04,5647.931034,2026-08-04 03:30:00+08:00
1785787200000,74.04,74.15,73.92,74.02,6592.781076,2026-08-04 04:00:00+08:00
1785789000000,74.02,74.04,73.78,73.86,6587.043138,2026-08-04 04:30:00+08:00
1785790800000,73.86,73.89,73.73,73.8,2500.275171,2026-08-04 05:00:00+08:00
1785792600000,73.79,73.83,73.67,73.72,2859.794239,2026-08-04 05:30:00+08:00
1785794400000,73.72,73.74,73.38,73.57,4663.716228,2026-08-04 06:00:00+08:00
1785796200000,73.57,73.58,73.42,73.54,1692.940372,2026-08-04 06:30:00+08:00
1785798000000,73.55,73.55,73.4,73.52,4026.809198,2026-08-04 07:00:00+08:00
1785799800000,73.52,73.57,73.41,73.57,1753.332298,2026-08-04 07:30:00+08:00
1785801600000,73.57,73.64,73.43,73.48,4650.934927,2026-08-04 08:00:00+08:00
1785803400000,73.47,73.47,73.05,73.08,8497.241205,2026-08-04 08:30:00+08:00
1785805200000,73.09,73.27,73.05,73.21,3544.329057,2026-08-04 09:00:00+08:00
1785807000000,73.21,73.79,73.21,73.79,11594.591438,2026-08-04 09:30:00+08:00
1785808800000,73.8,73.85,73.69,73.76,3633.964404,2026-08-04 10:00:00+08:00
1785810600000,73.76,74.13,73.76,73.88,9428.109801,2026-08-04 10:30:00+08:00
1785812400000,73.89,73.91,73.44,73.56,16513.194223,2026-08-04 11:00:00+08:00
1785814200000,73.58,73.8,73.58,73.7,1807.847592,2026-08-04 11:30:00+08:00
1785816000000,73.7,73.82,73.6,73.71,3715.681933,2026-08-04 12:00:00+08:00
1785817800000,73.71,74.1,73.71,73.84,17480.216572,2026-08-04 12:30:00+08:00
1785819600000,73.84,73.89,73.71,73.74,4446.178582,2026-08-04 13:00:00+08:00
1785821400000,73.75,73.82,73.74,73.74,2619.697762,2026-08-04 13:30:00+08:00
1785823200000,73.75,73.93,73.68,73.7,8522.57665,2026-08-04 14:00:00+08:00
1785825000000,73.69,73.72,73.4,73.43,9030.426223,2026-08-04 14:30:00+08:00
1785826800000,73.44,73.52,73.21,73.41,11284.051373,2026-08-04 15:00:00+08:00
1785828600000,73.41,73.75,73.4,73.69,7338.817218,2026-08-04 15:30:00+08:00
1785830400000,73.7,73.77,73.37,73.46,6812.767469,2026-08-04 16:00:00+08:00
1785832200000,73.44,73.46,73.3,73.37,3821.233368,2026-08-04 16:30:00+08:00
1785834000000,73.37,73.37,73.17,73.26,4852.210359,2026-08-04 17:00:00+08:00
1785835800000,73.25,73.32,73.2,73.31,3029.878229,2026-08-04 17:30:00+08:00
1785837600000,73.31,73.33,73.09,73.13,3344.962094,2026-08-04 18:00:00+08:00
1785839400000,73.13,73.72,73.11,73.61,11545.42077,2026-08-04 18:30:00+08:00
1785841200000,73.62,73.75,73.54,73.73,5516.118618,2026-08-04 19:00:00+08:00
1785843000000,73.73,73.99,73.68,73.95,13071.855171,2026-08-04 19:30:00+08:00
1785844800000,73.95,73.96,73.76,73.92,5708.158832,2026-08-04 20:00:00+08:00
1785846600000,73.93,74.09,73.82,73.82,8220.933038,2026-08-04 20:30:00+08:00
1785848400000,73.83,73.97,73.72,73.86,9343.060555,2026-08-04 21:00:00+08:00
1785850200000,73.86,74.06,73.6,73.63,16000.586452,2026-08-04 21:30:00+08:00
1785852000000,73.65,73.85,73.34,73.56,19876.896844,2026-08-04 22:00:00+08:00
1785853800000,73.56,73.92,73.53,73.84,12251.503533,2026-08-04 22:30:00+08:00
1785855600000,73.84,74.02,73.6,73.63,10561.333014,2026-08-04 23:00:00+08:00
1785857400000,73.62,74.21,73.42,73.99,17346.082311,2026-08-04 23:30:00+08:00
1785859200000,74.0,74.02,73.8,73.86,10363.90361,2026-08-05 00:00:00+08:00
1785861000000,73.86,73.92,73.61,73.74,5360.579591,2026-08-05 00:30:00+08:00
1785862800000,73.75,74.24,73.72,74.12,9463.330028,2026-08-05 01:00:00+08:00
1785864600000,74.12,74.14,73.75,73.78,6339.431485,2026-08-05 01:30:00+08:00
1785866400000,73.78,74.39,73.78,74.31,17628.936729,2026-08-05 02:00:00+08:00
1785868200000,74.32,74.34,74.06,74.17,8154.073159,2026-08-05 02:30:00+08:00
1785870000000,74.17,74.4,74.12,74.17,5607.653503,2026-08-05 03:00:00+08:00
1785871800000,74.18,74.37,74.13,74.19,9663.15928,2026-08-05 03:30:00+08:00
1785873600000,74.21,74.24,73.89,74.1,12362.115992,2026-08-05 04:00:00+08:00
1785875400000,74.1,74.47,74.08,74.28,11992.899199,2026-08-05 04:30:00+08:00
1785877200000,74.28,74.29,74.03,74.07,14886.001841,2026-08-05 05:00:00+08:00
1785879000000,74.07,74.16,74.05,74.14,3460.743223,2026-08-05 05:30:00+08:00
1785880800000,74.15,74.2,73.98,74.16,2068.962477,2026-08-05 06:00:00+08:00
1785882600000,74.16,74.23,74.01,74.1,2021.762852,2026-08-05 06:30:00+08:00
1785884400000,74.11,74.29,73.9,73.91,7052.299053,2026-08-05 07:00:00+08:00
1785886200000,73.91,73.95,73.75,73.76,7513.798722,2026-08-05 07:30:00+08:00
1785888000000,73.75,73.81,73.57,73.64,6143.946549,2026-08-05 08:00:00+08:00
1785889800000,73.65,73.8,73.48,73.53,4909.481887,2026-08-05 08:30:00+08:00
1785891600000,73.52,73.73,73.4,73.72,4908.801011,2026-08-05 09:00:00+08:00
1785893400000,73.73,74.12,73.72,74.11,8014.172517,2026-08-05 09:30:00+08:00
1785895200000,74.12,74.38,74.07,74.21,16383.557846,2026-08-05 10:00:00+08:00
1785897000000,74.21,74.49,74.18,74.22,10636.043227,2026-08-05 10:30:00+08:00
1785898800000,74.21,74.3,73.74,73.76,14757.460406,2026-08-05 11:00:00+08:00
1785900600000,73.75,73.85,73.72,73.8,4338.532141,2026-08-05 11:30:00+08:00
1785902400000,73.8,73.82,73.63,73.69,4127.867043,2026-08-05 12:00:00+08:00
1785904200000,73.69,73.87,73.69,73.81,3582.16191,2026-08-05 12:30:00+08:00
1785906000000,73.81,74.29,73.76,74.18,17871.378441,2026-08-05 13:00:00+08:00
1785907800000,74.17,74.21,74.04,74.15,5580.661493,2026-08-05 13:30:00+08:00
1785909600000,74.15,74.15,74.04,74.14,2861.99039,2026-08-05 14:00:00+08:00
1785911400000,74.14,74.25,73.98,74.0,5408.702899,2026-08-05 14:30:00+08:00
1785913200000,74.0,74.04,73.69,73.73,10108.223362,2026-08-05 15:00:00+08:00
1785915000000,73.73,73.99,73.7,73.99,8533.287051,2026-08-05 15:30:00+08:00
1785916800000,73.99,74.16,73.96,74.15,7071.651985,2026-08-05 16:00:00+08:00
1785918600000,74.15,74.16,74.02,74.08,4679.760966,2026-08-05 16:30:00+08:00
1785920400000,74.08,74.2,74.01,74.16,6997.438305,2026-08-05 17:00:00+08:00
1785922200000,74.17,74.2,74.01,74.03,2881.689943,2026-08-05 17:30:00+08:00
1785924000000,74.03,74.11,73.92,74.07,2563.837752,2026-08-05 18:00:00+08:00
1785925800000,74.06,74.14,73.79,73.86,3296.353692,2026-08-05 18:30:00+08:00
1785927600000,73.86,74.0,73.81,73.82,4041.018416,2026-08-05 19:00:00+08:00
1785929400000,73.81,73.9,73.74,73.78,3482.887227,2026-08-05 19:30:00+08:00
1785931200000,73.78,74.39,73.73,74.29,18585.72629,2026-08-05 20:00:00+08:00
1785933000000,74.29,74.32,74.0,74.08,10002.534653,2026-08-05 20:30:00+08:00
1785934800000,74.08,74.11,73.73,73.79,9729.916458,2026-08-05 21:00:00+08:00
1785936600000,73.78,73.99,73.27,73.99,34150.189007,2026-08-05 21:30:00+08:00
1785938400000,73.98,74.15,73.77,73.82,19091.505037,2026-08-05 22:00:00+08:00
1785940200000,73.81,74.05,73.62,73.96,17949.121085,2026-08-05 22:30:00+08:00
1785942000000,73.96,74.23,73.84,74.03,11623.703573,2026-08-05 23:00:00+08:00
1785943800000,74.04,74.31,73.95,73.96,13826.124011,2026-08-05 23:30:00+08:00
1785945600000,73.96,74.43,73.95,74.4,8074.803072,2026-08-06 00:00:00+08:00
1785947400000,74.41,74.44,74.19,74.28,8345.448812,2026-08-06 00:30:00+08:00
1785949200000,74.29,74.42,74.14,74.21,4908.436967,2026-08-06 01:00:00+08:00
1785951000000,74.2,74.66,74.17,74.56,9753.788329,2026-08-06 01:30:00+08:00
1785952800000,74.56,74.83,74.42,74.53,12187.85743,2026-08-06 02:00:00+08:00
1785954600000,74.52,74.68,74.47,74.53,4176.837879,2026-08-06 02:30:00+08:00
1785956400000,74.53,74.64,74.45,74.47,3392.426135,2026-08-06 03:00:00+08:00
1785958200000,74.48,74.57,74.42,74.48,4841.277824,2026-08-06 03:30:00+08:00
1785960000000,74.48,74.59,74.3,74.43,12867.903269,2026-08-06 04:00:00+08:00
1785961800000,74.42,74.54,74.38,74.39,7329.94377,2026-08-06 04:30:00+08:00
1785963600000,74.39,74.39,74.1,74.13,4998.116047,2026-08-06 05:00:00+08:00
1785965400000,74.14,74.23,74.08,74.14,3610.332232,2026-08-06 05:30:00+08:00
1785967200000,74.14,74.2,74.0,74.05,2470.524625,2026-08-06 06:00:00+08:00
1785969000000,74.06,74.13,74.02,74.02,3423.643023,2026-08-06 06:30:00+08:00
1785970800000,74.02,74.07,73.86,74.03,6271.205072,2026-08-06 07:00:00+08:00
1785972600000,74.04,74.12,73.99,74.04,6404.108989,2026-08-06 07:30:00+08:00
1785974400000,74.05,74.27,74.04,74.2,4390.144218,2026-08-06 08:00:00+08:00
1785976200000,74.2,74.23,74.03,74.08,4889.469715,2026-08-06 08:30:00+08:00
1785978000000,74.08,74.12,73.77,73.78,7648.301061,2026-08-06 09:00:00+08:00
1785979800000,73.79,73.94,73.73,73.77,12289.660182,2026-08-06 09:30:00+08:00
1785981600000,73.77,73.79,73.42,73.45,19617.739168,2026-08-06 10:00:00+08:00
1785983400000,73.45,73.62,73.4,73.56,9186.915035,2026-08-06 10:30:00+08:00
1785985200000,73.56,73.57,73.45,73.55,8043.429408,2026-08-06 11:00:00+08:00
1785987000000,73.56,73.61,73.46,73.49,7571.724313,2026-08-06 11:30:00+08:00
1785988800000,73.5,73.83,73.41,73.8,10415.32947,2026-08-06 12:00:00+08:00
1785990600000,73.81,73.88,73.7,73.88,3201.802507,2026-08-06 12:30:00+08:00
1785992400000,73.89,74.35,73.87,74.15,14024.423828,2026-08-06 13:00:00+08:00
1785994200000,74.13,74.24,74.09,74.24,3779.955246,2026-08-06 13:30:00+08:00
1785996000000,74.24,74.25,73.96,74.08,5089.687052,2026-08-06 14:00:00+08:00
1785997800000,74.08,74.12,74.02,74.05,2685.46187,2026-08-06 14:30:00+08:00
1785999600000,74.05,74.13,74.0,74.08,5163.280668,2026-08-06 15:00:00+08:00
1786001400000,74.08,74.08,73.87,73.89,5951.752514,2026-08-06 15:30:00+08:00
1786003200000,73.89,73.91,73.7,73.81,15048.336448,2026-08-06 16:00:00+08:00
1786005000000,73.81,74.1,73.76,74.0,7530.429766,2026-08-06 16:30:00+08:00
1786006800000,74.0,74.0,73.51,73.54,14032.683485,2026-08-06 17:00:00+08:00
1786008600000,73.54,73.54,73.2,73.31,29636.245757,2026-08-06 17:30:00+08:00
1786010400000,73.31,73.42,73.17,73.4,14475.858005,2026-08-06 18:00:00+08:00
1786012200000,73.41,73.44,73.25,73.32,4128.563515,2026-08-06 18:30:00+08:00
1786014000000,73.33,73.48,73.19,73.39,4262.858605,2026-08-06 19:00:00+08:00
1786015800000,73.4,73.57,73.4,73.46,1843.917153,2026-08-06 19:30:00+08:00
1786017600000,73.47,73.48,73.24,73.4,3844.555101,2026-08-06 20:00:00+08:00
1786019400000,73.4,73.45,73.14,73.15,4833.701169,2026-08-06 20:30:00+08:00
1786021200000,73.15,73.19,72.85,72.97,13978.302779,2026-08-06 21:00:00+08:00
1786023000000,72.96,73.33,72.87,73.26,10597.796285,2026-08-06 21:30:00+08:00
1786024800000,73.25,73.38,73.16,73.19,23567.74549,2026-08-06 22:00:00+08:00
1786026600000,73.18,73.58,73.1,73.47,14400.261546,2026-08-06 22:30:00+08:00
1786028400000,73.47,73.62,73.36,73.53,8724.054042,2026-08-06 23:00:00+08:00
1786030200000,73.53,73.62,73.31,73.32,6083.819875,2026-08-06 23:30:00+08:00
1786032000000,73.32,73.39,73.1,73.32,14546.349046,2026-08-07 00:00:00+08:00
1786033800000,73.32,73.49,73.27,73.44,5578.374527,2026-08-07 00:30:00+08:00
1786035600000,73.45,73.55,73.34,73.34,3964.156936,2026-08-07 01:00:00+08:00
1786037400000,73.33,73.39,73.06,73.2,5850.758584,2026-08-07 01:30:00+08:00
1786039200000,73.2,73.23,72.97,73.12,9065.167399,2026-08-07 02:00:00+08:00
1786041000000,73.11,73.12,72.73,72.81,20527.196996,2026-08-07 02:30:00+08:00
1786042800000,72.82,72.86,72.56,72.62,12438.974547,2026-08-07 03:00:00+08:00
1786044600000,72.62,72.97,72.6,72.81,10707.904896,2026-08-07 03:30:00+08:00
1786046400000,72.81,72.98,72.81,72.91,8573.277898,2026-08-07 04:00:00+08:00
1786048200000,72.91,72.99,72.84,72.85,4614.298277,2026-08-07 04:30:00+08:00
1786050000000,72.85,73.0,72.79,72.97,10358.478895,2026-08-07 05:00:00+08:00
1786051800000,72.96,72.99,72.81,72.88,7328.786858,2026-08-07 05:30:00+08:00
1786053600000,72.88,72.89,72.66,72.7,2958.499604,2026-08-07 06:00:00+08:00
1786055400000,72.71,72.78,72.68,72.7,5858.665287,2026-08-07 06:30:00+08:00
1786057200000,72.69,72.74,72.35,72.4,13788.789758,2026-08-07 07:00:00+08:00
1786059000000,72.4,72.72,72.35,72.7,6427.034929,2026-08-07 07:30:00+08:00
1786060800000,72.7,72.82,72.59,72.67,3842.129221,2026-08-07 08:00:00+08:00
1786062600000,72.66,72.75,72.57,72.67,3918.748009,2026-08-07 08:30:00+08:00
1786064400000,72.67,72.85,72.63,72.76,5355.385375,2026-08-07 09:00:00+08:00
1786066200000,72.76,72.88,72.59,72.75,7319.995509,2026-08-07 09:30:00+08:00
1786068000000,72.75,72.94,72.5,72.63,7054.42772,2026-08-07 10:00:00+08:00
1786069800000,72.63,72.8,72.59,72.71,5009.007842,2026-08-07 10:30:00+08:00
1786071600000,72.71,72.75,72.61,72.69,1948.587054,2026-08-07 11:00:00+08:00
1786073400000,72.68,72.77,72.55,72.64,4377.678201,2026-08-07 11:30:00+08:00
1786075200000,72.63,72.8,72.52,72.74,3137.269712,2026-08-07 12:00:00+08:00
1786077000000,72.74,72.79,72.59,72.67,5843.258461,2026-08-07 12:30:00+08:00
1786078800000,72.68,72.75,72.54,72.56,6233.317435,2026-08-07 13:00:00+08:00
1786080600000,72.55,72.96,72.44,72.88,12731.758046,2026-08-07 13:30:00+08:00
1786082400000,72.88,73.08,72.83,73.02,8388.535266,2026-08-07 14:00:00+08:00
1786084200000,73.03,73.05,72.81,72.84,7541.121966,2026-08-07 14:30:00+08:00
1786086000000,72.84,73.0,72.76,72.98,6763.694281,2026-08-07 15:00:00+08:00
1786087800000,72.98,73.03,72.92,72.94,7173.309282,2026-08-07 15:30:00+08:00
1786089600000,72.93,73.03,72.91,72.96,4704.06683,2026-08-07 16:00:00+08:00
1786091400000,72.97,73.32,72.97,73.2,5809.50742,2026-08-07 16:30:00+08:00
1786093200000,73.2,73.64,73.19,73.53,11849.723924,2026-08-07 17:00:00+08:00
1786095000000,73.54,73.74,73.53,73.62,11906.88666,2026-08-07 17:30:00+08:00
1786096800000,73.63,73.77,73.53,73.63,8145.830225,2026-08-07 18:00:00+08:00
1786098600000,73.63,73.64,73.49,73.52,7695.002506,2026-08-07 18:30:00+08:00
1786100400000,73.53,73.77,73.52,73.62,8996.220697,2026-08-07 19:00:00+08:00
1786102200000,73.62,73.68,73.56,73.63,6998.00098,2026-08-07 19:30:00+08:00
1786104000000,73.64,74.1,73.63,74.02,27784.305031,2026-08-07 20:00:00+08:00
1786105800000,74.02,74.37,73.65,73.91,35293.806211,2026-08-07 20:30:00+08:00
1786107600000,73.91,73.96,73.8,73.88,7936.095379,2026-08-07 21:00:00+08:00
1786109400000,73.88,74.35,73.84,74.14,29215.644244,2026-08-07 21:30:00+08:00
1786111200000,74.13,74.17,73.62,74.13,22014.589107,2026-08-07 22:00:00+08:00
1786113000000,74.13,74.23,73.57,73.72,21092.454271,2026-08-07 22:30:00+08:00
1786114800000,73.73,73.95,73.71,73.78,9163.425823,2026-08-07 23:00:00+08:00
1786116600000,73.77,73.98,73.73,73.9,4282.16903,2026-08-07 23:30:00+08:00
1786118400000,73.91,74.13,73.84,73.86,8780.22834,2026-08-08 00:00:00+08:00
1786120200000,73.87,73.9,73.59,73.59,8176.339398,2026-08-08 00:30:00+08:00
1786122000000,73.58,73.59,73.27,73.29,11200.763119,2026-08-08 01:00:00+08:00
1786123800000,73.28,73.45,73.2,73.44,10896.94681,2026-08-08 01:30:00+08:00
1786125600000,73.43,73.58,73.41,73.49,5695.203116,2026-08-08 02:00:00+08:00
1786127400000,73.5,73.52,73.28,73.42,2865.123716,2026-08-08 02:30:00+08:00
1786129200000,73.42,73.89,73.41,73.83,9350.171887,2026-08-08 03:00:00+08:00
1786131000000,73.84,74.04,73.79,74.02,12459.410672,2026-08-08 03:30:00+08:00
1786132800000,74.03,74.1,73.96,74.01,8333.244373,2026-08-08 04:00:00+08:00
1786134600000,74.01,74.01,73.8,73.83,4079.348912,2026-08-08 04:30:00+08:00
1786136400000,73.84,73.89,73.64,73.74,8645.601935,2026-08-08 05:00:00+08:00
1786138200000,73.73,73.86,73.61,73.67,6690.217769,2026-08-08 05:30:00+08:00
1786140000000,73.67,73.74,73.6,73.69,3535.709383,2026-08-08 06:00:00+08:00
1786141800000,73.69,73.7,73.6,73.65,2103.403957,2026-08-08 06:30:00+08:00
1786143600000,73.66,73.76,73.65,73.65,2662.971924,2026-08-08 07:00:00+08:00
1786145400000,73.64,73.79,73.62,73.68,3743.785415,2026-08-08 07:30:00+08:00
1786147200000,73.67,73.74,73.59,73.67,6213.593783,2026-08-08 08:00:00+08:00
1786149000000,73.66,73.76,73.64,73.72,5448.593293,2026-08-08 08:30:00+08:00
1786150800000,73.73,73.84,73.69,73.84,5195.839823,2026-08-08 09:00:00+08:00
1786152600000,73.83,73.96,73.81,73.89,4785.424829,2026-08-08 09:30:00+08:00
1786154400000,73.89,73.97,73.88,73.95,3919.478342,2026-08-08 10:00:00+08:00
1786156200000,73.95,73.98,73.85,73.86,5555.787887,2026-08-08 10:30:00+08:00
1786158000000,73.87,74.2,73.86,74.15,7874.268334,2026-08-08 11:00:00+08:00
1786159800000,74.16,75.0,74.16,74.83,53579.223525,2026-08-08 11:30:00+08:00
1786161600000,74.84,75.14,74.6,74.61,44390.711484,2026-08-08 12:00:00+08:00
1786163400000,74.6,74.76,74.6,74.65,7210.17393,2026-08-08 12:30:00+08:00
1786165200000,74.65,74.72,74.53,74.7,6291.951891,2026-08-08 13:00:00+08:00
1786167000000,74.69,74.76,74.49,74.66,9124.812095,2026-08-08 13:30:00+08:00
1786168800000,74.67,74.75,74.57,74.75,5022.465212,2026-08-08 14:00:00+08:00
1786170600000,74.75,74.84,74.68,74.72,8213.694417,2026-08-08 14:30:00+08:00
1786172400000,74.73,74.83,74.67,74.7,5594.385191,2026-08-08 15:00:00+08:00
1786174200000,74.7,74.83,74.65,74.81,3797.947394,2026-08-08 15:30:00+08:00
1786176000000,74.82,74.84,74.69,74.84,4973.835496,2026-08-08 16:00:00+08:00
1786177800000,74.83,74.93,74.71,74.8,7152.371534,2026-08-08 16:30:00+08:00
1786179600000,74.81,74.96,74.8,74.95,4406.385684,2026-08-08 17:00:00+08:00
1786181400000,74.95,75.02,74.83,74.86,5854.433599,2026-08-08 17:30:00+08:00
1786183200000,74.87,75.02,74.87,74.99,6170.905672,2026-08-08 18:00:00+08:00
1786185000000,74.99,75.17,74.94,75.09,9101.346137,2026-08-08 18:30:00+08:00
1786186800000,75.08,75.66,75.06,75.26,30670.053677,2026-08-08 19:00:00+08:00
1786188600000,75.25,75.7,75.19,75.6,15845.338794,2026-08-08 19:30:00+08:00
1786190400000,75.6,75.67,75.36,75.38,21672.75275,2026-08-08 20:00:00+08:00
1786192200000,75.39,75.6,75.39,75.44,5829.414576,2026-08-08 20:30:00+08:00
1786194000000,75.44,75.53,75.42,75.52,5004.241771,2026-08-08 21:00:00+08:00
1786195800000,75.52,75.56,75.44,75.54,6706.153854,2026-08-08 21:30:00+08:00
1786197600000,75.54,75.88,75.54,75.82,13916.224269,2026-08-08 22:00:00+08:00
1786199400000,75.82,76.62,75.79,76.48,33332.996424,2026-08-08 22:30:00+08:00
1786201200000,76.49,76.82,76.42,76.49,26605.003136,2026-08-08 23:00:00+08:00
1786203000000,76.5,76.51,76.24,76.39,15027.776585,2026-08-08 23:30:00+08:00
1786204800000,76.39,76.5,76.25,76.31,10956.737614,2026-08-09 00:00:00+08:00
1786206600000,76.31,76.4,76.16,76.37,7774.055715,2026-08-09 00:30:00+08:00
1786208400000,76.38,76.45,76.27,76.45,8986.023727,2026-08-09 01:00:00+08:00
1786210200000,76.44,76.49,76.34,76.39,4957.644144,2026-08-09 01:30:00+08:00
1786212000000,76.38,76.38,76.08,76.08,7421.833418,2026-08-09 02:00:00+08:00
1786213800000,76.09,76.2,76.08,76.14,3614.347975,2026-08-09 02:30:00+08:00
1786215600000,76.14,76.16,76.0,76.01,5950.316539,2026-08-09 03:00:00+08:00
1786217400000,76.0,76.31,75.98,76.16,12820.519952,2026-08-09 03:30:00+08:00
1786219200000,76.16,76.28,76.15,76.18,3180.511242,2026-08-09 04:00:00+08:00
1786221000000,76.18,76.27,76.18,76.27,3452.544095,2026-08-09 04:30:00+08:00
1786222800000,76.26,76.36,76.25,76.33,4669.120498,2026-08-09 05:00:00+08:00
1786224600000,76.33,76.33,76.15,76.22,3491.81883,2026-08-09 05:30:00+08:00
1786226400000,76.22,76.29,76.18,76.24,2851.578167,2026-08-09 06:00:00+08:00
1786228200000,76.25,76.27,75.87,75.92,6682.971902,2026-08-09 06:30:00+08:00
1786230000000,75.92,75.94,75.79,75.91,6859.256746,2026-08-09 07:00:00+08:00
1786231800000,75.9,76.09,75.89,76.01,4215.298766,2026-08-09 07:30:00+08:00
1786233600000,76.02,76.06,75.9,75.93,5369.297027,2026-08-09 08:00:00+08:00
1786235400000,75.92,76.02,75.85,76.01,4236.57045,2026-08-09 08:30:00+08:00
1786237200000,76.02,76.09,75.78,75.78,12577.480567,2026-08-09 09:00:00+08:00
1786239000000,75.78,75.93,75.75,75.89,4523.446462,2026-08-09 09:30:00+08:00
1786240800000,75.89,75.95,75.8,75.93,6788.784799,2026-08-09 10:00:00+08:00
1786242600000,75.92,76.0,75.82,75.88,7210.464333,2026-08-09 10:30:00+08:00
1786244400000,75.88,76.01,75.77,76.0,3942.727079,2026-08-09 11:00:00+08:00
1786246200000,76.0,76.06,75.97,76.0,5650.510526,2026-08-09 11:30:00+08:00
1786248000000,75.99,76.12,75.99,76.08,10851.498,2026-08-09 12:00:00+08:00
1786249800000,76.07,76.07,75.96,75.98,2785.274163,2026-08-09 12:30:00+08:00
1786251600000,75.98,76.05,75.95,75.96,6726.246643,2026-08-09 13:00:00+08:00
1786253400000,75.96,76.04,75.89,76.01,4813.140775,2026-08-09 13:30:00+08:00
1786255200000,76.01,76.29,75.97,76.24,10057.587294,2026-08-09 14:00:00+08:00
1786257000000,76.25,76.49,76.24,76.42,11823.745327,2026-08-09 14:30:00+08:00
1786258800000,76.42,76.49,76.32,76.38,8078.3674,2026-08-09 15:00:00+08:00
1786260600000,76.38,76.39,76.24,76.36,4455.470328,2026-08-09 15:30:00+08:00
1786262400000,76.36,76.57,76.34,76.38,8114.505098,2026-08-09 16:00:00+08:00
1786264200000,76.38,76.44,76.11,76.33,11471.310634,2026-08-09 16:30:00+08:00
1786266000000,76.32,76.47,76.26,76.26,6181.745596,2026-08-09 17:00:00+08:00
1786267800000,76.26,76.54,76.25,76.44,8912.636691,2026-08-09 17:30:00+08:00
1786269600000,76.45,76.66,76.42,76.52,7857.802063,2026-08-09 18:00:00+08:00
1786271400000,76.52,76.54,76.37,76.39,5429.27243,2026-08-09 18:30:00+08:00
1786273200000,76.39,76.49,76.34,76.46,2935.837474,2026-08-09 19:00:00+08:00
1786275000000,76.47,76.54,76.44,76.51,3718.422475,2026-08-09 19:30:00+08:00
1786276800000,76.5,76.6,76.43,76.43,4735.473158,2026-08-09 20:00:00+08:00
1786278600000,76.43,76.43,76.32,76.37,4849.483271,2026-08-09 20:30:00+08:00
1786280400000,76.36,76.88,76.35,76.72,14374.012077,2026-08-09 21:00:00+08:00
1786282200000,76.73,76.76,76.57,76.57,4618.347817,2026-08-09 21:30:00+08:00
1786284000000,76.58,76.73,76.57,76.69,6142.123914,2026-08-09 22:00:00+08:00
1786285800000,76.7,77.08,76.68,77.03,25127.285845,2026-08-09 22:30:00+08:00
1786287600000,77.03,77.1,76.85,76.92,9249.180178,2026-08-09 23:00:00+08:00
1786289400000,76.93,77.46,76.9,77.42,45697.466429,2026-08-09 23:30:00+08:00
1786291200000,77.43,77.58,77.09,77.1,25220.122979,2026-08-10 00:00:00+08:00
1786293000000,77.11,77.36,77.1,77.34,11581.403596,2026-08-10 00:30:00+08:00
1786294800000,77.34,77.34,77.22,77.26,7107.581275,2026-08-10 01:00:00+08:00
1786296600000,77.27,77.33,77.14,77.18,5767.345975,2026-08-10 01:30:00+08:00
1786298400000,77.18,77.24,77.1,77.2,4343.86378,2026-08-10 02:00:00+08:00
1786300200000,77.2,77.25,77.12,77.21,2617.304131,2026-08-10 02:30:00+08:00
1786302000000,77.2,77.3,77.14,77.28,2697.414982,2026-08-10 03:00:00+08:00
1786303800000,77.28,77.37,77.23,77.24,4626.935361,2026-08-10 03:30:00+08:00
1786305600000,77.23,77.25,77.07,77.21,3550.258061,2026-08-10 04:00:00+08:00
1786307400000,77.21,77.3,77.21,77.26,5560.744912,2026-08-10 04:30:00+08:00
1786309200000,77.27,77.39,77.16,77.39,3916.986143,2026-08-10 05:00:00+08:00
1786311000000,77.39,77.51,77.34,77.36,4932.775466,2026-08-10 05:30:00+08:00
1786312800000,77.37,77.86,77.37,77.44,15398.571022,2026-08-10 06:00:00+08:00
1786314600000,77.45,77.49,76.66,76.82,20344.031989,2026-08-10 06:30:00+08:00
1786316400000,76.8,76.91,76.37,76.42,11294.252043,2026-08-10 07:00:00+08:00
1786318200000,76.42,76.52,76.21,76.28,23014.795957,2026-08-10 07:30:00+08:00
1786320000000,76.27,77.04,76.22,76.58,22489.111576,2026-08-10 08:00:00+08:00
1786321800000,76.57,76.67,76.32,76.55,11295.704983,2026-08-10 08:30:00+08:00
1786323600000,76.55,76.83,76.47,76.62,8483.797009,2026-08-10 09:00:00+08:00
1786325400000,76.62,77.16,76.41,76.93,10242.190593,2026-08-10 09:30:00+08:00
1786327200000,76.93,76.95,76.45,76.54,14078.431367,2026-08-10 10:00:00+08:00
1786329000000,76.54,76.89,76.54,76.83,7023.892328,2026-08-10 10:30:00+08:00
1786330800000,76.82,76.93,76.38,76.72,16110.438526,2026-08-10 11:00:00+08:00
1786332600000,76.72,76.85,76.57,76.63,6240.929482,2026-08-10 11:30:00+08:00
1786334400000,76.64,76.75,76.61,76.63,5456.335693,2026-08-10 12:00:00+08:00
1786336200000,76.64,76.67,76.45,76.56,7905.633885,2026-08-10 12:30:00+08:00
1786338000000,76.56,76.79,76.55,76.78,4442.360923,2026-08-10 13:00:00+08:00
1786339800000,76.78,76.97,76.73,76.88,4092.823974,2026-08-10 13:30:00+08:00
1786341600000,76.88,77.06,76.82,76.9,6613.469038,2026-08-10 14:00:00+08:00
1786343400000,76.9,77.03,76.89,77.0,6524.312905,2026-08-10 14:30:00+08:00
1786345200000,77.0,77.02,76.84,77.0,4432.574181,2026-08-10 15:00:00+08:00
1786347000000,76.99,77.11,76.93,76.99,10458.191918,2026-08-10 15:30:00+08:00
1786348800000,76.99,77.17,76.87,76.97,15011.860751,2026-08-10 16:00:00+08:00
1786350600000,76.97,77.0,76.69,76.96,14262.04398,2026-08-10 16:30:00+08:00
1786352400000,76.95,77.03,76.84,76.84,5009.068226,2026-08-10 17:00:00+08:00
1786354200000,76.84,76.84,76.57,76.57,12750.566338,2026-08-10 17:30:00+08:00
1786356000000,76.58,76.69,76.54,76.65,7797.230975,2026-08-10 18:00:00+08:00
1786357800000,76.66,76.87,76.59,76.82,6400.211785,2026-08-10 18:30:00+08:00
1786359600000,76.83,76.9,76.68,76.88,7502.95274,2026-08-10 19:00:00+08:00
1786361400000,76.88,77.06,76.84,77.06,5277.992956,2026-08-10 19:30:00+08:00
1786363200000,77.06,77.13,76.88,76.89,15327.313884,2026-08-10 20:00:00+08:00
1786365000000,76.89,76.89,76.61,76.65,14670.980407,2026-08-10 20:30:00+08:00
1786366800000,76.64,76.77,76.6,76.7,8493.258573,2026-08-10 21:00:00+08:00
1786368600000,76.7,76.72,76.12,76.32,42029.038933,2026-08-10 21:30:00+08:00
1786370400000,76.32,76.7,76.29,76.65,12538.128395,2026-08-10 22:00:00+08:00
1786372200000,76.64,76.69,76.24,76.27,19086.726743,2026-08-10 22:30:00+08:00
1786374000000,76.26,76.43,75.8,76.02,45779.296867,2026-08-10 23:00:00+08:00
1786375800000,76.01,76.15,75.87,75.95,24805.011272,2026-08-10 23:30:00+08:00
1786377600000,75.95,76.09,75.59,75.74,32988.739265,2026-08-11 00:00:00+08:00
1786379400000,75.75,75.99,75.61,75.7,24902.206437,2026-08-11 00:30:00+08:00
1786381200000,75.71,76.07,75.62,75.94,18547.753336,2026-08-11 01:00:00+08:00
1786383000000,75.93,76.11,75.92,75.97,15355.812115,2026-08-11 01:30:00+08:00
1786384800000,75.97,76.07,75.93,75.98,10754.427449,2026-08-11 02:00:00+08:00
1786386600000,75.97,76.0,75.72,75.82,18965.701405,2026-08-11 02:30:00+08:00
1786388400000,75.82,76.11,75.81,76.11,15873.712727,2026-08-11 03:00:00+08:00
1786390200000,76.11,76.27,76.1,76.2,13726.080534,2026-08-11 03:30:00+08:00
1786392000000,76.2,76.35,76.17,76.33,14458.41956,2026-08-11 04:00:00+08:00
1786393800000,76.33,76.5,76.31,76.44,7174.32301,2026-08-11 04:30:00+08:00
1786395600000,76.43,76.49,76.32,76.43,4827.116785,2026-08-11 05:00:00+08:00
1786397400000,76.43,76.49,76.29,76.3,8715.79393,2026-08-11 05:30:00+08:00
1786399200000,76.3,76.37,76.11,76.21,7101.753422,2026-08-11 06:00:00+08:00
1786401000000,76.2,76.22,76.04,76.21,4047.375492,2026-08-11 06:30:00+08:00
1786402800000,76.22,76.22,76.05,76.12,6631.665305,2026-08-11 07:00:00+08:00
1786404600000,76.12,76.12,75.98,76.0,6590.038995,2026-08-11 07:30:00+08:00
1786406400000,76.01,76.03,75.77,76.03,6757.519703,2026-08-11 08:00:00+08:00
1786408200000,76.03,76.04,75.86,75.89,8186.797308,2026-08-11 08:30:00+08:00
1786410000000,75.9,75.99,75.71,75.96,9469.879277,2026-08-11 09:00:00+08:00
1786411800000,75.96,76.11,75.8,76.11,4634.226591,2026-08-11 09:30:00+08:00
1786413600000,76.11,76.15,75.99,76.01,4527.562743,2026-08-11 10:00:00+08:00
1786415400000,76.02,76.13,76.0,76.04,2489.922726,2026-08-11 10:30:00+08:00
1786417200000,76.04,76.25,76.04,76.19,3798.386202,2026-08-11 11:00:00+08:00
1786419000000,76.19,76.2,76.08,76.09,1953.591993,2026-08-11 11:30:00+08:00
1786420800000,76.09,76.2,76.08,76.14,2562.739812,2026-08-11 12:00:00+08:00
1786422600000,76.14,76.23,76.08,76.09,2295.944026,2026-08-11 12:30:00+08:00
1786424400000,76.09,76.09,75.8,75.81,5030.96356,2026-08-11 13:00:00+08:00
1786426200000,75.81,75.96,75.79,75.81,3813.114862,2026-08-11 13:30:00+08:00
1786428000000,75.82,76.03,75.72,75.97,10237.293932,2026-08-11 14:00:00+08:00
1786429800000,75.98,76.0,75.66,75.82,11809.882763,2026-08-11 14:30:00+08:00
1786431600000,75.82,75.87,75.43,75.45,10266.981458,2026-08-11 15:00:00+08:00
1786433400000,75.45,75.77,75.45,75.69,5060.622485,2026-08-11 15:30:00+08:00
1786435200000,75.7,75.77,75.63,75.74,5313.631146,2026-08-11 16:00:00+08:00
1786437000000,75.73,75.99,75.73,75.94,5828.475107,2026-08-11 16:30:00+08:00
1786438800000,75.94,75.95,75.72,75.77,14286.859603,2026-08-11 17:00:00+08:00
1786440600000,75.77,75.89,75.68,75.89,15361.32405,2026-08-11 17:30:00+08:00
1786442400000,75.89,75.99,75.77,75.98,5627.767452,2026-08-11 18:00:00+08:00
1786444200000,75.99,76.07,75.82,75.95,8965.728195,2026-08-11 18:30:00+08:00
1786446000000,75.95,76.36,75.95,76.14,11504.002228,2026-08-11 19:00:00+08:00
1786447800000,76.15,76.24,76.11,76.22,6883.074804,2026-08-11 19:30:00+08:00
1786449600000,76.22,76.25,75.84,75.88,8517.457908,2026-08-11 20:00:00+08:00
1786451400000,75.88,75.94,75.81,75.87,5999.523281,2026-08-11 20:30:00+08:00
1786453200000,75.87,76.04,75.73,75.89,7826.007218,2026-08-11 21:00:00+08:00
1786455000000,75.89,76.11,75.74,76.02,14608.830824,2026-08-11 21:30:00+08:00
1786456800000,76.02,76.15,75.57,75.63,14930.441898,2026-08-11 22:00:00+08:00
1786458600000,75.62,75.66,75.09,75.21,24085.721857,2026-08-11 22:30:00+08:00
1786460400000,75.2,75.41,75.1,75.36,20865.117826,2026-08-11 23:00:00+08:00
1786462200000,75.36,75.39,74.63,74.93,32044.162549,2026-08-11 23:30:00+08:00
1786464000000,74.93,75.08,74.79,74.97,11558.23924,2026-08-12 00:00:00+08:00
1786465800000,74.98,75.03,74.88,74.94,7334.485175,2026-08-12 00:30:00+08:00
1786467600000,74.94,75.1,74.93,75.08,4901.594378,2026-08-12 01:00:00+08:00
1786469400000,75.08,75.21,74.99,75.17,10355.217865,2026-08-12 01:30:00+08:00
1786471200000,75.17,75.35,75.15,75.21,4513.347722,2026-08-12 02:00:00+08:00
1786473000000,75.22,75.32,75.09,75.28,6630.38298,2026-08-12 02:30:00+08:00
1786474800000,75.28,75.31,75.07,75.28,5256.547362,2026-08-12 03:00:00+08:00
1786476600000,75.3,75.7,75.29,75.65,16601.583195,2026-08-12 03:30:00+08:00
1786478400000,75.67,76.26,75.66,76.09,42568.815087,2026-08-12 04:00:00+08:00
1786480200000,76.09,76.18,75.88,76.06,12826.559556,2026-08-12 04:30:00+08:00
1786482000000,76.06,76.19,76.02,76.05,13217.373989,2026-08-12 05:00:00+08:00
1786483800000,76.06,76.44,76.0,76.44,13032.335134,2026-08-12 05:30:00+08:00
1786485600000,76.44,76.68,76.37,76.43,15965.309254,2026-08-12 06:00:00+08:00
1786487400000,76.44,76.48,76.26,76.41,8912.508541,2026-08-12 06:30:00+08:00
1786489200000,76.41,76.41,76.2,76.28,4812.610932,2026-08-12 07:00:00+08:00
1786491000000,76.29,76.36,76.2,76.29,5888.913497,2026-08-12 07:30:00+08:00
1786492800000,76.3,76.34,76.23,76.27,9050.850009,2026-08-12 08:00:00+08:00
1786494600000,76.27,76.38,76.24,76.38,3336.230035,2026-08-12 08:30:00+08:00
1786496400000,76.38,76.52,76.34,76.37,5669.759164,2026-08-12 09:00:00+08:00
1786498200000,76.36,76.6,76.31,76.42,7055.789155,2026-08-12 09:30:00+08:00
1786500000000,76.43,76.58,76.42,76.55,10752.735458,2026-08-12 10:00:00+08:00
1786501800000,76.56,76.6,76.43,76.43,6036.246905,2026-08-12 10:30:00+08:00
1786503600000,76.44,76.53,76.27,76.3,7732.251965,2026-08-12 11:00:00+08:00
1786505400000,76.3,76.48,76.26,76.43,6633.832743,2026-08-12 11:30:00+08:00
1786507200000,76.43,76.58,76.38,76.38,4998.590495,2026-08-12 12:00:00+08:00
1786509000000,76.37,76.39,76.28,76.3,3023.700912,2026-08-12 12:30:00+08:00
1786510800000,76.31,76.37,76.19,76.29,3431.3609,2026-08-12 13:00:00+08:00
1786512600000,76.29,76.36,76.26,76.34,3956.13971,2026-08-12 13:30:00+08:00
1786514400000,76.33,76.37,76.16,76.18,3875.131709,2026-08-12 14:00:00+08:00
1786516200000,76.17,76.17,75.99,76.06,5276.263516,2026-08-12 14:30:00+08:00
1786518000000,76.06,76.17,76.04,76.04,3227.156963,2026-08-12 15:00:00+08:00
1786519800000,76.05,76.27,75.95,76.27,4892.67946,2026-08-12 15:30:00+08:00
1786521600000,76.26,76.47,76.22,76.42,7127.86644,2026-08-12 16:00:00+08:00
1786523400000,76.41,76.41,76.16,76.19,7081.707174,2026-08-12 16:30:00+08:00
1786525200000,76.2,76.77,76.14,76.77,13731.197887,2026-08-12 17:00:00+08:00
1786527000000,76.77,76.9,76.69,76.75,10074.023234,2026-08-12 17:30:00+08:00
1786528800000,76.75,76.87,76.67,76.75,9164.402549,2026-08-12 18:00:00+08:00
1786530600000,76.74,76.83,76.72,76.78,4831.096835,2026-08-12 18:30:00+08:00
1786532400000,76.78,76.87,76.7,76.83,3358.140724,2026-08-12 19:00:00+08:00
1786534200000,76.83,76.86,76.71,76.84,4893.149752,2026-08-12 19:30:00+08:00
1786536000000,76.84,77.29,76.84,77.17,21785.379508,2026-08-12 20:00:00+08:00
1786537800000,77.16,77.35,76.38,76.66,49032.399955,2026-08-12 20:30:00+08:00
1786539600000,76.66,76.68,76.4,76.45,16852.980858,2026-08-12 21:00:00+08:00
1786541400000,76.46,76.49,76.06,76.24,37778.962547,2026-08-12 21:30:00+08:00
1786543200000,76.23,76.25,75.75,75.78,28568.155585,2026-08-12 22:00:00+08:00
1786545000000,75.77,75.85,75.41,75.47,23341.898933,2026-08-12 22:30:00+08:00
1786546800000,75.47,75.88,75.38,75.74,14123.765132,2026-08-12 23:00:00+08:00
1786548600000,75.75,75.85,75.63,75.76,5605.263874,2026-08-12 23:30:00+08:00
1786550400000,75.75,75.86,75.66,75.78,4663.7199,2026-08-13 00:00:00+08:00
1786552200000,75.78,75.78,75.57,75.7,7271.398746,2026-08-13 00:30:00+08:00
1786554000000,75.7,75.84,75.68,75.84,6598.117246,2026-08-13 01:00:00+08:00
1786555800000,75.84,76.07,75.76,75.92,7577.278617,2026-08-13 01:30:00+08:00
1786557600000,75.92,76.03,75.89,75.98,9039.217958,2026-08-13 02:00:00+08:00
1786559400000,75.98,76.1,75.84,75.88,6677.04005,2026-08-13 02:30:00+08:00
1786561200000,75.89,76.01,75.75,75.85,7228.41057,2026-08-13 03:00:00+08:00
1786563000000,75.85,75.85,75.6,75.77,10941.773584,2026-08-13 03:30:00+08:00
1786564800000,75.77,75.89,75.75,75.88,3666.873541,2026-08-13 04:00:00+08:00
1786566600000,75.89,76.02,75.88,75.94,9884.704795,2026-08-13 04:30:00+08:00
1786568400000,75.94,76.01,75.45,75.55,9165.935667,2026-08-13 05:00:00+08:00
1786570200000,75.55,75.7,75.45,75.49,6928.685491,2026-08-13 05:30:00+08:00
1786572000000,75.49,75.67,75.34,75.59,4543.352773,2026-08-13 06:00:00+08:00
1786573800000,75.59,75.59,75.43,75.54,9205.993674,2026-08-13 06:30:00+08:00
1786575600000,75.54,75.59,75.39,75.49,21256.69268,2026-08-13 07:00:00+08:00
1786577400000,75.5,75.65,75.48,75.63,3374.502929,2026-08-13 07:30:00+08:00
1786579200000,75.63,75.87,75.6,75.8,9921.828044,2026-08-13 08:00:00+08:00
1786581000000,75.81,75.81,75.56,75.62,6660.331073,2026-08-13 08:30:00+08:00
1786582800000,75.62,75.76,75.48,75.54,7677.246213,2026-08-13 09:00:00+08:00
1786584600000,75.54,75.81,75.53,75.64,9890.489068,2026-08-13 09:30:00+08:00
1786586400000,75.64,75.71,75.56,75.67,5432.706563,2026-08-13 10:00:00+08:00
1786588200000,75.67,75.98,75.54,75.97,10725.894759,2026-08-13 10:30:00+08:00
1786590000000,75.98,76.25,75.97,76.23,23628.053184,2026-08-13 11:00:00+08:00
1786591800000,76.24,76.31,76.18,76.25,13925.89097,2026-08-13 11:30:00+08:00
1786593600000,76.26,76.28,76.0,76.09,13590.689861,2026-08-13 12:00:00+08:00
1786595400000,76.08,76.19,76.08,76.13,8842.15228,2026-08-13 12:30:00+08:00
1786597200000,76.13,76.37,76.09,76.37,10854.689146,2026-08-13 13:00:00+08:00
1786599000000,76.38,76.63,76.3,76.52,18414.625634,2026-08-13 13:30:00+08:00
1786600800000,76.52,76.55,76.42,76.42,8247.215363,2026-08-13 14:00:00+08:00
1786602600000,76.42,76.53,76.3,76.53,15298.885676,2026-08-13 14:30:00+08:00
1786604400000,76.53,76.54,76.4,76.5,16276.776389,2026-08-13 15:00:00+08:00
1786606200000,76.51,76.53,76.41,76.45,7353.321854,2026-08-13 15:30:00+08:00
1786608000000,76.45,76.49,76.24,76.27,5682.28291,2026-08-13 16:00:00+08:00
1786609800000,76.27,76.28,76.18,76.22,4107.908227,2026-08-13 16:30:00+08:00
1786611600000,76.22,76.22,75.9,76.02,7227.154239,2026-08-13 17:00:00+08:00
1786613400000,76.02,76.18,75.96,76.16,4914.404573,2026-08-13 17:30:00+08:00
1786615200000,76.17,76.19,75.84,75.84,14869.989565,2026-08-13 18:00:00+08:00
1786617000000,75.85,75.85,75.71,75.77,6950.87151,2026-08-13 18:30:00+08:00
1786618800000,75.77,75.77,75.58,75.62,6291.704785,2026-08-13 19:00:00+08:00
1786620600000,75.62,75.73,75.57,75.67,5391.33513,2026-08-13 19:30:00+08:00
1786622400000,75.67,75.93,75.65,75.88,5104.934763,2026-08-13 20:00:00+08:00
1786624200000,75.87,76.15,75.78,76.14,12685.307293,2026-08-13 20:30:00+08:00
1786626000000,76.14,76.23,76.04,76.08,7892.37111,2026-08-13 21:00:00+08:00
1786627800000,76.07,76.37,76.06,76.2,7396.729881,2026-08-13 21:30:00+08:00
1786629600000,76.2,76.46,76.14,76.29,6004.416312,2026-08-13 22:00:00+08:00
1786631400000,76.29,76.58,76.24,76.47,10263.238207,2026-08-13 22:30:00+08:00
1786633200000,76.47,76.54,75.98,76.07,11801.297302,2026-08-13 23:00:00+08:00
1786635000000,76.06,76.2,75.64,75.65,10231.138643,2026-08-13 23:30:00+08:00
1786636800000,75.65,75.88,75.53,75.67,13930.652671,2026-08-14 00:00:00+08:00
1786638600000,75.68,75.72,75.08,75.59,34748.154254,2026-08-14 00:30:00+08:00
1786640400000,75.6,75.89,75.56,75.83,10157.222127,2026-08-14 01:00:00+08:00
1786642200000,75.83,75.94,75.75,75.78,4219.089137,2026-08-14 01:30:00+08:00
1786644000000,75.78,75.96,75.75,75.77,3964.357567,2026-08-14 02:00:00+08:00
1786645800000,75.76,76.09,75.69,76.02,5573.970466,2026-08-14 02:30:00+08:00
1786647600000,76.02,76.28,75.98,76.13,7889.490586,2026-08-14 03:00:00+08:00
1786649400000,76.13,76.2,76.07,76.2,4123.401086,2026-08-14 03:30:00+08:00
1786651200000,76.21,76.34,76.15,76.27,6667.13715,2026-08-14 04:00:00+08:00
1786653000000,76.27,76.34,76.18,76.23,3061.065423,2026-08-14 04:30:00+08:00
1786654800000,76.23,76.31,76.16,76.18,3927.332525,2026-08-14 05:00:00+08:00
1786656600000,76.18,76.25,76.13,76.22,3723.066513,2026-08-14 05:30:00+08:00
1786658400000,76.22,76.45,76.21,76.41,5693.625078,2026-08-14 06:00:00+08:00
1786660200000,76.42,76.42,76.25,76.25,2376.541262,2026-08-14 06:30:00+08:00
1786662000000,76.26,76.26,76.15,76.24,3266.174157,2026-08-14 07:00:00+08:00
1786663800000,76.24,76.3,76.2,76.26,4510.424292,2026-08-14 07:30:00+08:00
1786665600000,76.27,76.33,76.11,76.11,6067.502467,2026-08-14 08:00:00+08:00
1786667400000,76.11,76.2,75.99,76.09,4514.576943,2026-08-14 08:30:00+08:00
1786669200000,76.09,76.11,75.92,76.0,5247.938711,2026-08-14 09:00:00+08:00
1786671000000,76.01,76.17,75.98,76.1,3682.77241,2026-08-14 09:30:00+08:00
1786672800000,76.1,76.2,75.99,76.05,5712.86323,2026-08-14 10:00:00+08:00
1786674600000,76.04,76.18,76.01,76.03,6960.478227,2026-08-14 10:30:00+08:00
1786676400000,76.03,76.07,75.8,75.98,15170.517983,2026-08-14 11:00:00+08:00
1786678200000,75.99,75.99,75.75,75.77,6998.519482,2026-08-14 11:30:00+08:00
1786680000000,75.76,76.03,75.75,75.95,3379.057098,2026-08-14 12:00:00+08:00
1786681800000,75.94,75.96,75.83,75.85,1481.591341,2026-08-14 12:30:00+08:00
1786683600000,75.85,75.93,75.81,75.88,3247.291578,2026-08-14 13:00:00+08:00
1786685400000,75.89,76.0,75.86,75.93,2923.539761,2026-08-14 13:30:00+08:00
1786687200000,75.93,75.93,75.61,75.63,4678.024042,2026-08-14 14:00:00+08:00
1786689000000,75.63,75.71,75.51,75.55,8786.476534,2026-08-14 14:30:00+08:00
1786690800000,75.54,75.73,75.5,75.7,5607.738592,2026-08-14 15:00:00+08:00
1786692600000,75.7,75.71,75.56,75.59,8016.943018,2026-08-14 15:30:00+08:00
1786694400000,75.6,75.72,75.57,75.66,3748.088316,2026-08-14 16:00:00+08:00
1786696200000,75.66,75.9,75.64,75.86,8769.114436,2026-08-14 16:30:00+08:00
1786698000000,75.87,75.88,75.7,75.71,5351.50796,2026-08-14 17:00:00+08:00
1786699800000,75.7,75.71,75.43,75.5,8501.657573,2026-08-14 17:30:00+08:00
1786701600000,75.49,75.65,75.45,75.54,7105.819693,2026-08-14 18:00:00+08:00
1786703400000,75.54,75.58,75.35,75.41,7659.238874,2026-08-14 18:30:00+08:00
1786705200000,75.4,75.6,75.4,75.55,5463.78646,2026-08-14 19:00:00+08:00
1786707000000,75.55,75.6,75.5,75.54,3269.264136,2026-08-14 19:30:00+08:00
1786708800000,75.53,75.58,75.35,75.55,5439.931363,2026-08-14 20:00:00+08:00
1786710600000,75.54,75.59,75.39,75.48,4606.492639,2026-08-14 20:30:00+08:00
1786712400000,75.47,75.49,75.31,75.36,9597.420356,2026-08-14 21:00:00+08:00
1786714200000,75.36,75.44,75.26,75.37,11106.41146,2026-08-14 21:30:00+08:00
1786716000000,75.37,75.42,75.05,75.25,10179.461316,2026-08-14 22:00:00+08:00
1786717800000,75.25,75.41,75.18,75.27,5635.834398,2026-08-14 22:30:00+08:00
1786719600000,75.27,75.56,75.2,75.56,4985.923168,2026-08-14 23:00:00+08:00
1786721400000,75.57,75.77,75.43,75.64,6371.69504,2026-08-14 23:30:00+08:00
1786723200000,75.65,75.72,75.55,75.58,5167.057613,2026-08-15 00:00:00+08:00
1786725000000,75.58,75.69,75.45,75.47,3552.316517,2026-08-15 00:30:00+08:00
1786726800000,75.48,75.68,75.45,75.61,3127.827018,2026-08-15 01:00:00+08:00
1786728600000,75.61,75.66,75.17,75.29,7599.012208,2026-08-15 01:30:00+08:00
1786730400000,75.29,75.3,75.0,75.18,10322.470309,2026-08-15 02:00:00+08:00
1786732200000,75.17,75.2,74.94,74.97,5862.654972,2026-08-15 02:30:00+08:00
1786734000000,74.96,74.97,74.68,74.86,11963.516079,2026-08-15 03:00:00+08:00
1786735800000,74.85,75.11,74.81,75.01,8177.127142,2026-08-15 03:30:00+08:00
1786737600000,75.02,75.22,74.98,75.21,6289.26678,2026-08-15 04:00:00+08:00
1786739400000,75.2,75.25,75.12,75.15,2938.270088,2026-08-15 04:30:00+08:00
1786741200000,75.16,75.24,75.09,75.21,3491.610375,2026-08-15 05:00:00+08:00
1786743000000,75.21,75.23,75.11,75.2,3349.744345,2026-08-15 05:30:00+08:00
1786744800000,75.2,75.28,74.98,74.99,3611.274785,2026-08-15 06:00:00+08:00
1786746600000,74.99,75.23,74.99,75.2,3094.797192,2026-08-15 06:30:00+08:00
1786748400000,75.2,75.35,75.16,75.33,2408.977363,2026-08-15 07:00:00+08:00
1786750200000,75.33,75.42,75.24,75.41,5324.990286,2026-08-15 07:30:00+08:00
1786752000000,75.41,75.44,75.35,75.39,3895.457073,2026-08-15 08:00:00+08:00
1786753800000,75.39,75.43,75.3,75.35,8583.385434,2026-08-15 08:30:00+08:00
1786755600000,75.35,75.47,75.29,75.42,5008.96906,2026-08-15 09:00:00+08:00
1786757400000,75.42,75.46,75.38,75.42,4310.095439,2026-08-15 09:30:00+08:00
1786759200000,75.42,75.62,75.39,75.57,11564.531335,2026-08-15 10:00:00+08:00
1786761000000,75.57,75.69,75.56,75.67,6417.787208,2026-08-15 10:30:00+08:00
1786762800000,75.67,75.72,75.58,75.63,3585.644146,2026-08-15 11:00:00+08:00
1786764600000,75.63,75.65,75.41,75.42,5737.52784,2026-08-15 11:30:00+08:00
1786766400000,75.43,75.6,75.36,75.58,10445.06657,2026-08-15 12:00:00+08:00
1786768200000,75.57,75.6,75.52,75.53,6354.15493,2026-08-15 12:30:00+08:00
1786770000000,75.54,75.6,75.46,75.46,4931.866458,2026-08-15 13:00:00+08:00
1786771800000,75.46,75.49,75.31,75.35,10091.844805,2026-08-15 13:30:00+08:00
1786773600000,75.35,75.41,75.28,75.32,2632.900091,2026-08-15 14:00:00+08:00
1786775400000,75.32,75.49,75.32,75.43,3963.399504,2026-08-15 14:30:00+08:00
1786777200000,75.42,75.43,75.31,75.33,3459.071744,2026-08-15 15:00:00+08:00
1786779000000,75.33,75.33,75.21,75.23,2895.972126,2026-08-15 15:30:00+08:00
1786780800000,75.25,75.32,75.18,75.27,4938.189553,2026-08-15 16:00:00+08:00
1786782600000,75.28,75.28,75.08,75.09,6937.005647,2026-08-15 16:30:00+08:00
1786784400000,75.09,75.19,75.04,75.19,3526.716455,2026-08-15 17:00:00+08:00
1786786200000,75.19,75.26,75.17,75.25,2099.895159,2026-08-15 17:30:00+08:00
1786788000000,75.25,75.36,75.2,75.31,6714.6556,2026-08-15 18:00:00+08:00
1786789800000,75.31,75.35,75.26,75.3,3995.509935,2026-08-15 18:30:00+08:00
1786791600000,75.29,75.31,75.25,75.27,2019.12388,2026-08-15 19:00:00+08:00
1786793400000,75.27,75.31,75.21,75.26,2578.47611,2026-08-15 19:30:00+08:00
1786795200000,75.26,75.27,75.2,75.21,3229.967815,2026-08-15 20:00:00+08:00
1786797000000,75.22,75.44,75.21,75.43,2691.546988,2026-08-15 20:30:00+08:00
1786798800000,75.43,75.5,75.4,75.48,4783.822383,2026-08-15 21:00:00+08:00
1786800600000,75.48,75.58,75.46,75.57,3148.997867,2026-08-15 21:30:00+08:00
1786802400000,75.57,75.59,75.45,75.5,3913.822251,2026-08-15 22:00:00+08:00
1786804200000,75.49,75.58,75.45,75.46,3915.865901,2026-08-15 22:30:00+08:00
1786806000000,75.46,75.51,75.38,75.47,2203.14993,2026-08-15 23:00:00+08:00
1786807800000,75.47,75.54,75.46,75.52,2075.187404,2026-08-15 23:30:00+08:00
1786809600000,75.53,75.54,75.42,75.51,3541.073097,2026-08-16 00:00:00+08:00
1786811400000,75.51,75.52,75.43,75.49,2048.389227,2026-08-16 00:30:00+08:00
1786813200000,75.49,75.66,75.48,75.58,4033.81059,2026-08-16 01:00:00+08:00
1786815000000,75.58,75.69,75.57,75.67,2566.30516,2026-08-16 01:30:00+08:00
1786816800000,75.67,75.68,75.51,75.53,5125.493857,2026-08-16 02:00:00+08:00
1786818600000,75.53,75.6,75.52,75.55,2246.232809,2026-08-16 02:30:00+08:00
1786820400000,75.56,75.58,75.52,75.54,2517.793308,2026-08-16 03:00:00+08:00
1786822200000,75.55,75.57,75.53,75.56,2083.639229,2026-08-16 03:30:00+08:00
1786824000000,75.56,75.57,75.42,75.48,3562.712492,2026-08-16 04:00:00+08:00
1786825800000,75.47,75.58,75.46,75.54,4797.76158,2026-08-16 04:30:00+08:00
1786827600000,75.54,75.67,75.53,75.67,6560.643058,2026-08-16 05:00:00+08:00
1786829400000,75.67,75.74,75.62,75.63,4946.458536,2026-08-16 05:30:00+08:00
1786831200000,75.63,75.69,75.59,75.62,3308.689858,2026-08-16 06:00:00+08:00
1786833000000,75.63,75.67,75.56,75.58,2252.262446,2026-08-16 06:30:00+08:00
1786834800000,75.59,75.59,75.33,75.38,5894.086805,2026-08-16 07:00:00+08:00
1786836600000,75.37,75.39,75.32,75.35,1693.920838,2026-08-16 07:30:00+08:00
1786838400000,75.35,75.43,75.27,75.41,3213.528886,2026-08-16 08:00:00+08:00
1786840200000,75.41,75.5,75.4,75.48,1750.519025,2026-08-16 08:30:00+08:00
1786842000000,75.48,75.49,75.37,75.37,1868.861966,2026-08-16 09:00:00+08:00
1786843800000,75.37,75.46,75.31,75.43,2398.026906,2026-08-16 09:30:00+08:00
1786845600000,75.44,75.61,75.27,75.6,4573.624097,2026-08-16 10:00:00+08:00
1786847400000,75.6,75.66,75.52,75.57,5122.403962,2026-08-16 10:30:00+08:00
1786849200000,75.58,75.66,75.58,75.61,2357.037159,2026-08-16 11:00:00+08:00
1786851000000,75.61,75.63,75.57,75.58,1472.542734,2026-08-16 11:30:00+08:00
1786852800000,75.58,75.62,75.52,75.59,2123.593181,2026-08-16 12:00:00+08:00
1786854600000,75.59,75.59,75.44,75.46,1515.507912,2026-08-16 12:30:00+08:00
1786856400000,75.46,75.53,75.37,75.38,3987.674044,2026-08-16 13:00:00+08:00
1786858200000,75.38,75.45,75.35,75.37,2890.093194,2026-08-16 13:30:00+08:00
1786860000000,75.37,75.4,75.29,75.37,3515.352582,2026-08-16 14:00:00+08:00
1786861800000,75.36,75.53,75.33,75.38,5206.147889,2026-08-16 14:30:00+08:00
1786863600000,75.39,75.48,75.35,75.45,2591.626539,2026-08-16 15:00:00+08:00
1786865400000,75.45,75.49,75.42,75.48,1744.644058,2026-08-16 15:30:00+08:00
1786867200000,75.48,75.48,75.41,75.44,1431.105174,2026-08-16 16:00:00+08:00
1786869000000,75.45,75.49,75.44,75.47,1310.985799,2026-08-16 16:30:00+08:00
1786870800000,75.48,75.49,75.41,75.44,2939.91966,2026-08-16 17:00:00+08:00
1786872600000,75.44,75.46,75.26,75.32,6851.831488,2026-08-16 17:30:00+08:00
1786874400000,75.33,75.33,75.19,75.24,3322.437153,2026-08-16 18:00:00+08:00
1786876200000,75.23,75.31,75.18,75.27,2543.792221,2026-08-16 18:30:00+08:00
1786878000000,75.27,75.32,75.24,75.31,3292.406706,2026-08-16 19:00:00+08:00
1786879800000,75.31,75.31,75.23,75.3,4574.276427,2026-08-16 19:30:00+08:00
1786881600000,75.29,75.3,75.22,75.3,1693.993212,2026-08-16 20:00:00+08:00
1786883400000,75.3,75.3,75.2,75.23,1574.312031,2026-08-16 20:30:00+08:00
1786885200000,75.23,75.4,75.22,75.4,2909.790574,2026-08-16 21:00:00+08:00
1786887000000,75.4,75.43,75.31,75.32,3010.008524,2026-08-16 21:30:00+08:00
1786888800000,75.32,75.39,75.25,75.31,3181.672483,2026-08-16 22:00:00+08:00
1786890600000,75.3,75.42,75.3,75.4,2301.488283,2026-08-16 22:30:00+08:00
1786892400000,75.41,75.59,75.39,75.59,5274.839271,2026-08-16 23:00:00+08:00
1786894200000,75.58,75.64,75.52,75.57,5280.498617,2026-08-16 23:30:00+08:00
1786896000000,75.58,75.63,75.51,75.61,4912.208368,2026-08-17 00:00:00+08:00
1786897800000,75.62,75.71,75.51,75.56,4985.574842,2026-08-17 00:30:00+08:00
1786899600000,75.57,75.6,75.41,75.46,4682.919168,2026-08-17 01:00:00+08:00
1786901400000,75.46,75.46,75.28,75.29,10078.21751,2026-08-17 01:30:00+08:00
1786903200000,75.29,75.3,75.05,75.2,6635.628268,2026-08-17 02:00:00+08:00
1786905000000,75.19,75.24,75.14,75.2,2708.158638,2026-08-17 02:30:00+08:00
1786906800000,75.2,75.36,75.18,75.36,1539.835285,2026-08-17 03:00:00+08:00
1786908600000,75.36,75.37,75.19,75.24,2766.546389,2026-08-17 03:30:00+08:00
1786910400000,75.24,75.34,75.21,75.26,5794.564542,2026-08-17 04:00:00+08:00
1786912200000,75.25,75.28,74.97,75.04,10745.431246,2026-08-17 04:30:00+08:00
1786914000000,75.04,75.09,74.89,74.98,5202.096459,2026-08-17 05:00:00+08:00
1786915800000,74.99,75.03,74.02,74.33,42118.132146,2026-08-17 05:30:00+08:00
1786917600000,74.33,74.53,74.18,74.38,8050.349571,2026-08-17 06:00:00+08:00
1786919400000,74.38,74.51,74.25,74.51,6465.490614,2026-08-17 06:30:00+08:00
1786921200000,74.51,74.61,74.46,74.54,3155.842849,2026-08-17 07:00:00+08:00
1786923000000,74.53,74.66,74.51,74.61,2663.079958,2026-08-17 07:30:00+08:00
1786924800000,74.61,74.65,74.43,74.63,6395.585649,2026-08-17 08:00:00+08:00
1786926600000,74.63,74.75,74.45,74.63,7509.228812,2026-08-17 08:30:00+08:00
1786928400000,74.62,75.29,74.59,75.24,11812.470633,2026-08-17 09:00:00+08:00
1786930200000,75.24,75.35,75.1,75.11,8710.202439,2026-08-17 09:30:00+08:00
1786932000000,75.11,75.24,75.07,75.2,3144.140789,2026-08-17 10:00:00+08:00
1786933800000,75.19,75.59,75.14,75.49,20408.294004,2026-08-17 10:30:00+08:00
1786935600000,75.5,75.57,75.44,75.48,18015.776485,2026-08-17 11:00:00+08:00
1786937400000,75.48,75.58,75.45,75.51,8289.077367,2026-08-17 11:30:00+08:00
1786939200000,75.51,75.63,75.51,75.53,6709.594507,2026-08-17 12:00:00+08:00
1786941000000,75.53,75.57,75.49,75.55,5961.84439,2026-08-17 12:30:00+08:00
1786942800000,75.56,75.61,75.43,75.48,6997.108573,2026-08-17 13:00:00+08:00
1786944600000,75.48,75.5,75.39,75.41,4273.230398,2026-08-17 13:30:00+08:00
1786946400000,75.4,75.59,75.36,75.48,15296.108497,2026-08-17 14:00:00+08:00
1786948200000,75.48,76.0,75.46,75.84,16374.679789,2026-08-17 14:30:00+08:00
1786950000000,75.85,75.95,75.75,75.87,6752.813721,2026-08-17 15:00:00+08:00
1786951800000,75.87,75.89,75.74,75.79,4509.178939,2026-08-17 15:30:00+08:00
1786953600000,75.79,75.82,75.36,75.42,30187.262612,2026-08-17 16:00:00+08:00
1786955400000,75.42,75.47,75.18,75.26,15781.127526,2026-08-17 16:30:00+08:00
1786957200000,75.26,75.44,75.24,75.39,5119.387098,2026-08-17 17:00:00+08:00
1786959000000,75.39,75.4,75.26,75.36,7733.69469,2026-08-17 17:30:00+08:00
1786960800000,75.36,75.52,75.31,75.52,4856.805439,2026-08-17 18:00:00+08:00
1786962600000,75.53,75.81,75.49,75.78,9728.9415,2026-08-17 18:30:00+08:00
1786964400000,75.77,75.81,75.69,75.78,6307.646659,2026-08-17 19:00:00+08:00
1786966200000,75.77,75.93,75.68,75.7,6565.612714,2026-08-17 19:30:00+08:00
1786968000000,75.7,75.72,75.41,75.42,11771.422031,2026-08-17 20:00:00+08:00
1786969800000,75.42,75.5,75.35,75.46,6566.471535,2026-08-17 20:30:00+08:00
1786971600000,75.45,75.46,75.3,75.32,7372.795708,2026-08-17 21:00:00+08:00
1786973400000,75.32,75.78,75.3,75.64,10790.310052,2026-08-17 21:30:00+08:00
1786975200000,75.64,75.72,75.51,75.65,5216.690497,2026-08-17 22:00:00+08:00
1786977000000,75.65,76.03,75.6,75.99,7248.73383,2026-08-17 22:30:00+08:00
1786978800000,75.99,76.03,75.81,75.97,8849.226208,2026-08-17 23:00:00+08:00
1786980600000,75.97,76.23,75.87,76.1,15359.644905,2026-08-17 23:30:00+08:00
1786982400000,76.11,76.15,75.95,75.97,15383.37314,2026-08-18 00:00:00+08:00
1786984200000,75.97,76.13,75.97,76.02,5290.530145,2026-08-18 00:30:00+08:00
1786986000000,76.02,76.12,75.79,75.91,7681.563992,2026-08-18 01:00:00+08:00
1786987800000,75.91,75.97,75.7,75.92,6137.304749,2026-08-18 01:30:00+08:00
1786989600000,75.92,76.17,75.87,76.03,5826.132614,2026-08-18 02:00:00+08:00
1786991400000,76.04,76.04,75.89,75.9,2770.483466,2026-08-18 02:30:00+08:00
1786993200000,75.91,75.91,75.78,75.87,2911.703741,2026-08-18 03:00:00+08:00
1786995000000,75.86,75.95,75.76,75.81,3644.922943,2026-08-18 03:30:00+08:00
1786996800000,75.81,75.82,75.63,75.81,4580.005827,2026-08-18 04:00:00+08:00
1786998600000,75.81,76.11,75.78,76.0,9245.432786,2026-08-18 04:30:00+08:00
1787000400000,76.0,76.06,75.9,75.91,2823.988972,2026-08-18 05:00:00+08:00
1787002200000,75.92,75.99,75.88,75.95,2071.940857,2026-08-18 05:30:00+08:00
1787004000000,75.96,76.03,75.8,75.82,7976.305043,2026-08-18 06:00:00+08:00
1787005800000,75.81,75.83,75.72,75.74,2156.981745,2026-08-18 06:30:00+08:00
1787007600000,75.75,75.98,75.73,75.98,2968.736644,2026-08-18 07:00:00+08:00
1787009400000,75.98,76.13,75.94,76.01,5916.820483,2026-08-18 07:30:00+08:00
1787011200000,76.02,76.1,75.94,76.0,8401.976351,2026-08-18 08:00:00+08:00
1787013000000,76.0,76.05,75.87,76.04,5837.313198,2026-08-18 08:30:00+08:00
1787014800000,76.05,76.06,75.86,75.88,5109.267303,2026-08-18 09:00:00+08:00
1787016600000,75.88,75.88,75.57,75.6,7156.550961,2026-08-18 09:30:00+08:00
1787018400000,75.61,75.66,75.42,75.42,7088.136889,2026-08-18 10:00:00+08:00
1787020200000,75.42,75.5,75.23,75.29,11235.932241,2026-08-18 10:30:00+08:00
1787022000000,75.3,75.45,75.27,75.4,4324.733019,2026-08-18 11:00:00+08:00
1787023800000,75.4,75.55,75.33,75.51,7472.395053,2026-08-18 11:30:00+08:00
1787025600000,75.51,75.72,75.4,75.71,7348.199879,2026-08-18 12:00:00+08:00
1787027400000,75.72,75.85,75.72,75.84,2751.055306,2026-08-18 12:30:00+08:00
1787029200000,75.83,75.98,75.77,75.78,7895.312665,2026-08-18 13:00:00+08:00
1787031000000,75.79,75.83,75.58,75.73,7718.755138,2026-08-18 13:30:00+08:00
1787032800000,75.72,75.99,75.65,75.95,4138.299386,2026-08-18 14:00:00+08:00
1787034600000,75.96,76.05,75.89,76.01,7223.878709,2026-08-18 14:30:00+08:00
1787036400000,76.01,76.27,76.0,76.01,9041.276561,2026-08-18 15:00:00+08:00
1787038200000,76.02,76.16,75.95,76.09,10284.478871,2026-08-18 15:30:00+08:00
1787040000000,76.1,76.12,75.86,75.91,8044.612728,2026-08-18 16:00:00+08:00
1787041800000,75.91,76.19,75.89,76.18,7518.086313,2026-08-18 16:30:00+08:00
1787043600000,76.17,76.17,75.9,75.91,7753.185862,2026-08-18 17:00:00+08:00
1787045400000,75.91,76.0,75.9,75.95,6038.763675,2026-08-18 17:30:00+08:00
1787047200000,75.95,75.99,75.81,75.83,3728.21899,2026-08-18 18:00:00+08:00
1787049000000,75.83,75.9,75.82,75.84,4110.876801,2026-08-18 18:30:00+08:00
1787050800000,75.84,76.44,75.82,76.27,15294.61179,2026-08-18 19:00:00+08:00
1787052600000,76.26,76.44,76.23,76.33,4399.205981,2026-08-18 19:30:00+08:00
1787054400000,76.33,76.52,76.24,76.31,9272.0284,2026-08-18 20:00:00+08:00
1787056200000,76.3,76.4,76.23,76.25,4027.722739,2026-08-18 20:30:00+08:00
1787058000000,76.25,76.25,76.1,76.11,4651.705062,2026-08-18 21:00:00+08:00
1787059800000,76.11,76.31,76.06,76.22,12393.975625,2026-08-18 21:30:00+08:00
1787061600000,76.22,77.07,76.13,77.01,35684.577294,2026-08-18 22:00:00+08:00
1787063400000,77.02,77.32,76.77,76.79,26837.519779,2026-08-18 22:30:00+08:00
1787065200000,76.79,77.05,76.79,77.04,14143.674079,2026-08-18 23:00:00+08:00
1787067000000,77.04,77.26,77.0,77.21,10110.197205,2026-08-18 23:30:00+08:00
1787068800000,77.21,77.33,76.86,76.91,18172.532566,2026-08-19 00:00:00+08:00
1787070600000,76.9,77.16,76.85,77.08,3491.571228,2026-08-19 00:30:00+08:00
1787072400000,77.08,77.09,76.89,76.93,4098.730084,2026-08-19 01:00:00+08:00
1787074200000,76.95,77.03,76.89,76.9,11853.132354,2026-08-19 01:30:00+08:00
1787076000000,76.89,77.28,76.88,77.25,7201.531573,2026-08-19 02:00:00+08:00
1787077800000,77.25,77.3,77.13,77.27,4772.883,2026-08-19 02:30:00+08:00
1787079600000,77.27,77.42,77.18,77.35,5965.027573,2026-08-19 03:00:00+08:00
1787081400000,77.35,77.37,77.08,77.19,10969.335576,2026-08-19 03:30:00+08:00
1787083200000,77.19,77.23,76.94,77.01,12071.656426,2026-08-19 04:00:00+08:00
1787085000000,77.0,77.13,76.75,76.9,16071.637815,2026-08-19 04:30:00+08:00
1787086800000,76.9,77.13,76.9,76.97,4886.334294,2026-08-19 05:00:00+08:00
1787088600000,76.97,77.02,76.92,77.0,2807.3318,2026-08-19 05:30:00+08:00
1787090400000,77.01,77.18,76.95,77.07,10492.548844,2026-08-19 06:00:00+08:00
1787092200000,77.06,77.21,76.88,76.95,13012.054981,2026-08-19 06:30:00+08:00
1787094000000,76.96,77.18,76.95,77.12,7729.763612,2026-08-19 07:00:00+08:00
1787095800000,77.12,77.24,77.04,77.05,9081.580475,2026-08-19 07:30:00+08:00
1787097600000,77.06,77.1,76.83,76.95,6217.823863,2026-08-19 08:00:00+08:00
1787099400000,76.96,77.09,76.92,76.92,4032.215706,2026-08-19 08:30:00+08:00
1787101200000,76.92,77.06,76.72,76.84,18941.003112,2026-08-19 09:00:00+08:00
1787103000000,76.85,76.86,76.72,76.81,6860.626352,2026-08-19 09:30:00+08:00
1787104800000,76.81,76.91,76.71,76.88,8219.516843,2026-08-19 10:00:00+08:00
1787106600000,76.88,76.93,76.76,76.82,3708.699287,2026-08-19 10:30:00+08:00
1787108400000,76.82,77.11,76.72,77.02,9503.35886,2026-08-19 11:00:00+08:00
1787110200000,77.02,77.1,76.96,77.0,2122.213301,2026-08-19 11:30:00+08:00
1787112000000,77.0,77.14,76.96,77.07,2278.107724,2026-08-19 12:00:00+08:00
1787113800000,77.06,77.08,76.79,76.87,11636.229812,2026-08-19 12:30:00+08:00
1787115600000,76.87,77.06,76.86,76.95,9010.972351,2026-08-19 13:00:00+08:00
1787117400000,76.95,76.99,76.78,76.8,3217.355391,2026-08-19 13:30:00+08:00
1787119200000,76.81,76.96,76.63,76.87,9686.097036,2026-08-19 14:00:00+08:00
1787121000000,76.87,77.17,76.76,77.08,29044.695406,2026-08-19 14:30:00+08:00
1787122800000,77.08,77.11,76.96,76.99,6255.36454,2026-08-19 15:00:00+08:00
1787124600000,77.0,77.08,76.95,76.95,5898.814205,2026-08-19 15:30:00+08:00
1787126400000,76.95,77.23,76.92,77.19,12516.491249,2026-08-19 16:00:00+08:00
1787128200000,77.2,77.68,77.16,77.38,33596.699104,2026-08-19 16:30:00+08:00
1787130000000,77.38,77.49,77.31,77.32,5827.844038,2026-08-19 17:00:00+08:00
1787131800000,77.33,77.36,77.22,77.33,9947.262284,2026-08-19 17:30:00+08:00
1787133600000,77.33,77.33,77.22,77.27,5035.117145,2026-08-19 18:00:00+08:00
1787135400000,77.28,77.4,77.24,77.39,6854.194655,2026-08-19 18:30:00+08:00
1787137200000,77.39,77.63,77.38,77.61,15899.051558,2026-08-19 19:00:00+08:00
1787139000000,77.61,77.61,77.48,77.54,8113.474878,2026-08-19 19:30:00+08:00
1787140800000,77.54,77.56,77.44,77.53,4923.109732,2026-08-19 20:00:00+08:00
1787142600000,77.53,78.78,77.51,78.41,74622.815797,2026-08-19 20:30:00+08:00
1787144400000,78.41,78.57,78.17,78.53,23385.845563,2026-08-19 21:00:00+08:00
1787146200000,78.52,78.7,78.32,78.41,40395.169706,2026-08-19 21:30:00+08:00
1787148000000,78.42,78.81,78.37,78.55,30288.681146,2026-08-19 22:00:00+08:00
1787149800000,78.55,81.0,78.46,80.87,128816.743463,2026-08-19 22:30:00+08:00
1787151600000,80.89,82.96,80.67,82.01,274058.649364,2026-08-19 23:00:00+08:00
1787153400000,82.02,82.6,81.55,81.83,115163.415274,2026-08-19 23:30:00+08:00
1787155200000,81.83,82.41,81.68,82.1,58434.951853,2026-08-20 00:00:00+08:00
1787157000000,82.09,82.09,81.56,81.59,40110.422249,2026-08-20 00:30:00+08:00
1787158800000,81.6,81.66,81.05,81.26,41919.317318,2026-08-20 01:00:00+08:00
1787160600000,81.27,81.73,81.03,81.65,32137.017179,2026-08-20 01:30:00+08:00
1787162400000,81.65,82.03,81.27,81.96,38567.890313,2026-08-20 02:00:00+08:00
1787164200000,81.96,82.3,81.91,82.28,40869.541381,2026-08-20 02:30:00+08:00
1787166000000,82.27,82.52,82.0,82.2,26512.909162,2026-08-20 03:00:00+08:00
1787167800000,82.19,82.45,82.1,82.37,15885.097168,2026-08-20 03:30:00+08:00
1787169600000,82.37,82.56,82.29,82.51,18843.158306,2026-08-20 04:00:00+08:00
1787171400000,82.51,84.38,82.47,83.73,165843.981475,2026-08-20 04:30:00+08:00
1787173200000,83.74,87.33,83.73,87.01,362892.406411,2026-08-20 05:00:00+08:00
1787175000000,87.02,87.25,86.23,86.64,74663.594176,2026-08-20 05:30:00+08:00
1787176800000,86.66,86.85,85.34,85.36,66933.529127,2026-08-20 06:00:00+08:00
1787178600000,85.39,85.99,84.93,85.5,53538.622754,2026-08-20 06:30:00+08:00
1787180400000,85.5,85.6,85.29,85.46,25361.995016,2026-08-20 07:00:00+08:00
1787182200000,85.45,85.76,85.04,85.4,29998.067955,2026-08-20 07:30:00+08:00
1787184000000,85.4,85.8,85.32,85.63,24293.68569,2026-08-20 08:00:00+08:00
1787185800000,85.64,85.72,84.9,85.01,42461.889713,2026-08-20 08:30:00+08:00
1787187600000,85.01,85.14,84.66,84.77,26163.15663,2026-08-20 09:00:00+08:00
1787189400000,84.76,85.41,84.71,85.37,22942.184934,2026-08-20 09:30:00+08:00
1787191200000,85.38,85.46,85.07,85.09,17595.277722,2026-08-20 10:00:00+08:00
1787193000000,85.08,85.13,84.71,84.77,14778.440983,2026-08-20 10:30:00+08:00
1787194800000,84.78,84.79,84.02,84.27,36327.735195,2026-08-20 11:00:00+08:00
1787196600000,84.28,84.71,84.27,84.48,18008.144608,2026-08-20 11:30:00+08:00
1787198400000,84.48,84.72,84.46,84.55,8073.392453,2026-08-20 12:00:00+08:00
1787200200000,84.56,84.99,84.42,84.83,14801.955459,2026-08-20 12:30:00+08:00
1787202000000,84.83,85.08,84.82,84.9,11155.210376,2026-08-20 13:00:00+08:00
1787203800000,84.9,85.04,84.82,84.95,6389.515442,2026-08-20 13:30:00+08:00
1787205600000,84.96,85.47,84.72,85.44,22498.686207,2026-08-20 14:00:00+08:00
1787207400000,85.45,85.93,85.29,85.91,32861.828834,2026-08-20 14:30:00+08:00
1787209200000,85.91,86.09,85.78,86.01,13215.862713,2026-08-20 15:00:00+08:00
1787211000000,86.01,86.2,85.79,86.17,22163.355823,2026-08-20 15:30:00+08:00
1787212800000,86.17,87.63,86.04,87.53,57779.871665,2026-08-20 16:00:00+08:00
1787214600000,87.54,87.98,87.36,87.52,41851.173701,2026-08-20 16:30:00+08:00
1787216400000,87.53,87.83,87.27,87.53,40130.097644,2026-08-20 17:00:00+08:00
1787218200000,87.54,87.74,87.1,87.34,31401.693758,2026-08-20 17:30:00+08:00
1787220000000,87.34,87.81,87.22,87.44,21220.775232,2026-08-20 18:00:00+08:00
1787221800000,87.44,87.49,87.0,87.46,20817.077912,2026-08-20 18:30:00+08:00
1787223600000,87.47,87.47,87.1,87.19,19017.058326,2026-08-20 19:00:00+08:00
1787225400000,87.17,88.12,87.15,87.22,35496.376563,2026-08-20 19:30:00+08:00
1787227200000,87.21,87.41,86.57,86.97,25602.87415,2026-08-20 20:00:00+08:00
1787229000000,87.0,87.15,86.53,87.09,25123.185854,2026-08-20 20:30:00+08:00
1787230800000,87.09,87.49,86.68,87.03,83526.65416,2026-08-20 21:00:00+08:00
1787232600000,87.03,87.04,86.16,86.57,50597.204996,2026-08-20 21:30:00+08:00
1787234400000,86.57,86.88,86.23,86.31,23021.686861,2026-08-20 22:00:00+08:00
1787236200000,86.32,86.6,86.16,86.6,17270.632052,2026-08-20 22:30:00+08:00
1787238000000,86.61,87.33,86.57,87.04,39654.689915,2026-08-20 23:00:00+08:00
1787239800000,87.06,87.48,86.74,87.37,28877.194553,2026-08-20 23:30:00+08:00
1787241600000,87.37,87.38,86.87,87.12,20364.017853,2026-08-21 00:00:00+08:00
1787243400000,87.11,87.86,86.94,87.77,30737.271161,2026-08-21 00:30:00+08:00
1787245200000,87.76,87.88,87.29,87.61,35454.465024,2026-08-21 01:00:00+08:00
1787247000000,87.6,87.95,87.46,87.5,15668.949173,2026-08-21 01:30:00+08:00
1787248800000,87.5,87.67,86.79,87.2,33055.985253,2026-08-21 02:00:00+08:00
1787250600000,87.19,87.26,86.67,86.86,16766.83947,2026-08-21 02:30:00+08:00
1787252400000,86.85,87.47,86.85,87.3,22204.985405,2026-08-21 03:00:00+08:00
1787254200000,87.28,87.53,87.09,87.31,28478.918658,2026-08-21 03:30:00+08:00
1787256000000,87.31,87.48,87.24,87.42,7497.896235,2026-08-21 04:00:00+08:00
1787257800000,87.43,87.68,87.42,87.6,8130.18491,2026-08-21 04:30:00+08:00
1787259600000,87.59,87.88,87.43,87.46,9317.033085,2026-08-21 05:00:00+08:00
1787261400000,87.46,87.72,87.45,87.5,7345.930979,2026-08-21 05:30:00+08:00
1787263200000,87.51,87.6,87.25,87.47,13862.571733,2026-08-21 06:00:00+08:00
1787265000000,87.47,87.49,87.19,87.22,6944.318453,2026-08-21 06:30:00+08:00
1787266800000,87.24,87.93,87.21,87.84,15868.150158,2026-08-21 07:00:00+08:00
1787268600000,87.84,87.99,87.57,87.65,11954.248996,2026-08-21 07:30:00+08:00
1787270400000,87.66,88.8,87.58,88.4,33556.411081,2026-08-21 08:00:00+08:00
1787272200000,88.41,88.67,87.8,88.24,26032.726237,2026-08-21 08:30:00+08:00
1787274000000,88.23,89.07,88.13,88.38,29925.92579,2026-08-21 09:00:00+08:00
1787275800000,88.4,89.5,88.28,89.01,46844.738423,2026-08-21 09:30:00+08:00
1787277600000,89.01,89.78,88.5,89.42,56005.440871,2026-08-21 10:00:00+08:00
1787279400000,89.43,90.21,88.92,89.26,53030.006118,2026-08-21 10:30:00+08:00
1787281200000,89.27,89.42,88.76,89.38,24992.93161,2026-08-21 11:00:00+08:00
1787283000000,89.38,89.55,89.1,89.11,20120.708102,2026-08-21 11:30:00+08:00
1787284800000,89.11,89.47,88.89,88.96,23510.655056,2026-08-21 12:00:00+08:00
1787286600000,88.96,89.5,88.89,89.47,21363.214204,2026-08-21 12:30:00+08:00
1787288400000,89.48,90.0,89.18,89.65,23488.918425,2026-08-21 13:00:00+08:00
1787290200000,89.64,90.75,89.55,90.44,35617.594685,2026-08-21 13:30:00+08:00
1787292000000,90.45,91.34,90.03,90.06,49999.681643,2026-08-21 14:00:00+08:00
1787293800000,90.06,90.48,89.77,90.24,39247.302264,2026-08-21 14:30:00+08:00
1787295600000,90.24,91.2,90.18,90.26,44952.717431,2026-08-21 15:00:00+08:00
1787297400000,90.28,90.77,89.97,90.42,36329.948405,2026-08-21 15:30:00+08:00
1787299200000,90.42,91.58,90.37,91.4,53623.722704,2026-08-21 16:00:00+08:00
1787301000000,91.4,93.41,91.25,93.29,97154.197599,2026-08-21 16:30:00+08:00
1787302800000,93.27,93.35,90.27,91.19,115607.363042,2026-08-21 17:00:00+08:00
1787304600000,91.2,92.18,91.02,91.67,34813.061327,2026-08-21 17:30:00+08:00
1787306400000,91.66,91.76,90.86,91.27,24597.392991,2026-08-21 18:00:00+08:00
1787308200000,91.29,91.68,90.88,91.47,19086.967256,2026-08-21 18:30:00+08:00
1787310000000,91.47,91.62,90.51,91.01,37227.99018,2026-08-21 19:00:00+08:00
1787311800000,91.01,91.03,89.91,90.3,44649.935485,2026-08-21 19:30:00+08:00
1787313600000,90.3,90.5,90.01,90.31,26166.010704,2026-08-21 20:00:00+08:00
1787315400000,90.31,91.14,90.24,90.86,23895.366552,2026-08-21 20:30:00+08:00
1787317200000,90.87,90.99,90.42,90.76,17201.363559,2026-08-21 21:00:00+08:00
1787319000000,90.75,91.38,89.77,91.07,53007.234656,2026-08-21 21:30:00+08:00
1787320800000,91.07,91.38,90.56,91.32,31874.415782,2026-08-21 22:00:00+08:00
1787322600000,91.31,91.97,91.14,91.89,29139.581766,2026-08-21 22:30:00+08:00
1787324400000,91.88,92.16,91.5,91.57,36117.918854,2026-08-21 23:00:00+08:00
1787326200000,91.57,91.81,91.25,91.36,36056.367246,2026-08-21 23:30:00+08:00
1787328000000,91.37,91.53,90.76,91.51,30232.907757,2026-08-22 00:00:00+08:00
1787329800000,91.51,91.93,91.33,91.62,16442.948037,2026-08-22 00:30:00+08:00
1787331600000,91.62,91.93,91.18,91.56,26981.188965,2026-08-22 01:00:00+08:00
1787333400000,91.56,92.0,91.52,91.79,32607.842239,2026-08-22 01:30:00+08:00
1787335200000,91.8,92.07,91.65,91.9,22236.301796,2026-08-22 02:00:00+08:00
1787337000000,91.9,92.0,91.08,91.57,29408.873431,2026-08-22 02:30:00+08:00
1787338800000,91.58,91.64,90.84,91.34,20910.927421,2026-08-22 03:00:00+08:00
1787340600000,91.33,91.38,90.76,90.96,18537.06303,2026-08-22 03:30:00+08:00
1787342400000,90.96,91.98,90.57,91.8,32010.452985,2026-08-22 04:00:00+08:00
1787344200000,91.8,91.94,91.55,91.87,12228.827691,2026-08-22 04:30:00+08:00
1787346000000,91.86,92.97,91.65,92.8,38641.150271,2026-08-22 05:00:00+08:00
1787347800000,92.81,93.86,92.62,93.74,57067.831013,2026-08-22 05:30:00+08:00
1787349600000,93.75,94.4,93.47,94.17,55865.576792,2026-08-22 06:00:00+08:00
1787351400000,94.18,94.64,93.3,94.32,55429.463116,2026-08-22 06:30:00+08:00
1787353200000,94.35,95.0,93.87,94.43,35786.567571,2026-08-22 07:00:00+08:00
1787355000000,94.46,94.5,93.4,93.73,30563.820483,2026-08-22 07:30:00+08:00
1787356800000,93.74,94.42,92.88,93.68,36339.412567,2026-08-22 08:00:00+08:00
1787358600000,93.68,93.95,93.41,93.89,24397.780982,2026-08-22 08:30:00+08:00
1787360400000,93.9,94.3,93.75,94.03,22391.386884,2026-08-22 09:00:00+08:00
1787362200000,94.04,94.43,93.48,93.69,19011.934678,2026-08-22 09:30:00+08:00
1787364000000,93.69,95.04,93.68,94.83,29221.988851,2026-08-22 10:00:00+08:00
1787365800000,94.82,95.8,94.64,95.64,66170.86962,2026-08-22 10:30:00+08:00
1787367600000,95.66,97.15,95.5,96.83,72609.51712,2026-08-22 11:00:00+08:00
1787369400000,96.85,97.56,96.4,96.79,53107.855492,2026-08-22 11:30:00+08:00
1787371200000,96.8,98.0,96.18,97.98,71531.500339,2026-08-22 12:00:00+08:00
1787373000000,97.99,102.74,97.85,99.18,321406.627681,2026-08-22 12:30:00+08:00
1787374800000,99.11,99.98,87.66,94.05,515513.966806,2026-08-22 13:00:00+08:00
1787376600000,94.08,94.87,92.85,94.22,110017.446022,2026-08-22 13:30:00+08:00
1787378400000,94.22,94.49,93.45,93.89,63611.771159,2026-08-22 14:00:00+08:00
1787380200000,93.87,95.14,93.07,94.3,59844.565094,2026-08-22 14:30:00+08:00
1787382000000,94.3,95.18,94.05,95.03,55555.553785,2026-08-22 15:00:00+08:00
1787383800000,95.0,95.52,94.4,94.46,41809.563358,2026-08-22 15:30:00+08:00
1787385600000,94.47,95.01,93.55,93.73,41180.145047,2026-08-22 16:00:00+08:00
1787387400000,93.75,94.11,93.0,94.08,64726.184115,2026-08-22 16:30:00+08:00
1787389200000,94.09,94.56,92.97,94.29,33795.095667,2026-08-22 17:00:00+08:00
1787391000000,94.28,94.42,93.62,93.9,23423.320386,2026-08-22 17:30:00+08:00
1787392800000,93.91,93.98,91.33,92.44,91629.229216,2026-08-22 18:00:00+08:00
1787394600000,92.45,93.36,92.28,92.87,30437.869585,2026-08-22 18:30:00+08:00
1787396400000,92.88,93.21,92.56,92.99,23770.360654,2026-08-22 19:00:00+08:00
1787398200000,92.99,93.52,92.9,93.3,9636.217759,2026-08-22 19:30:00+08:00
1787400000000,93.3,94.35,93.14,94.2,39011.073299,2026-08-22 20:00:00+08:00
1787401800000,94.22,94.3,93.81,93.81,36960.792698,2026-08-22 20:30:00+08:00
1787403600000,93.84,94.18,93.53,93.85,16941.118837,2026-08-22 21:00:00+08:00
1787405400000,93.85,94.22,93.57,94.11,20105.954239,2026-08-22 21:30:00+08:00
1787407200000,94.12,94.27,93.43,93.85,19592.981532,2026-08-22 22:00:00+08:00
1787409000000,93.85,94.04,92.89,93.26,21090.984895,2026-08-22 22:30:00+08:00
1787410800000,93.25,93.5,92.82,93.26,16249.887536,2026-08-22 23:00:00+08:00
1787412600000,93.26,93.58,92.99,93.06,11171.825438,2026-08-22 23:30:00+08:00
1787414400000,93.07,94.18,93.07,93.89,26042.739842,2026-08-23 00:00:00+08:00
1787416200000,93.88,94.64,93.88,94.29,24308.625353,2026-08-23 00:30:00+08:00
1787418000000,94.3,94.55,93.76,93.82,28340.139232,2026-08-23 01:00:00+08:00
1787419800000,93.85,94.54,93.85,94.26,8143.879884,2026-08-23 01:30:00+08:00
1787421600000,94.27,94.53,94.05,94.36,20084.920476,2026-08-23 02:00:00+08:00
1787423400000,94.38,94.5,94.03,94.46,18117.788621,2026-08-23 02:30:00+08:00
1787425200000,94.46,94.69,94.27,94.43,24418.538657,2026-08-23 03:00:00+08:00
1787427000000,94.43,94.81,94.43,94.5,12427.751202,2026-08-23 03:30:00+08:00
1787428800000,94.5,94.79,94.4,94.48,11182.235298,2026-08-23 04:00:00+08:00
1787430600000,94.48,94.65,94.31,94.4,10152.561744,2026-08-23 04:30:00+08:00
1787432400000,94.39,94.4,93.47,93.83,20722.277793,2026-08-23 05:00:00+08:00
1787434200000,93.82,93.86,92.73,92.83,21810.460454,2026-08-23 05:30:00+08:00
1787436000000,92.81,93.97,92.59,93.91,17248.976663,2026-08-23 06:00:00+08:00
1787437800000,93.9,94.02,93.55,93.64,18720.390973,2026-08-23 06:30:00+08:00
1787439600000,93.65,93.81,93.36,93.61,8675.181212,2026-08-23 07:00:00+08:00
1787441400000,93.61,94.0,93.37,93.83,8819.770376,2026-08-23 07:30:00+08:00
1787443200000,93.83,94.34,93.6,94.32,11886.705546,2026-08-23 08:00:00+08:00
1787445000000,94.31,97.23,94.3,96.35,100697.79171,2026-08-23 08:30:00+08:00
1787446800000,96.37,96.39,95.75,96.07,43041.485982,2026-08-23 09:00:00+08:00
1787448600000,96.08,96.58,95.66,96.01,32869.802471,2026-08-23 09:30:00+08:00
1787450400000,96.01,96.27,94.1,94.51,58606.090712,2026-08-23 10:00:00+08:00
1787452200000,94.48,96.46,94.33,94.9,63568.157402,2026-08-23 10:30:00+08:00
1787454000000,94.91,95.03,94.19,94.22,30514.185982,2026-08-23 11:00:00+08:00
1787455800000,94.23,94.28,93.44,93.7,49654.592374,2026-08-23 11:30:00+08:00
1787457600000,93.7,94.1,93.14,93.59,46102.38945,2026-08-23 12:00:00+08:00
1787459400000,93.59,93.62,92.21,92.55,73377.38364,2026-08-23 12:30:00+08:00
1787461200000,92.55,93.29,91.58,93.02,62338.573994,2026-08-23 13:00:00+08:00
1787463000000,93.01,93.22,92.31,92.31,26876.473379,2026-08-23 13:30:00+08:00
1787464800000,92.3,92.53,91.78,92.31,27485.047422,2026-08-23 14:00:00+08:00
1787466600000,92.3,92.78,92.02,92.25,16677.938548,2026-08-23 14:30:00+08:00
1787468400000,92.26,92.98,92.14,92.74,13441.828518,2026-08-23 15:00:00+08:00
1787470200000,92.73,92.74,92.31,92.48,13620.870047,2026-08-23 15:30:00+08:00
1787472000000,92.49,92.99,92.32,92.88,14657.152262,2026-08-23 16:00:00+08:00
1787473800000,92.9,93.5,92.8,93.18,34696.428694,2026-08-23 16:30:00+08:00
1787475600000,93.19,93.43,93.1,93.24,12499.772355,2026-08-23 17:00:00+08:00
1787477400000,93.24,93.53,92.9,93.33,14168.308536,2026-08-23 17:30:00+08:00
1787479200000,93.32,94.12,93.28,93.69,25957.852597,2026-08-23 18:00:00+08:00
1787481000000,93.7,93.9,93.6,93.62,10954.047528,2026-08-23 18:30:00+08:00
1787482800000,93.62,94.57,93.54,94.32,15225.305557,2026-08-23 19:00:00+08:00
1787484600000,94.34,94.81,94.28,94.62,23154.316985,2026-08-23 19:30:00+08:00
1787486400000,94.61,94.61,94.09,94.49,16847.503641,2026-08-23 20:00:00+08:00
1787488200000,94.5,94.79,94.42,94.58,11066.673626,2026-08-23 20:30:00+08:00
1787490000000,94.57,95.81,94.56,95.05,34548.369257,2026-08-23 21:00:00+08:00
1787491800000,95.06,95.55,94.84,95.38,20606.925564,2026-08-23 21:30:00+08:00
1787493600000,95.38,95.68,95.05,95.38,22555.414099,2026-08-23 22:00:00+08:00
1787495400000,95.37,95.5,93.29,95.05,71349.347604,2026-08-23 22:30:00+08:00
1787497200000,95.05,95.46,94.66,95.45,23635.628865,2026-08-23 23:00:00+08:00
1787499000000,95.46,95.9,95.25,95.35,27122.317653,2026-08-23 23:30:00+08:00
1787500800000,95.36,95.54,95.17,95.41,24768.663338,2026-08-24 00:00:00+08:00
1787502600000,95.42,95.71,95.28,95.41,12705.274494,2026-08-24 00:30:00+08:00
1787504400000,95.41,95.51,94.81,95.18,18991.296206,2026-08-24 01:00:00+08:00
1787506200000,95.17,95.29,94.82,95.11,10665.353532,2026-08-24 01:30:00+08:00
1787508000000,95.1,95.46,94.94,95.37,15048.108979,2026-08-24 02:00:00+08:00
1787509800000,95.37,95.4,95.09,95.3,10794.148261,2026-08-24 02:30:00+08:00
1787511600000,95.32,95.42,94.87,95.05,8813.31887,2026-08-24 03:00:00+08:00
1787513400000,95.06,95.49,94.83,95.07,15010.159533,2026-08-24 03:30:00+08:00
1787515200000,95.08,95.39,94.75,95.27,9970.167839,2026-08-24 04:00:00+08:00
1787517000000,95.28,95.36,95.02,95.05,3997.741488,2026-08-24 04:30:00+08:00
1787518800000,95.06,96.26,95.06,96.11,28927.58658,2026-08-24 05:00:00+08:00
1787520600000,96.11,96.26,95.19,95.33,24351.62496,2026-08-24 05:30:00+08:00
1787522400000,95.33,95.75,94.78,95.56,35568.736845,2026-08-24 06:00:00+08:00
1787524200000,95.55,95.7,95.32,95.58,20971.081971,2026-08-24 06:30:00+08:00
1787526000000,95.59,95.66,95.0,95.46,29347.022976,2026-08-24 07:00:00+08:00
1787527800000,95.46,95.87,95.02,95.44,21771.246544,2026-08-24 07:30:00+08:00
1787529600000,95.45,95.5,93.87,94.51,40085.581002,2026-08-24 08:00:00+08:00
1787531400000,94.51,95.56,94.14,95.56,44040.610795,2026-08-24 08:30:00+08:00
1787533200000,95.56,95.56,94.47,94.5,25717.365388,2026-08-24 09:00:00+08:00
1787535000000,94.5,94.66,93.74,93.87,24789.287173,2026-08-24 09:30:00+08:00
1787536800000,93.86,94.78,93.67,94.78,21019.460635,2026-08-24 10:00:00+08:00
1787538600000,94.78,95.05,94.04,94.58,28887.158475,2026-08-24 10:30:00+08:00
1787540400000,94.58,94.65,93.78,93.78,21175.151728,2026-08-24 11:00:00+08:00
1787542200000,93.77,94.09,93.46,93.66,18486.865219,2026-08-24 11:30:00+08:00
1787544000000,93.66,94.32,93.65,94.3,21957.313251,2026-08-24 12:00:00+08:00
1787545800000,94.3,94.35,93.66,94.22,25859.32002,2026-08-24 12:30:00+08:00
1787547600000,94.22,94.66,93.84,94.05,50894.257306,2026-08-24 13:00:00+08:00
1787549400000,94.04,94.37,93.45,94.27,29742.115615,2026-08-24 13:30:00+08:00
1787551200000,94.26,94.46,93.81,94.26,21574.551388,2026-08-24 14:00:00+08:00
1787553000000,94.24,94.64,93.88,94.56,11805.194331,2026-08-24 14:30:00+08:00
1787554800000,94.55,95.45,94.29,94.32,46738.115873,2026-08-24 15:00:00+08:00
1787556600000,94.31,94.46,94.0,94.11,30379.376136,2026-08-24 15:30:00+08:00
1787558400000,94.14,94.38,93.26,93.39,26172.782435,2026-08-24 16:00:00+08:00
1787560200000,93.38,94.1,93.35,93.94,9819.622471,2026-08-24 16:30:00+08:00
1787562000000,93.93,94.67,93.88,94.64,21309.615057,2026-08-24 17:00:00+08:00
1787563800000,94.64,94.89,94.63,94.67,12028.858667,2026-08-24 17:30:00+08:00
1787565600000,94.67,95.13,94.6,94.82,41481.639757,2026-08-24 18:00:00+08:00
1787567400000,94.82,95.02,94.59,94.72,21929.260953,2026-08-24 18:30:00+08:00
1787569200000,94.71,94.94,94.26,94.9,15196.773384,2026-08-24 19:00:00+08:00
1787571000000,94.9,96.32,94.85,95.84,61084.137744,2026-08-24 19:30:00+08:00
1787572800000,95.84,95.85,94.31,95.43,46109.35774,2026-08-24 20:00:00+08:00
1787574600000,95.44,96.64,95.29,96.28,57632.246955,2026-08-24 20:30:00+08:00
1787576400000,96.29,96.52,95.89,96.07,38968.387445,2026-08-24 21:00:00+08:00
1787578200000,96.07,96.08,94.28,95.03,76566.014614,2026-08-24 21:30:00+08:00
1787580000000,95.02,96.15,94.85,95.78,34025.772241,2026-08-24 22:00:00+08:00
1787581800000,95.77,96.73,95.74,96.1,49182.273729,2026-08-24 22:30:00+08:00
1787583600000,96.09,97.58,96.01,97.31,46603.979034,2026-08-24 23:00:00+08:00
1787585400000,97.28,97.31,96.14,96.44,57109.159896,2026-08-24 23:30:00+08:00
1787587200000,96.45,97.57,96.45,97.07,41236.737906,2026-08-25 00:00:00+08:00
1787589000000,97.08,97.37,95.76,96.05,44367.464656,2026-08-25 00:30:00+08:00
1787590800000,96.05,96.19,94.78,94.89,82689.493513,2026-08-25 01:00:00+08:00
1787592600000,94.94,95.41,94.81,95.39,29217.143063,2026-08-25 01:30:00+08:00
1787594400000,95.39,96.42,95.38,96.28,30129.240949,2026-08-25 02:00:00+08:00
1787596200000,96.28,96.42,95.69,95.91,23908.486437,2026-08-25 02:30:00+08:00
1787598000000,95.91,96.26,95.42,95.94,36213.755735,2026-08-25 03:00:00+08:00
1787599800000,95.93,96.65,95.87,96.54,30611.985187,2026-08-25 03:30:00+08:00
1787601600000,96.55,96.68,95.74,95.95,15804.252045,2026-08-25 04:00:00+08:00
1787603400000,95.94,96.75,95.85,96.55,16997.958895,2026-08-25 04:30:00+08:00
1787605200000,96.54,97.01,96.54,96.77,14661.282949,2026-08-25 05:00:00+08:00
1787607000000,96.77,97.58,96.74,97.47,25693.95259,2026-08-25 05:30:00+08:00
1787608800000,97.47,97.83,97.17,97.52,20319.63019,2026-08-25 06:00:00+08:00
1787610600000,97.52,98.69,97.33,97.45,71076.429588,2026-08-25 06:30:00+08:00
1787612400000,97.45,98.5,97.27,98.21,27457.949594,2026-08-25 07:00:00+08:00
1787614200000,98.21,98.98,98.03,98.97,49656.409112,2026-08-25 07:30:00+08:00
1787616000000,98.97,101.79,98.55,99.79,235677.699284,2026-08-25 08:00:00+08:00
1787617800000,99.8,102.8,99.56,101.76,172721.402482,2026-08-25 08:30:00+08:00
1787619600000,101.75,102.54,101.41,102.1,83511.203348,2026-08-25 09:00:00+08:00
1787621400000,102.08,102.33,100.09,100.47,56422.665048,2026-08-25 09:30:00+08:00
1787623200000,100.48,102.33,100.22,102.25,74176.157627,2026-08-25 10:00:00+08:00
1787625000000,102.23,102.31,100.75,100.92,60107.186835,2026-08-25 10:30:00+08:00
1787626800000,100.95,101.79,100.88,101.65,38718.940745,2026-08-25 11:00:00+08:00
1787628600000,101.65,102.09,101.17,101.61,29420.625942,2026-08-25 11:30:00+08:00
1787630400000,101.62,101.73,100.98,101.43,34757.168767,2026-08-25 12:00:00+08:00
1787632200000,101.43,101.57,100.82,101.32,46776.707979,2026-08-25 12:30:00+08:00
1787634000000,101.33,103.16,101.24,102.66,62779.574036,2026-08-25 13:00:00+08:00
1787635800000,102.67,102.75,101.69,101.9,35152.25346,2026-08-25 13:30:00+08:00
1787637600000,101.9,102.09,101.4,101.59,27152.833784,2026-08-25 14:00:00+08:00
1787639400000,101.59,101.59,100.43,100.77,22797.971127,2026-08-25 14:30:00+08:00
1787641200000,100.78,101.96,100.6,101.66,24760.306811,2026-08-25 15:00:00+08:00
1787643000000,101.66,101.76,99.54,100.25,51808.003207,2026-08-25 15:30:00+08:00
1787644800000,100.25,101.1,99.73,101.02,46404.437776,2026-08-25 16:00:00+08:00
1787646600000,101.04,101.12,100.24,100.4,22069.117695,2026-08-25 16:30:00+08:00
1787648400000,100.4,100.58,100.0,100.16,17248.958317,2026-08-25 17:00:00+08:00
1787650200000,100.16,100.64,99.28,99.8,27324.685958,2026-08-25 17:30:00+08:00
1787652000000,99.81,99.89,99.12,99.56,37546.33341,2026-08-25 18:00:00+08:00
1787653800000,99.55,99.86,99.3,99.63,11571.962577,2026-08-25 18:30:00+08:00
1787655600000,99.63,99.72,98.48,98.87,38761.612575,2026-08-25 19:00:00+08:00
1787657400000,98.86,99.26,98.54,98.6,17047.541951,2026-08-25 19:30:00+08:00
1787659200000,98.61,98.83,97.44,98.2,52478.244141,2026-08-25 20:00:00+08:00
1787661000000,98.2,98.73,97.84,98.6,19791.945125,2026-08-25 20:30:00+08:00
1787662800000,98.61,98.82,96.6,96.98,50133.172123,2026-08-25 21:00:00+08:00
1787664600000,96.99,98.16,96.22,97.16,93117.030472,2026-08-25 21:30:00+08:00
1787666400000,97.16,98.2,96.91,98.02,38405.928253,2026-08-25 22:00:00+08:00
1787668200000,98.01,98.42,97.69,98.2,34007.154261,2026-08-25 22:30:00+08:00
1787670000000,98.22,98.31,97.62,97.96,19522.311618,2026-08-25 23:00:00+08:00
1787671800000,97.97,98.5,97.82,98.36,21585.935638,2026-08-25 23:30:00+08:00
1787673600000,98.37,98.57,97.78,98.07,17483.247333,2026-08-26 00:00:00+08:00
1787675400000,98.07,98.66,98.04,98.21,16156.371765,2026-08-26 00:30:00+08:00
1787677200000,98.21,98.21,97.44,97.61,23050.048598,2026-08-26 01:00:00+08:00
1787679000000,97.62,98.22,97.62,98.19,29730.890097,2026-08-26 01:30:00+08:00
1787680800000,98.2,98.83,98.08,98.72,26897.97568,2026-08-26 02:00:00+08:00
1787682600000,98.72,98.79,98.38,98.5,14635.907552,2026-08-26 02:30:00+08:00
1787684400000,98.51,98.63,97.87,97.89,11137.792471,2026-08-26 03:00:00+08:00
1787686200000,97.89,98.0,97.41,97.95,22625.849537,2026-08-26 03:30:00+08:00
1787688000000,97.95,98.05,97.05,97.7,18192.4011,2026-08-26 04:00:00+08:00
1787689800000,97.69,97.73,96.63,96.68,27718.386562,2026-08-26 04:30:00+08:00
1787691600000,96.68,96.96,95.27,96.75,59059.787547,2026-08-26 05:00:00+08:00
1787693400000,96.75,97.27,96.63,97.19,16646.908483,2026-08-26 05:30:00+08:00
1787695200000,97.19,97.76,97.16,97.33,14860.408793,2026-08-26 06:00:00+08:00
1787697000000,97.34,97.57,97.2,97.22,7152.058002,2026-08-26 06:30:00+08:00
1787698800000,97.21,97.4,96.87,97.09,15508.817854,2026-08-26 07:00:00+08:00
1787700600000,97.09,97.1,96.39,96.6,12840.856659,2026-08-26 07:30:00+08:00
1787702400000,96.61,96.8,96.17,96.54,18360.497737,2026-08-26 08:00:00+08:00
1787704200000,96.54,96.93,96.2,96.65,16421.929011,2026-08-26 08:30:00+08:00
1787706000000,96.65,97.27,96.62,96.78,11978.30568,2026-08-26 09:00:00+08:00
1787707800000,96.79,97.27,96.77,97.02,12496.16735,2026-08-26 09:30:00+08:00
1787709600000,97.03,97.53,96.8,97.53,9307.019787,2026-08-26 10:00:00+08:00
1787711400000,97.53,97.55,97.16,97.28,6723.533958,2026-08-26 10:30:00+08:00
1787713200000,97.29,97.37,96.91,97.09,10458.250674,2026-08-26 11:00:00+08:00
1787715000000,97.09,97.2,96.82,97.07,13643.322355,2026-08-26 11:30:00+08:00
1787716800000,97.07,97.24,96.84,97.11,11936.016135,2026-08-26 12:00:00+08:00
1787718600000,97.12,97.3,96.57,96.62,20836.520505,2026-08-26 12:30:00+08:00
1787720400000,96.63,96.96,96.26,96.84,15405.079563,2026-08-26 13:00:00+08:00
1787722200000,96.84,97.19,96.77,97.09,9098.058177,2026-08-26 13:30:00+08:00
1787724000000,97.09,97.3,96.66,96.73,10417.999118,2026-08-26 14:00:00+08:00
1787725800000,96.73,96.85,96.51,96.79,10057.079429,2026-08-26 14:30:00+08:00
1787727600000,96.79,97.14,96.66,96.96,9438.4431,2026-08-26 15:00:00+08:00
1787729400000,96.97,97.17,96.91,96.92,12893.250103,2026-08-26 15:30:00+08:00
1787731200000,96.95,97.38,96.92,97.15,7924.444101,2026-08-26 16:00:00+08:00
1787733000000,97.15,97.22,96.7,96.81,11007.227556,2026-08-26 16:30:00+08:00
1787734800000,96.81,97.02,96.23,96.31,14394.429159,2026-08-26 17:00:00+08:00
1787736600000,96.32,96.49,95.8,96.18,23180.167419,2026-08-26 17:30:00+08:00
1787738400000,96.17,96.74,96.01,96.69,13299.875474,2026-08-26 18:00:00+08:00
1787740200000,96.69,97.88,96.55,97.47,45650.171184,2026-08-26 18:30:00+08:00
1787742000000,97.48,97.65,97.23,97.29,10237.448679,2026-08-26 19:00:00+08:00
1787743800000,97.28,97.36,96.67,97.04,14501.856291,2026-08-26 19:30:00+08:00
1787745600000,97.04,97.56,96.64,97.52,20169.862647,2026-08-26 20:00:00+08:00
1787747400000,97.51,97.53,96.05,97.02,40901.857923,2026-08-26 20:30:00+08:00
1787749200000,97.01,97.24,95.84,95.99,36532.98793,2026-08-26 21:00:00+08:00
1787751000000,96.0,96.87,96.0,96.55,27955.438522,2026-08-26 21:30:00+08:00
1787752800000,96.56,96.98,96.1,96.27,30342.858388,2026-08-26 22:00:00+08:00
1787754600000,96.28,96.37,95.41,95.47,56262.990156,2026-08-26 22:30:00+08:00
1787756400000,95.46,96.29,94.96,96.25,34877.547933,2026-08-26 23:00:00+08:00
1787758200000,96.24,96.34,95.73,95.94,13498.780708,2026-08-26 23:30:00+08:00
1787760000000,95.94,96.19,95.6,95.78,10847.70065,2026-08-27 00:00:00+08:00
1787761800000,95.78,96.09,95.48,95.95,14193.827468,2026-08-27 00:30:00+08:00
1787763600000,95.96,97.28,95.88,97.1,40705.204774,2026-08-27 01:00:00+08:00
1787765400000,97.1,97.24,96.91,96.98,24406.272495,2026-08-27 01:30:00+08:00
1787767200000,96.99,97.16,96.7,96.76,17025.991133,2026-08-27 02:00:00+08:00
1787769000000,96.77,96.94,96.65,96.83,12222.223885,2026-08-27 02:30:00+08:00
1787770800000,96.82,96.95,96.34,96.79,24004.105303,2026-08-27 03:00:00+08:00
1787772600000,96.79,96.91,96.51,96.81,18811.65656,2026-08-27 03:30:00+08:00
1787774400000,96.8,97.05,96.29,96.75,15666.855033,2026-08-27 04:00:00+08:00
1787776200000,96.75,96.94,96.44,96.94,6000.351335,2026-08-27 04:30:00+08:00
1787778000000,96.94,97.91,96.88,97.71,31028.884336,2026-08-27 05:00:00+08:00
1787779800000,97.7,98.34,97.55,98.26,21275.305703,2026-08-27 05:30:00+08:00
1787781600000,98.25,100.91,98.06,100.02,88710.492084,2026-08-27 06:00:00+08:00
1787783400000,100.01,100.26,99.56,99.7,38941.957882,2026-08-27 06:30:00+08:00
1787785200000,99.68,100.98,99.5,100.87,72410.903933,2026-08-27 07:00:00+08:00
1787787000000,100.88,102.46,100.62,102.08,105539.512001,2026-08-27 07:30:00+08:00
1787788800000,102.09,102.15,100.98,101.21,46636.08732,2026-08-27 08:00:00+08:00
1787790600000,101.21,101.26,100.59,100.59,23147.166146,2026-08-27 08:30:00+08:00
1787792400000,100.58,101.69,100.5,101.62,39464.50119,2026-08-27 09:00:00+08:00
1787794200000,101.62,101.92,101.22,101.45,26430.248265,2026-08-27 09:30:00+08:00
1787796000000,101.46,101.95,101.1,101.14,24502.081357,2026-08-27 10:00:00+08:00
1787797800000,101.13,101.42,100.87,101.17,24967.460156,2026-08-27 10:30:00+08:00
1787799600000,101.18,101.8,100.96,101.64,23430.667759,2026-08-27 11:00:00+08:00
1787801400000,101.67,101.68,100.89,101.08,15586.873456,2026-08-27 11:30:00+08:00
1787803200000,101.08,101.54,101.06,101.2,21055.927479,2026-08-27 12:00:00+08:00
1787805000000,101.19,101.48,100.69,101.07,35007.835099,2026-08-27 12:30:00+08:00
1787806800000,101.08,101.37,100.83,101.0,28379.674693,2026-08-27 13:00:00+08:00
1787808600000,101.0,102.29,100.75,102.04,50248.195686,2026-08-27 13:30:00+08:00
1787810400000,102.02,102.06,100.88,100.98,39753.856498,2026-08-27 14:00:00+08:00
1787812200000,100.99,101.36,100.99,101.28,17116.447177,2026-08-27 14:30:00+08:00
1787814000000,101.28,101.36,101.02,101.14,9037.72012,2026-08-27 15:00:00+08:00
1787815800000,101.15,102.09,101.06,101.79,30808.495317,2026-08-27 15:30:00+08:00
1787817600000,101.82,104.21,101.72,104.16,144264.227607,2026-08-27 16:00:00+08:00
1787819400000,104.16,105.08,103.78,104.67,118386.274145,2026-08-27 16:30:00+08:00
1787821200000,104.67,105.81,104.0,105.37,104083.705379,2026-08-27 17:00:00+08:00
1787823000000,105.39,105.44,104.22,104.41,31755.419772,2026-08-27 17:30:00+08:00
1787824800000,104.41,105.02,103.09,103.96,51094.469108,2026-08-27 18:00:00+08:00
1787826600000,103.97,104.25,103.33,104.1,35287.233619,2026-08-27 18:30:00+08:00
1787828400000,104.11,104.97,103.97,104.05,25599.537857,2026-08-27 19:00:00+08:00
1787830200000,104.09,104.19,103.39,103.94,24929.902865,2026-08-27 19:30:00+08:00
1787832000000,103.93,104.73,103.93,104.49,26872.930307,2026-08-27 20:00:00+08:00
1787833800000,104.5,104.76,104.05,104.43,22982.734276,2026-08-27 20:30:00+08:00
1787835600000,104.42,104.95,104.37,104.85,28520.48793,2026-08-27 21:00:00+08:00
1787837400000,104.84,106.3,104.15,106.04,91063.435991,2026-08-27 21:30:00+08:00
1787839200000,106.04,106.69,105.21,106.01,100627.845184,2026-08-27 22:00:00+08:00
1787841000000,106.01,107.94,105.87,106.79,96449.523441,2026-08-27 22:30:00+08:00
1787842800000,106.79,107.99,106.71,107.42,84185.735649,2026-08-27 23:00:00+08:00
1787844600000,107.43,107.45,106.47,107.16,73660.194422,2026-08-27 23:30:00+08:00
1787846400000,107.18,108.52,106.87,107.97,94324.566642,2026-08-28 00:00:00+08:00
1787848200000,107.97,109.49,107.84,108.94,92687.138574,2026-08-28 00:30:00+08:00
1787850000000,108.95,109.62,108.05,108.15,76515.269425,2026-08-28 01:00:00+08:00
1787851800000,108.14,108.48,107.7,108.18,38631.369611,2026-08-28 01:30:00+08:00
1787853600000,108.18,108.28,106.68,107.07,57618.562723,2026-08-28 02:00:00+08:00
1787855400000,107.13,108.39,107.07,108.38,22612.287508,2026-08-28 02:30:00+08:00
1787857200000,108.39,109.22,108.25,109.1,34609.633862,2026-08-28 03:00:00+08:00
1787859000000,109.11,109.9,108.9,109.38,52598.13228,2026-08-28 03:30:00+08:00
1787860800000,109.38,109.76,108.79,109.06,42410.588151,2026-08-28 04:00:00+08:00
1787862600000,109.06,109.28,108.43,109.02,18328.454822,2026-08-28 04:30:00+08:00
1787864400000,109.02,109.15,108.39,108.48,23688.058568,2026-08-28 05:00:00+08:00
1787866200000,108.47,108.82,108.21,108.73,12544.664912,2026-08-28 05:30:00+08:00
1787868000000,108.74,110.64,108.74,109.29,83323.912197,2026-08-28 06:00:00+08:00
1787869800000,109.27,109.56,109.07,109.18,10835.774558,2026-08-28 06:30:00+08:00
1787871600000,109.18,110.03,108.85,109.9,26568.250942,2026-08-28 07:00:00+08:00
1787873400000,109.89,110.01,109.07,109.14,40630.555609,2026-08-28 07:30:00+08:00
1787875200000,109.15,109.87,108.71,109.79,36991.101209,2026-08-28 08:00:00+08:00
1787877000000,109.78,110.09,109.08,109.11,31207.595165,2026-08-28 08:30:00+08:00
1787878800000,109.12,109.58,108.84,109.44,24877.452899,2026-08-28 09:00:00+08:00
1787880600000,109.43,109.76,107.68,107.83,75269.859572,2026-08-28 09:30:00+08:00
1787882400000,107.83,107.97,106.86,107.16,46202.477645,2026-08-28 10:00:00+08:00
1787884200000,107.15,107.39,106.15,106.53,61419.249871,2026-08-28 10:30:00+08:00
1787886000000,106.52,107.34,105.86,107.0,36150.581227,2026-08-28 11:00:00+08:00
1787887800000,107.04,107.24,106.68,106.84,19651.397755,2026-08-28 11:30:00+08:00
1787889600000,106.84,107.66,106.28,107.01,59541.708143,2026-08-28 12:00:00+08:00
1787891400000,107.01,107.21,106.49,106.8,16972.697487,2026-08-28 12:30:00+08:00
1787893200000,106.79,107.04,106.64,106.91,12659.806737,2026-08-28 13:00:00+08:00
1787895000000,106.91,107.48,106.91,107.21,19999.49474,2026-08-28 13:30:00+08:00
1787896800000,107.21,107.53,107.21,107.26,14419.375947,2026-08-28 14:00:00+08:00
1787898600000,107.27,107.83,107.18,107.56,18126.762902,2026-08-28 14:30:00+08:00
1787900400000,107.55,107.55,106.54,106.84,21530.931289,2026-08-28 15:00:00+08:00
1787902200000,106.85,106.86,106.29,106.35,14931.28049,2026-08-28 15:30:00+08:00
1787904000000,106.36,106.89,106.36,106.51,13460.694913,2026-08-28 16:00:00+08:00
1787905800000,106.5,106.68,105.8,106.07,24086.118886,2026-08-28 16:30:00+08:00
1787907600000,106.07,106.62,105.84,106.33,21832.724966,2026-08-28 17:00:00+08:00
1787909400000,106.32,106.42,105.52,105.95,21459.346681,2026-08-28 17:30:00+08:00
1787911200000,105.97,106.02,104.53,105.55,54142.268807,2026-08-28 18:00:00+08:00
1787913000000,105.54,106.27,105.52,106.21,22202.870781,2026-08-28 18:30:00+08:00
1787914800000,106.21,106.84,106.12,106.2,31948.5984,2026-08-28 19:00:00+08:00
1787916600000,106.21,106.31,105.55,105.83,17679.91008,2026-08-28 19:30:00+08:00
1787918400000,105.82,106.0,104.93,104.97,28698.725341,2026-08-28 20:00:00+08:00
1787920200000,104.96,105.2,104.54,104.88,49656.701111,2026-08-28 20:30:00+08:00
1787922000000,104.86,105.16,104.73,105.03,17363.363102,2026-08-28 21:00:00+08:00
1787923800000,105.02,105.64,104.63,105.16,55085.874648,2026-08-28 21:30:00+08:00
1787925600000,105.18,105.98,103.61,104.55,174754.467369,2026-08-28 22:00:00+08:00
1787927400000,104.54,106.75,104.18,106.29,103205.768187,2026-08-28 22:30:00+08:00
1787929200000,106.29,107.93,105.23,106.77,146532.689923,2026-08-28 23:00:00+08:00
1787931000000,106.75,107.0,105.16,105.24,52131.229037,2026-08-28 23:30:00+08:00
1787932800000,105.25,105.47,103.0,104.51,148050.699537,2026-08-29 00:00:00+08:00
1787934600000,104.5,105.71,104.43,105.16,75545.353481,2026-08-29 00:30:00+08:00
1787936400000,105.17,105.26,104.52,104.6,33124.172261,2026-08-29 01:00:00+08:00
1787938200000,104.6,105.09,104.28,104.68,32765.088609,2026-08-29 01:30:00+08:00
1787940000000,104.68,104.72,103.45,103.9,33710.287663,2026-08-29 02:00:00+08:00
1787941800000,103.9,103.9,102.28,103.11,61978.83327,2026-08-29 02:30:00+08:00
1787943600000,103.11,103.52,103.01,103.39,23794.165821,2026-08-29 03:00:00+08:00
1787945400000,103.39,103.89,103.29,103.4,25854.915643,2026-08-29 03:30:00+08:00
1787947200000,103.4,103.66,102.81,103.57,21271.518727,2026-08-29 04:00:00+08:00
1787949000000,103.56,104.34,103.35,103.86,13021.294577,2026-08-29 04:30:00+08:00
1787950800000,103.89,103.95,103.44,103.81,9153.183716,2026-08-29 05:00:00+08:00
1787952600000,103.81,104.03,103.29,103.45,10599.303016,2026-08-29 05:30:00+08:00
1787954400000,103.46,103.95,103.42,103.91,11664.349537,2026-08-29 06:00:00+08:00
1787956200000,103.91,104.23,103.75,104.14,12096.271561,2026-08-29 06:30:00+08:00
1787958000000,104.13,104.39,104.02,104.08,13464.93738,2026-08-29 07:00:00+08:00
1787959800000,104.09,104.24,104.0,104.15,4686.428085,2026-08-29 07:30:00+08:00
1787961600000,104.16,104.59,104.11,104.41,9626.222097,2026-08-29 08:00:00+08:00
1787963400000,104.41,104.42,103.88,103.91,10504.112639,2026-08-29 08:30:00+08:00
1787965200000,103.91,104.15,103.81,104.14,7722.093335,2026-08-29 09:00:00+08:00
1787967000000,104.14,104.37,104.02,104.17,14728.204402,2026-08-29 09:30:00+08:00
1787968800000,104.17,104.4,103.73,103.88,18462.106101,2026-08-29 10:00:00+08:00
1787970600000,103.88,104.16,103.65,103.95,10424.62712,2026-08-29 10:30:00+08:00
1787972400000,103.95,104.11,103.83,104.08,11531.486782,2026-08-29 11:00:00+08:00
1787974200000,104.08,104.24,103.83,103.88,19091.808817,2026-08-29 11:30:00+08:00
1787976000000,103.89,103.93,103.51,103.61,22408.555245,2026-08-29 12:00:00+08:00
1787977800000,103.62,104.04,103.46,103.88,16494.404283,2026-08-29 12:30:00+08:00
1787979600000,103.88,104.2,103.83,104.06,12383.618345,2026-08-29 13:00:00+08:00
1787981400000,104.07,104.14,103.88,104.01,10418.825172,2026-08-29 13:30:00+08:00
1787983200000,104.02,104.04,103.34,103.49,14763.882793,2026-08-29 14:00:00+08:00
1787985000000,103.5,103.67,103.49,103.58,6968.803142,2026-08-29 14:30:00+08:00
1787986800000,103.59,103.9,103.58,103.72,7635.704591,2026-08-29 15:00:00+08:00
1787988600000,103.71,103.97,103.61,103.74,11140.564014,2026-08-29 15:30:00+08:00
1787990400000,103.74,103.74,103.29,103.5,10351.314034,2026-08-29 16:00:00+08:00
1787992200000,103.49,103.49,103.1,103.47,14825.913603,2026-08-29 16:30:00+08:00
1787994000000,103.47,103.5,103.29,103.36,8283.03764,2026-08-29 17:00:00+08:00
1787995800000,103.35,103.63,103.32,103.32,12797.995036,2026-08-29 17:30:00+08:00
1787997600000,103.32,103.59,103.03,103.45,16506.464438,2026-08-29 18:00:00+08:00
1787999400000,103.45,103.6,103.31,103.44,5050.231017,2026-08-29 18:30:00+08:00
1788001200000,103.44,103.71,103.41,103.54,4767.068836,2026-08-29 19:00:00+08:00
1788003000000,103.55,103.69,103.48,103.48,5742.390669,2026-08-29 19:30:00+08:00
1788004800000,103.5,104.0,103.38,103.5,21650.022066,2026-08-29 20:00:00+08:00
1788006600000,103.5,103.7,103.39,103.61,5059.126039,2026-08-29 20:30:00+08:00
1788008400000,103.61,103.78,103.51,103.72,4597.592315,2026-08-29 21:00:00+08:00
1788010200000,103.71,103.97,103.63,103.81,10410.296122,2026-08-29 21:30:00+08:00
1788012000000,103.81,104.43,103.78,104.28,21128.330766,2026-08-29 22:00:00+08:00
1788013800000,104.28,105.51,104.26,105.36,59493.527409,2026-08-29 22:30:00+08:00
1788015600000,105.39,105.5,104.65,105.11,26524.099893,2026-08-29 23:00:00+08:00
1788017400000,105.1,105.2,104.84,105.03,17572.027562,2026-08-29 23:30:00+08:00
1788019200000,105.02,105.4,104.84,105.06,37957.699414,2026-08-30 00:00:00+08:00
1788021000000,105.05,105.29,104.86,104.86,29044.766049,2026-08-30 00:30:00+08:00
1788022800000,104.87,105.14,104.62,104.68,12596.992244,2026-08-30 01:00:00+08:00
1788024600000,104.67,104.85,104.39,104.85,13030.303257,2026-08-30 01:30:00+08:00
1788026400000,104.85,105.09,104.77,104.85,10695.811888,2026-08-30 02:00:00+08:00
1788028200000,104.84,105.3,104.75,105.11,19359.08102,2026-08-30 02:30:00+08:00
1788030000000,105.11,105.88,105.11,105.75,20639.704832,2026-08-30 03:00:00+08:00
1788031800000,105.75,105.81,105.25,105.35,19488.197876,2026-08-30 03:30:00+08:00
1788033600000,105.35,105.51,105.19,105.21,10500.978403,2026-08-30 04:00:00+08:00
1788035400000,105.21,105.32,105.06,105.22,18162.744905,2026-08-30 04:30:00+08:00
1788037200000,105.22,105.39,104.99,105.01,14070.264176,2026-08-30 05:00:00+08:00
1788039000000,105.01,105.1,104.78,105.04,9078.085678,2026-08-30 05:30:00+08:00
1788040800000,105.04,105.18,104.89,105.14,7943.720312,2026-08-30 06:00:00+08:00
1788042600000,105.13,105.54,105.13,105.49,5042.463034,2026-08-30 06:30:00+08:00
1788044400000,105.49,105.76,105.48,105.67,14223.3121,2026-08-30 07:00:00+08:00
1788046200000,105.67,105.77,105.4,105.61,10666.879508,2026-08-30 07:30:00+08:00
1788048000000,105.61,105.71,105.26,105.36,13195.412384,2026-08-30 08:00:00+08:00
1788049800000,105.35,105.52,105.21,105.27,14307.292489,2026-08-30 08:30:00+08:00
1788051600000,105.27,105.37,105.11,105.12,7949.517775,2026-08-30 09:00:00+08:00
1788053400000,105.12,105.35,105.0,105.25,17276.834653,2026-08-30 09:30:00+08:00
1788055200000,105.25,105.5,105.2,105.36,11500.058126,2026-08-30 10:00:00+08:00
1788057000000,105.36,105.47,105.18,105.22,13766.411512,2026-08-30 10:30:00+08:00
1788058800000,105.23,105.28,104.97,105.28,12254.235772,2026-08-30 11:00:00+08:00
1788060600000,105.29,105.34,105.03,105.09,6975.973128,2026-08-30 11:30:00+08:00
1788062400000,105.09,105.12,104.9,105.01,6754.878252,2026-08-30 12:00:00+08:00
1788064200000,105.0,105.1,104.64,105.1,13420.357511,2026-08-30 12:30:00+08:00
1788066000000,105.11,105.25,104.99,105.06,6671.301044,2026-08-30 13:00:00+08:00
1788067800000,105.06,105.08,104.92,105.07,5165.785914,2026-08-30 13:30:00+08:00
1788069600000,105.08,105.11,104.92,105.03,3058.349872,2026-08-30 14:00:00+08:00
1788071400000,105.02,105.42,104.93,105.41,10991.008303,2026-08-30 14:30:00+08:00
1788073200000,105.42,105.45,105.11,105.14,4783.933743,2026-08-30 15:00:00+08:00
1788075000000,105.14,105.16,104.72,104.84,10761.08805,2026-08-30 15:30:00+08:00
1788076800000,104.84,105.07,104.78,105.03,7234.399103,2026-08-30 16:00:00+08:00
1788078600000,105.03,105.05,104.46,104.76,14213.474025,2026-08-30 16:30:00+08:00
1788080400000,104.75,104.98,104.49,104.52,7425.382372,2026-08-30 17:00:00+08:00
1788082200000,104.52,104.76,104.47,104.61,8049.651095,2026-08-30 17:30:00+08:00
1788084000000,104.6,105.0,104.51,104.82,16608.820782,2026-08-30 18:00:00+08:00
1788085800000,104.83,105.24,104.83,105.1,11270.166795,2026-08-30 18:30:00+08:00
1788087600000,105.11,105.32,105.09,105.23,3981.505259,2026-08-30 19:00:00+08:00
1788089400000,105.24,105.25,104.93,105.12,9844.89295,2026-08-30 19:30:00+08:00
1788091200000,105.12,105.84,105.06,105.45,34800.96503,2026-08-30 20:00:00+08:00
1788093000000,105.47,106.2,105.24,106.12,26339.353624,2026-08-30 20:30:00+08:00
1788094800000,106.11,106.42,105.89,106.38,26962.954067,2026-08-30 21:00:00+08:00
1788096600000,106.4,107.48,106.25,107.12,61204.372772,2026-08-30 21:30:00+08:00
1788098400000,107.11,107.24,106.71,106.93,20486.249348,2026-08-30 22:00:00+08:00
1788100200000,106.93,107.04,106.64,106.75,26166.325325,2026-08-30 22:30:00+08:00
1788102000000,106.74,106.85,105.97,106.41,31249.319205,2026-08-30 23:00:00+08:00
1788103800000,106.42,106.65,106.15,106.28,10681.761086,2026-08-30 23:30:00+08:00
1788105600000,106.29,107.16,106.14,106.57,31700.020763,2026-08-31 00:00:00+08:00
1788107400000,106.57,107.01,106.49,106.91,21809.749724,2026-08-31 00:30:00+08:00
1788109200000,106.9,106.9,105.27,105.87,40705.594932,2026-08-31 01:00:00+08:00
1788111000000,105.84,106.41,105.68,106.4,22058.753361,2026-08-31 01:30:00+08:00
1788112800000,106.4,106.82,106.02,106.76,19193.076669,2026-08-31 02:00:00+08:00
1788114600000,106.77,106.86,106.5,106.69,14382.294054,2026-08-31 02:30:00+08:00
1788116400000,106.69,106.8,106.25,106.27,11738.741897,2026-08-31 03:00:00+08:00
1788118200000,106.26,106.4,105.45,105.81,21068.907343,2026-08-31 03:30:00+08:00
1788120000000,105.82,106.02,105.41,105.42,12064.452388,2026-08-31 04:00:00+08:00
1788121800000,105.41,105.47,104.35,104.76,47808.701681,2026-08-31 04:30:00+08:00
1788123600000,104.77,104.79,103.4,104.26,53529.517424,2026-08-31 05:00:00+08:00
1788125400000,104.25,104.53,104.17,104.45,9248.676376,2026-08-31 05:30:00+08:00
1788127200000,104.46,104.75,103.41,103.65,23210.227801,2026-08-31 06:00:00+08:00
1788129000000,103.64,103.92,103.32,103.81,12534.950605,2026-08-31 06:30:00+08:00
1788130800000,103.82,103.82,101.25,101.78,58391.537952,2026-08-31 07:00:00+08:00
1788132600000,101.77,102.2,100.32,101.77,103121.172954,2026-08-31 07:30:00+08:00
1788134400000,101.77,102.38,101.13,102.15,34382.017139,2026-08-31 08:00:00+08:00
1788136200000,102.13,102.61,102.07,102.17,13261.868518,2026-08-31 08:30:00+08:00
1788138000000,102.16,102.26,101.52,102.02,15866.627112,2026-08-31 09:00:00+08:00
1788139800000,102.01,102.19,101.4,101.52,21877.39814,2026-08-31 09:30:00+08:00
1788141600000,101.53,102.36,101.37,102.08,17495.886451,2026-08-31 10:00:00+08:00
1788143400000,102.07,102.17,101.22,101.45,9731.350489,2026-08-31 10:30:00+08:00
1788145200000,101.46,101.95,101.29,101.78,10056.099382,2026-08-31 11:00:00+08:00
1788147000000,101.77,102.23,101.69,101.96,10652.870314,2026-08-31 11:30:00+08:00
1788148800000,101.95,102.0,100.91,101.11,16843.851553,2026-08-31 12:00:00+08:00
1788150600000,101.11,101.56,101.05,101.45,18812.957334,2026-08-31 12:30:00+08:00
1788152400000,101.46,103.05,101.27,102.68,51788.714995,2026-08-31 13:00:00+08:00
1788154200000,102.68,102.78,102.3,102.65,16270.908144,2026-08-31 13:30:00+08:00
1788156000000,102.65,102.93,102.35,102.75,24978.170171,2026-08-31 14:00:00+08:00
1788157800000,102.75,102.89,102.52,102.72,15205.026409,2026-08-31 14:30:00+08:00
1788159600000,102.71,103.18,102.64,102.96,25819.527192,2026-08-31 15:00:00+08:00
1788161400000,102.96,103.05,102.73,102.98,10741.989004,2026-08-31 15:30:00+08:00
1788163200000,102.98,103.09,102.45,102.71,19192.584873,2026-08-31 16:00:00+08:00
1788165000000,102.72,103.47,102.69,103.23,18298.541717,2026-08-31 16:30:00+08:00
1788166800000,103.22,103.49,102.98,103.16,25759.695761,2026-08-31 17:00:00+08:00
1788168600000,103.16,103.37,103.04,103.08,10476.283405,2026-08-31 17:30:00+08:00
1788170400000,103.11,103.12,102.66,102.9,14553.770115,2026-08-31 18:00:00+08:00
1788172200000,102.9,104.08,102.81,103.66,28031.988975,2026-08-31 18:30:00+08:00
1788174000000,103.67,104.17,103.48,103.92,22508.094147,2026-08-31 19:00:00+08:00
1788175800000,103.91,103.92,103.25,103.41,11922.346292,2026-08-31 19:30:00+08:00
1788177600000,103.39,103.76,102.94,103.2,26482.119981,2026-08-31 20:00:00+08:00
1788179400000,103.19,103.25,102.33,102.77,23212.589055,2026-08-31 20:30:00+08:00
1788181200000,102.78,103.07,102.57,102.73,20530.389603,2026-08-31 21:00:00+08:00
1788183000000,102.73,103.03,102.17,102.36,32204.342485,2026-08-31 21:30:00+08:00
1788184800000,102.37,102.79,102.21,102.59,18212.353574,2026-08-31 22:00:00+08:00
1788186600000,102.6,103.94,102.34,103.53,42985.231983,2026-08-31 22:30:00+08:00
1788188400000,103.55,103.66,102.8,103.27,25239.107209,2026-08-31 23:00:00+08:00
1788190200000,103.25,103.49,102.76,102.88,16027.281762,2026-08-31 23:30:00+08:00
1788192000000,102.88,103.06,102.43,102.62,23878.643737,2026-09-01 00:00:00+08:00
1788193800000,102.63,103.33,102.46,102.83,16706.157024,2026-09-01 00:30:00+08:00
1788195600000,102.84,103.21,102.65,102.75,15578.045753,2026-09-01 01:00:00+08:00
1788197400000,102.78,103.81,102.78,103.63,21103.568211,2026-09-01 01:30:00+08:00
1788199200000,103.64,104.09,103.4,103.77,19109.81325,2026-09-01 02:00:00+08:00
1788201000000,103.78,105.0,103.73,104.47,37725.849605,2026-09-01 02:30:00+08:00
1788202800000,104.47,104.76,103.94,104.12,19182.845326,2026-09-01 03:00:00+08:00
1788204600000,104.11,104.12,103.55,103.61,16830.847748,2026-09-01 03:30:00+08:00
1788206400000,103.62,104.29,103.56,104.02,12267.976754,2026-09-01 04:00:00+08:00
1788208200000,104.02,104.12,103.54,103.75,14490.276455,2026-09-01 04:30:00+08:00
1788210000000,103.75,103.77,103.24,103.67,21933.078872,2026-09-01 05:00:00+08:00
1788211800000,103.68,104.01,103.62,103.66,10518.738527,2026-09-01 05:30:00+08:00
1788213600000,103.67,103.79,103.28,103.34,6305.197927,2026-09-01 06:00:00+08:00
1788215400000,103.34,103.39,103.12,103.21,4908.567977,2026-09-01 06:30:00+08:00
1788217200000,103.22,103.22,102.89,103.21,10188.863363,2026-09-01 07:00:00+08:00
1788219000000,103.22,103.22,102.95,103.07,5347.497868,2026-09-01 07:30:00+08:00
1788220800000,103.06,103.54,102.95,103.43,10077.562575,2026-09-01 08:00:00+08:00
1788222600000,103.43,103.5,103.05,103.19,13320.413394,2026-09-01 08:30:00+08:00
1788224400000,103.19,103.53,102.72,102.96,14470.369798,2026-09-01 09:00:00+08:00
1788226200000,102.97,103.51,102.85,103.25,9604.149862,2026-09-01 09:30:00+08:00
1788228000000,103.25,103.3,102.81,103.1,14798.704065,2026-09-01 10:00:00+08:00
1788229800000,103.1,103.44,103.07,103.41,5157.587129,2026-09-01 10:30:00+08:00
1788231600000,103.41,103.57,103.28,103.52,7601.022796,2026-09-01 11:00:00+08:00
1788233400000,103.52,104.2,103.5,103.66,15917.205276,2026-09-01 11:30:00+08:00
1788235200000,103.67,104.1,103.58,103.87,10514.20539,2026-09-01 12:00:00+08:00
1788237000000,103.86,103.96,103.52,103.64,15984.048507,2026-09-01 12:30:00+08:00
1788238800000,103.64,104.09,103.6,103.99,14226.075531,2026-09-01 13:00:00+08:00
1788240600000,103.98,104.39,103.94,104.32,19358.645534,2026-09-01 13:30:00+08:00
1788242400000,104.3,104.3,103.73,103.93,17206.136502,2026-09-01 14:00:00+08:00
1788244200000,103.93,104.07,103.38,103.38,10643.607095,2026-09-01 14:30:00+08:00
1788246000000,103.38,103.57,103.23,103.32,17612.606149,2026-09-01 15:00:00+08:00
1788247800000,103.34,103.34,102.83,103.16,14308.657194,2026-09-01 15:30:00+08:00
1788249600000,103.16,103.22,102.12,102.13,27590.858672,2026-09-01 16:00:00+08:00
1788251400000,102.13,102.52,101.81,102.08,32761.656447,2026-09-01 16:30:00+08:00
1788253200000,102.09,102.29,101.86,102.12,14157.692082,2026-09-01 17:00:00+08:00
1788255000000,102.12,102.25,101.98,101.99,6918.911849,2026-09-01 17:30:00+08:00
1788256800000,101.98,102.52,101.95,102.36,12922.250573,2026-09-01 18:00:00+08:00
1788258600000,102.36,102.74,102.27,102.39,11563.053659,2026-09-01 18:30:00+08:00
1788260400000,102.39,102.44,102.09,102.23,6565.596357,2026-09-01 19:00:00+08:00
1788262200000,102.22,102.65,102.12,102.28,16125.795857,2026-09-01 19:30:00+08:00
1788264000000,102.29,102.49,102.11,102.31,9297.496513,2026-09-01 20:00:00+08:00
1788265800000,102.3,102.3,101.47,101.93,26544.761566,2026-09-01 20:30:00+08:00
1788267600000,101.93,101.99,101.29,101.88,24702.681322,2026-09-01 21:00:00+08:00
1788269400000,101.86,102.5,101.36,101.96,23999.526925,2026-09-01 21:30:00+08:00
1788271200000,101.97,102.58,101.86,102.2,21937.553005,2026-09-01 22:00:00+08:00
1788273000000,102.2,102.51,101.91,102.02,13205.0297,2026-09-01 22:30:00+08:00
1788274800000,102.03,102.03,101.01,101.84,33771.406057,2026-09-01 23:00:00+08:00
1788276600000,101.85,102.35,101.72,102.04,14441.600582,2026-09-01 23:30:00+08:00
1788278400000,102.05,102.06,101.12,101.37,18978.204322,2026-09-02 00:00:00+08:00
1788280200000,101.38,101.38,100.62,100.94,32161.325622,2026-09-02 00:30:00+08:00
1788282000000,100.93,101.17,100.57,101.02,12487.857218,2026-09-02 01:00:00+08:00
1788283800000,101.03,101.25,100.44,100.6,21198.283335,2026-09-02 01:30:00+08:00
1788285600000,100.61,100.71,99.08,99.48,72435.696058,2026-09-02 02:00:00+08:00
1788287400000,99.5,99.61,98.35,99.61,61727.635937,2026-09-02 02:30:00+08:00
1788289200000,99.61,100.34,99.53,100.16,29761.330281,2026-09-02 03:00:00+08:00
1788291000000,100.15,100.21,99.81,100.08,14310.238026,2026-09-02 03:30:00+08:00
1788292800000,100.1,100.35,99.78,100.08,15011.005184,2026-09-02 04:00:00+08:00
1788294600000,100.09,100.19,99.67,100.1,17858.78709,2026-09-02 04:30:00+08:00
1788296400000,100.12,100.22,98.94,99.49,33065.513879,2026-09-02 05:00:00+08:00
1788298200000,99.49,99.77,99.16,99.61,10457.811291,2026-09-02 05:30:00+08:00
1788300000000,99.61,99.95,99.42,99.42,9262.933768,2026-09-02 06:00:00+08:00
1788301800000,99.42,99.92,99.35,99.69,17553.730245,2026-09-02 06:30:00+08:00
1788303600000,99.69,99.99,99.62,99.94,7987.521106,2026-09-02 07:00:00+08:00
1788305400000,99.95,100.25,99.89,100.0,12070.811585,2026-09-02 07:30:00+08:00
1788307200000,100.0,100.25,99.72,99.77,10183.824256,2026-09-02 08:00:00+08:00
1788309000000,99.77,99.94,99.62,99.66,8184.882887,2026-09-02 08:30:00+08:00
1788310800000,99.65,99.94,99.53,99.55,17700.254446,2026-09-02 09:00:00+08:00
1788312600000,99.56,99.75,98.52,99.1,32656.996441,2026-09-02 09:30:00+08:00
1788314400000,99.1,99.62,98.77,99.62,27449.840955,2026-09-02 10:00:00+08:00
1788316200000,99.61,99.93,99.37,99.93,21481.009291,2026-09-02 10:30:00+08:00
1788318000000,99.94,100.71,99.83,100.58,19616.574186,2026-09-02 11:00:00+08:00
1788319800000,100.59,100.61,100.11,100.3,18616.385583,2026-09-02 11:30:00+08:00
1788321600000,100.3,100.31,99.75,99.94,13051.579169,2026-09-02 12:00:00+08:00
1788323400000,99.95,100.15,99.95,100.09,8051.217631,2026-09-02 12:30:00+08:00
1788325200000,100.1,100.42,99.77,100.31,16994.594127,2026-09-02 13:00:00+08:00
1788327000000,100.32,100.39,100.14,100.28,5341.671115,2026-09-02 13:30:00+08:00
1788328800000,100.28,100.39,99.83,99.86,13654.377067,2026-09-02 14:00:00+08:00
1788330600000,99.86,100.27,99.68,100.08,9997.875502,2026-09-02 14:30:00+08:00
1788332400000,100.1,100.44,99.98,100.05,7504.504553,2026-09-02 15:00:00+08:00
1788334200000,100.06,100.13,99.83,99.86,8923.863798,2026-09-02 15:30:00+08:00
1788336000000,99.86,100.03,99.68,99.74,6330.5124,2026-09-02 16:00:00+08:00
1788337800000,99.72,99.72,98.81,99.02,26662.395928,2026-09-02 16:30:00+08:00
1788339600000,99.02,99.32,98.66,99.23,18636.554481,2026-09-02 17:00:00+08:00
1788341400000,99.24,99.25,98.16,98.64,42181.737857,2026-09-02 17:30:00+08:00
1788343200000,98.63,98.67,98.27,98.32,18459.223744,2026-09-02 18:00:00+08:00
1788345000000,98.32,98.36,97.46,98.24,40380.379078,2026-09-02 18:30:00+08:00
1788346800000,98.23,98.28,97.39,97.75,22395.592347,2026-09-02 19:00:00+08:00
1788348600000,97.76,98.23,97.64,98.12,22218.865116,2026-09-02 19:30:00+08:00
1788350400000,98.12,98.48,97.9,98.34,17669.067159,2026-09-02 20:00:00+08:00
1788352200000,98.35,98.35,97.66,97.72,10495.696662,2026-09-02 20:30:00+08:00
1788354000000,97.71,98.56,97.7,98.3,14479.111355,2026-09-02 21:00:00+08:00
1788355800000,98.32,99.69,98.01,99.2,54767.178785,2026-09-02 21:30:00+08:00
1788357600000,99.22,99.8,99.04,99.44,24129.458864,2026-09-02 22:00:00+08:00
1788359400000,99.44,99.5,98.91,98.94,19705.54431,2026-09-02 22:30:00+08:00
1788361200000,98.94,99.3,98.46,98.99,34376.230113,2026-09-02 23:00:00+08:00
1788363000000,98.99,99.51,98.9,99.34,13407.131511,2026-09-02 23:30:00+08:00
1788364800000,99.35,99.82,99.13,99.55,17995.552442,2026-09-03 00:00:00+08:00
1788366600000,99.57,99.67,98.78,98.81,24874.123597,2026-09-03 00:30:00+08:00
1788368400000,98.83,98.95,98.22,98.57,26352.560328,2026-09-03 01:00:00+08:00
1788370200000,98.59,99.37,98.58,99.34,13057.077198,2026-09-03 01:30:00+08:00
1788372000000,99.35,99.7,99.21,99.47,23051.909182,2026-09-03 02:00:00+08:00
1788373800000,99.47,99.57,99.18,99.53,11663.579905,2026-09-03 02:30:00+08:00
1788375600000,99.53,99.66,99.16,99.17,12678.398867,2026-09-03 03:00:00+08:00
1788377400000,99.16,99.45,99.08,99.45,8643.307824,2026-09-03 03:30:00+08:00
1788379200000,99.46,100.04,99.36,99.66,17379.525926,2026-09-03 04:00:00+08:00
1788381000000,99.66,99.93,99.49,99.72,17182.497412,2026-09-03 04:30:00+08:00
1788382800000,99.73,99.75,99.55,99.57,4338.663358,2026-09-03 05:00:00+08:00
1788384600000,99.58,99.86,99.42,99.67,7226.931859,2026-09-03 05:30:00+08:00
1788386400000,99.66,99.68,99.23,99.24,8546.120353,2026-09-03 06:00:00+08:00
1788388200000,99.27,99.76,99.27,99.55,6439.100643,2026-09-03 06:30:00+08:00
1788390000000,99.56,99.99,99.43,99.97,9884.228052,2026-09-03 07:00:00+08:00
1788391800000,99.96,100.54,99.82,100.44,8730.974226,2026-09-03 07:30:00+08:00
1788393600000,100.45,100.47,99.7,99.74,11923.243762,2026-09-03 08:00:00+08:00
1788395400000,99.74,99.86,99.5,99.53,8130.150424,2026-09-03 08:30:00+08:00
1788397200000,99.53,100.42,99.22,100.36,17283.160131,2026-09-03 09:00:00+08:00
1788399000000,100.37,100.62,99.95,100.18,16252.248846,2026-09-03 09:30:00+08:00
1788400800000,100.17,100.5,99.97,100.48,5571.147296,2026-09-03 10:00:00+08:00
1788402600000,100.47,101.35,100.38,101.13,27401.491504,2026-09-03 10:30:00+08:00
1788404400000,101.13,101.21,100.63,100.64,14005.817969,2026-09-03 11:00:00+08:00
1788406200000,100.63,100.79,100.2,100.52,15580.402235,2026-09-03 11:30:00+08:00
1788408000000,100.53,100.71,100.15,100.23,14964.814165,2026-09-03 12:00:00+08:00
1788409800000,100.23,101.0,100.08,100.99,12011.474517,2026-09-03 12:30:00+08:00
1788411600000,101.0,101.05,99.72,99.93,17856.559478,2026-09-03 13:00:00+08:00
1788413400000,99.93,100.97,99.88,100.87,13426.802046,2026-09-03 13:30:00+08:00
1788415200000,100.87,100.95,100.59,100.91,15620.604865,2026-09-03 14:00:00+08:00
1788417000000,100.9,100.99,100.8,100.88,7192.358079,2026-09-03 14:30:00+08:00
1788418800000,100.88,101.38,100.73,100.87,21441.472621,2026-09-03 15:00:00+08:00
1788420600000,100.86,101.1,100.28,100.4,18525.035529,2026-09-03 15:30:00+08:00
1788422400000,100.42,101.15,100.39,100.86,21243.151658,2026-09-03 16:00:00+08:00
1788424200000,100.88,100.92,100.53,100.63,6001.809957,2026-09-03 16:30:00+08:00
1788426000000,100.63,100.8,100.32,100.33,15221.516181,2026-09-03 17:00:00+08:00
1788427800000,100.33,100.47,100.13,100.17,5633.047692,2026-09-03 17:30:00+08:00
1788429600000,100.17,100.38,100.0,100.13,14952.642036,2026-09-03 18:00:00+08:00
1788431400000,100.13,100.5,99.92,100.44,12516.285218,2026-09-03 18:30:00+08:00
1788433200000,100.46,100.88,100.33,100.81,15318.893945,2026-09-03 19:00:00+08:00
1788435000000,100.82,101.01,100.63,100.79,18447.726651,2026-09-03 19:30:00+08:00
1788436800000,100.79,101.05,100.63,100.74,10209.467164,2026-09-03 20:00:00+08:00
1788438600000,100.75,101.86,100.75,101.71,80328.463594,2026-09-03 20:30:00+08:00
1788440400000,101.7,101.73,101.38,101.42,68098.599438,2026-09-03 21:00:00+08:00
1788442200000,101.44,102.05,101.13,101.49,35071.58931,2026-09-03 21:30:00+08:00
1788444000000,101.49,102.79,101.26,102.66,54635.458951,2026-09-03 22:00:00+08:00
1788445800000,102.66,104.85,102.37,104.81,170799.920464,2026-09-03 22:30:00+08:00
1788447600000,104.8,105.66,103.98,104.33,116407.522083,2026-09-03 23:00:00+08:00
1788449400000,104.33,105.25,103.76,105.18,73429.490234,2026-09-03 23:30:00+08:00
1788451200000,105.17,105.2,103.85,104.01,42617.844613,2026-09-04 00:00:00+08:00
1788453000000,104.03,104.77,104.03,104.57,16763.924135,2026-09-04 00:30:00+08:00
1788454800000,104.58,104.98,104.41,104.85,23584.80104,2026-09-04 01:00:00+08:00
1788456600000,104.86,105.22,104.85,105.1,24171.926295,2026-09-04 01:30:00+08:00
1788458400000,105.1,105.24,104.63,104.79,19125.711108,2026-09-04 02:00:00+08:00
1788460200000,104.8,105.28,104.68,105.22,12137.328804,2026-09-04 02:30:00+08:00
1788462000000,105.22,105.93,105.04,105.48,24078.476747,2026-09-04 03:00:00+08:00
1788463800000,105.47,105.5,105.08,105.3,17966.303151,2026-09-04 03:30:00+08:00
1788465600000,105.3,105.47,104.76,105.37,13925.960636,2026-09-04 04:00:00+08:00
1788467400000,105.37,105.46,104.91,104.91,8997.145657,2026-09-04 04:30:00+08:00
1788469200000,104.93,105.42,104.78,105.23,14434.424888,2026-09-04 05:00:00+08:00
1788471000000,105.25,105.74,104.89,105.21,25754.810605,2026-09-04 05:30:00+08:00
1788472800000,105.2,105.31,104.27,104.31,21907.753029,2026-09-04 06:00:00+08:00
1788474600000,104.29,104.41,103.65,104.16,33770.963794,2026-09-04 06:30:00+08:00
1788476400000,104.16,104.25,103.85,104.11,12934.479939,2026-09-04 07:00:00+08:00
1788478200000,104.12,104.24,103.84,103.94,18911.913257,2026-09-04 07:30:00+08:00
1788480000000,103.94,104.02,103.59,103.66,28707.444996,2026-09-04 08:00:00+08:00
1788481800000,103.66,104.34,103.44,103.49,27369.59127,2026-09-04 08:30:00+08:00
1788483600000,103.5,103.86,103.33,103.5,11979.218959,2026-09-04 09:00:00+08:00
1788485400000,103.51,103.87,103.25,103.81,8779.696082,2026-09-04 09:30:00+08:00
1788487200000,103.81,103.82,103.34,103.44,17519.767796,2026-09-04 10:00:00+08:00
1788489000000,103.45,103.8,103.42,103.79,6948.120727,2026-09-04 10:30:00+08:00
1788490800000,103.8,104.15,103.78,103.83,11361.347187,2026-09-04 11:00:00+08:00
1788492600000,103.83,103.94,103.7,103.71,3915.576226,2026-09-04 11:30:00+08:00
1788494400000,103.71,104.33,103.59,104.3,25040.289412,2026-09-04 12:00:00+08:00
1788496200000,104.3,104.36,103.83,103.92,8832.208564,2026-09-04 12:30:00+08:00
1788498000000,103.92,104.07,103.69,103.73,11768.986747,2026-09-04 13:00:00+08:00
1788499800000,103.72,103.98,103.46,103.7,15448.317008,2026-09-04 13:30:00+08:00
1788501600000,103.7,104.06,103.41,103.43,8075.979308,2026-09-04 14:00:00+08:00
1788503400000,103.46,103.71,103.37,103.61,9454.146538,2026-09-04 14:30:00+08:00
1788505200000,103.64,104.05,103.62,103.81,20688.302773,2026-09-04 15:00:00+08:00
1788507000000,103.83,103.93,103.54,103.61,18944.801507,2026-09-04 15:30:00+08:00
1788508800000,103.61,103.96,103.22,103.94,15748.599266,2026-09-04 16:00:00+08:00
1788510600000,103.94,104.51,103.79,104.39,28119.42612,2026-09-04 16:30:00+08:00
1788512400000,104.4,104.79,103.96,104.13,30810.714072,2026-09-04 17:00:00+08:00
1788514200000,104.12,104.62,104.0,104.06,22512.447877,2026-09-04 17:30:00+08:00
1788516000000,104.06,104.14,103.56,103.88,17510.923366,2026-09-04 18:00:00+08:00
1788517800000,103.87,104.15,103.82,104.13,7225.649441,2026-09-04 18:30:00+08:00
1788519600000,104.13,104.37,103.97,104.25,22154.203711,2026-09-04 19:00:00+08:00
1788521400000,104.25,104.5,104.06,104.07,8580.93838,2026-09-04 19:30:00+08:00
1788523200000,104.07,104.45,103.89,104.36,16611.597129,2026-09-04 20:00:00+08:00
1788525000000,104.35,104.35,100.19,101.57,196506.319318,2026-09-04 20:30:00+08:00
1788526800000,101.58,101.77,101.03,101.4,47330.813874,2026-09-04 21:00:00+08:00
1788528600000,101.41,102.27,101.06,101.65,43035.505223,2026-09-04 21:30:00+08:00
1788530400000,101.65,101.84,100.86,101.3,21510.640072,2026-09-04 22:00:00+08:00
1788532200000,101.3,101.39,100.32,100.79,30956.312675,2026-09-04 22:30:00+08:00
1788534000000,100.8,101.56,100.67,101.51,26837.767308,2026-09-04 23:00:00+08:00
1788535800000,101.52,101.68,101.35,101.44,18426.48685,2026-09-04 23:30:00+08:00
1788537600000,101.45,101.77,101.35,101.72,8258.265006,2026-09-05 00:00:00+08:00
1788539400000,101.72,102.09,101.72,101.82,19089.038234,2026-09-05 00:30:00+08:00
1788541200000,101.84,101.86,101.52,101.58,11132.707997,2026-09-05 01:00:00+08:00
1788543000000,101.59,101.64,101.08,101.24,17566.184817,2026-09-05 01:30:00+08:00
1788544800000,101.25,101.58,101.21,101.41,8593.263271,2026-09-05 02:00:00+08:00
1788546600000,101.44,101.7,101.44,101.66,4650.390189,2026-09-05 02:30:00+08:00
1788548400000,101.67,101.96,101.64,101.91,5215.0638,2026-09-05 03:00:00+08:00
1788550200000,101.9,101.9,101.62,101.68,10479.085994,2026-09-05 03:30:00+08:00
1788552000000,101.69,101.85,101.61,101.63,6419.699176,2026-09-05 04:00:00+08:00
1788553800000,101.64,101.86,101.64,101.74,8408.823383,2026-09-05 04:30:00+08:00
1788555600000,101.75,101.86,101.66,101.69,26340.704487,2026-09-05 05:00:00+08:00
1788557400000,101.68,101.92,101.45,101.57,14960.380817,2026-09-05 05:30:00+08:00
1788559200000,101.57,101.85,101.57,101.69,6411.809536,2026-09-05 06:00:00+08:00
1788561000000,101.69,101.79,101.63,101.74,3551.292541,2026-09-05 06:30:00+08:00
1788562800000,101.74,101.97,101.66,101.9,12623.987583,2026-09-05 07:00:00+08:00
1788564600000,101.9,101.97,101.84,101.91,4096.071534,2026-09-05 07:30:00+08:00
1788566400000,101.91,101.92,101.72,101.87,7986.619475,2026-09-05 08:00:00+08:00
1788568200000,101.88,102.0,101.77,101.83,8494.751514,2026-09-05 08:30:00+08:00
1788570000000,101.84,102.04,101.74,102.03,12187.119757,2026-09-05 09:00:00+08:00
1788571800000,102.04,102.18,101.85,101.85,7741.450493,2026-09-05 09:30:00+08:00
1788573600000,101.86,101.96,101.75,101.78,10198.846014,2026-09-05 10:00:00+08:00
1788575400000,101.78,101.97,101.68,101.96,6575.547063,2026-09-05 10:30:00+08:00
1788577200000,101.97,101.98,101.76,101.94,10640.535745,2026-09-05 11:00:00+08:00
1788579000000,101.94,102.01,101.84,101.88,3327.948168,2026-09-05 11:30:00+08:00
1788580800000,101.88,101.92,101.69,101.89,11103.781726,2026-09-05 12:00:00+08:00
1788582600000,101.89,101.94,101.86,101.91,1498.31957,2026-09-05 12:30:00+08:00
