timestamp,open,high,low,close,volume,datetime
1785218400000,73.27,73.49,73.13,73.45,17517.936494,2026-07-28 14:00:00+08:00
1785222000000,73.45,73.5,73.13,73.27,17731.474658,2026-07-28 15:00:00+08:00
1785225600000,73.28,73.44,73.15,73.36,17812.993985,2026-07-28 16:00:00+08:00
1785229200000,73.37,73.51,73.2,73.25,14870.080071,2026-07-28 17:00:00+08:00
1785232800000,73.25,73.33,73.13,73.15,19478.678242,2026-07-28 18:00:00+08:00
1785236400000,73.15,73.34,72.88,73.19,28598.872059,2026-07-28 19:00:00+08:00
1785240000000,73.19,73.45,73.11,73.39,20010.029294,2026-07-28 20:00:00+08:00
1785243600000,73.38,73.44,72.34,72.71,64685.428235,2026-07-28 21:00:00+08:00
1785247200000,72.7,73.5,72.54,73.41,37259.979492,2026-07-28 22:00:00+08:00
1785250800000,73.42,74.57,73.3,74.34,43915.914747,2026-07-28 23:00:00+08:00
1785254400000,74.34,74.57,74.05,74.42,21908.739362,2026-07-29 00:00:00+08:00
1785258000000,74.42,74.43,73.55,73.82,21629.041107,2026-07-29 01:00:00+08:00
1785261600000,73.83,74.05,73.81,73.89,6717.006925,2026-07-29 02:00:00+08:00
1785265200000,73.89,74.39,73.83,74.32,10410.576981,2026-07-29 03:00:00+08:00
1785268800000,74.33,74.37,74.01,74.05,15503.783324,2026-07-29 04:00:00+08:00
1785272400000,74.05,74.39,74.01,74.14,8717.793812,2026-07-29 05:00:00+08:00
1785276000000,74.15,74.23,73.42,73.45,14600.022859,2026-07-29 06:00:00+08:00
1785279600000,73.45,73.85,73.17,73.82,19833.151128,2026-07-29 07:00:00+08:00
1785283200000,73.82,74.19,73.76,73.79,23000.630173,2026-07-29 08:00:00+08:00
1785286800000,73.79,73.79,73.23,73.26,16078.310964,2026-07-29 09:00:00+08:00
1785290400000,73.27,73.97,73.08,73.69,14985.933264,2026-07-29 10:00:00+08:00
1785294000000,73.7,73.75,73.01,73.07,16241.728841,2026-07-29 11:00:00+08:00
1785297600000,73.1,73.49,72.73,73.45,30495.388661,2026-07-29 12:00:00+08:00
1785301200000,73.45,73.79,73.33,73.68,21475.421288,2026-07-29 13:00:00+08:00
1785304800000,73.68,74.08,73.53,74.07,15452.878823,2026-07-29 14:00:00+08:00
1785308400000,74.08,74.28,73.98,74.25,14694.161848,2026-07-29 15:00:00+08:00
1785312000000,74.27,74.36,73.71,73.93,36191.348081,2026-07-29 16:00:00+08:00
1785315600000,73.93,74.32,73.91,74.12,14125.321429,2026-07-29 17:00:00+08:00
1785319200000,74.13,74.14,73.79,73.9,20024.728538,2026-07-29 18:00:00+08:00
1785322800000,73.91,74.1,73.83,73.96,6358.817588,2026-07-29 19:00:00+08:00
1785326400000,73.96,73.96,73.46,73.53,15837.573367,2026-07-29 20:00:00+08:00
1785330000000,73.53,73.77,73.33,73.72,18063.029095,2026-07-29 21:00:00+08:00
1785333600000,73.73,73.91,73.1,73.28,26461.330503,2026-07-29 22:00:00+08:00
1785337200000,73.27,73.46,72.98,73.13,27520.986338,2026-07-29 23:00:00+08:00
1785340800000,73.13,73.38,72.91,73.28,23153.57561,2026-07-30 00:00:00+08:00
1785344400000,73.29,73.95,73.18,73.95,28218.2641,2026-07-30 01:00:00+08:00
1785348000000,73.94,74.53,73.45,74.24,97632.677,2026-07-30 02:00:00+08:00
1785351600000,74.25,74.38,72.74,72.75,47974.263374,2026-07-30 03:00:00+08:00
1785355200000,72.77,73.2,72.44,72.66,40238.744089,2026-07-30 04:00:00+08:00
1785358800000,72.66,73.18,72.33,73.18,26696.040637,2026-07-30 05:00:00+08:00
1785362400000,73.19,73.8,73.19,73.65,32586.282456,2026-07-30 06:00:00+08:00
1785366000000,73.65,73.75,73.42,73.68,14738.729515,2026-07-30 07:00:00+08:00
1785369600000,73.69,73.87,73.15,73.29,12654.978407,2026-07-30 08:00:00+08:00
1785373200000,73.3,74.2,73.28,74.03,20383.798559,2026-07-30 09:00:00+08:00
1785376800000,74.03,74.15,73.82,73.84,8759.295757,2026-07-30 10:00:00+08:00
1785380400000,73.85,74.01,73.67,73.71,9128.078978,2026-07-30 11:00:00+08:00
1785384000000,73.72,73.75,73.51,73.53,9406.179277,2026-07-30 12:00:00+08:00
1785387600000,73.53,73.87,73.43,73.71,7651.155365,2026-07-30 13:00:00+08:00
1785391200000,73.71,73.76,73.48,73.52,12419.122226,2026-07-30 14:00:00+08:00
1785394800000,73.53,73.82,73.4,73.43,11563.936794,2026-07-30 15:00:00+08:00
1785398400000,73.43,73.84,73.31,73.81,24122.894053,2026-07-30 16:00:00+08:00
1785402000000,73.82,74.22,73.8,74.06,24722.514545,2026-07-30 17:00:00+08:00
1785405600000,74.07,74.23,73.83,73.91,26707.139379,2026-07-30 18:00:00+08:00
1785409200000,73.92,74.33,73.88,74.23,20757.871356,2026-07-30 19:00:00+08:00
1785412800000,74.24,74.49,74.08,74.41,34940.764041,2026-07-30 20:00:00+08:00
1785416400000,74.4,74.91,74.12,74.7,34017.192624,2026-07-30 21:00:00+08:00
1785420000000,74.67,74.78,74.3,74.64,29849.367438,2026-07-30 22:00:00+08:00
1785423600000,74.64,74.87,74.48,74.64,20769.064322,2026-07-30 23:00:00+08:00
1785427200000,74.65,74.85,74.47,74.6,19616.214867,2026-07-31 00:00:00+08:00
1785430800000,74.6,74.89,74.44,74.78,19158.928824,2026-07-31 01:00:00+08:00
1785434400000,74.78,74.99,74.5,74.52,9672.701412,2026-07-31 02:00:00+08:00
1785438000000,74.53,74.82,74.53,74.79,9373.87375,2026-07-31 03:00:00+08:00
1785441600000,74.78,74.91,74.45,74.49,14493.289435,2026-07-31 04:00:00+08:00
1785445200000,74.5,74.62,74.44,74.5,8600.39668,2026-07-31 05:00:00+08:00
1785448800000,74.49,74.89,74.41,74.76,10986.143488,2026-07-31 06:00:00+08:00
1785452400000,74.75,75.0,74.48,74.52,27018.90407,2026-07-31 07:00:00+08:00
1785456000000,74.52,74.66,74.44,74.49,14414.519743,2026-07-31 08:00:00+08:00
1785459600000,74.5,75.3,74.29,74.41,37106.340935,2026-07-31 09:00:00+08:00
1785463200000,74.4,74.56,74.09,74.17,16285.045848,2026-07-31 10:00:00+08:00
1785466800000,74.17,74.36,73.89,74.16,14884.504518,2026-07-31 11:00:00+08:00
1785470400000,74.15,74.16,73.74,73.84,16200.324436,2026-07-31 12:00:00+08:00
1785474000000,73.84,74.33,73.83,74.23,24533.986667,2026-07-31 13:00:00+08:00
1785477600000,74.25,74.53,74.01,74.1,14737.613959,2026-07-31 14:00:00+08:00
1785481200000,74.09,74.09,73.52,73.69,20722.513291,2026-07-31 15:00:00+08:00
1785484800000,73.69,73.81,73.54,73.66,14699.888176,2026-07-31 16:00:00+08:00
1785488400000,73.67,73.72,73.4,73.49,16698.562879,2026-07-31 17:00:00+08:00
1785492000000,73.49,73.66,73.3,73.57,17295.761682,2026-07-31 18:00:00+08:00
1785495600000,73.58,73.73,73.48,73.58,9685.52997,2026-07-31 19:00:00+08:00
1785499200000,73.58,73.65,73.38,73.63,13949.070212,2026-07-31 20:00:00+08:00
1785502800000,73.64,73.82,73.17,73.29,18530.317173,2026-07-31 21:00:00+08:00
1785506400000,73.3,73.7,72.8,73.03,73745.666613,2026-07-31 22:00:00+08:00
1785510000000,73.05,73.22,72.89,73.11,17757.129167,2026-07-31 23:00:00+08:00
1785513600000,73.11,73.36,72.98,73.3,16894.928226,2026-08-01 00:00:00+08:00
1785517200000,73.3,73.44,73.18,73.37,17086.805191,2026-08-01 01:00:00+08:00
1785520800000,73.37,73.48,72.96,73.12,13364.12079,2026-08-01 02:00:00+08:00
1785524400000,73.11,73.3,72.92,73.08,17044.25361,2026-08-01 03:00:00+08:00
1785528000000,73.09,73.23,72.95,72.97,17479.774169,2026-08-01 04:00:00+08:00
1785531600000,72.97,73.11,72.56,72.73,19629.69408,2026-08-01 05:00:00+08:00
1785535200000,72.74,72.95,72.68,72.85,8023.473956,2026-08-01 06:00:00+08:00
1785538800000,72.86,72.97,72.8,72.87,8481.921054,2026-08-01 07:00:00+08:00
1785542400000,72.88,73.16,72.88,73.02,11933.71435,2026-08-01 08:00:00+08:00
1785546000000,73.02,73.15,72.99,73.03,5913.705402,2026-08-01 09:00:00+08:00
1785549600000,73.04,73.17,73.01,73.09,7254.323123,2026-08-01 10:00:00+08:00
1785553200000,73.09,73.11,72.88,73.04,14220.055272,2026-08-01 11:00:00+08:00
1785556800000,73.04,73.22,73.03,73.18,5089.179474,2026-08-01 12:00:00+08:00
1785560400000,73.18,73.21,72.88,72.96,7044.358303,2026-08-01 13:00:00+08:00
1785564000000,72.96,73.04,72.9,73.0,3969.838706,2026-08-01 14:00:00+08:00
1785567600000,73.01,73.11,72.93,72.98,6293.052392,2026-08-01 15:00:00+08:00
1785571200000,72.99,73.08,72.96,73.05,4038.045538,2026-08-01 16:00:00+08:00
1785574800000,73.05,73.09,72.84,72.85,5638.404392,2026-08-01 17:00:00+08:00
1785578400000,72.85,72.9,72.67,72.85,6533.069864,2026-08-01 18:00:00+08:00
1785582000000,72.86,72.92,72.8,72.9,4887.470533,2026-08-01 19:00:00+08:00
1785585600000,72.91,72.96,72.88,72.95,2838.87112,2026-08-01 20:00:00+08:00
1785589200000,72.95,73.01,72.91,72.99,4543.743272,2026-08-01 21:00:00+08:00
1785592800000,72.99,73.05,72.88,73.03,6141.862517,2026-08-01 22:00:00+08:00
1785596400000,73.03,73.04,72.73,72.79,8218.28258,2026-08-01 23:00:00+08:00
1785600000000,72.8,72.95,72.48,72.71,18125.403337,2026-08-02 00:00:00+08:00
1785603600000,72.7,72.79,71.63,71.93,66267.66841,2026-08-02 01:00:00+08:00
1785607200000,71.92,71.98,70.58,71.09,71568.455879,2026-08-02 02:00:00+08:00
1785610800000,71.08,71.37,71.06,71.27,15748.955048,2026-08-02 03:00:00+08:00
1785614400000,71.27,71.57,71.22,71.57,15399.076309,2026-08-02 04:00:00+08:00
1785618000000,71.57,71.86,71.56,71.85,18270.852735,2026-08-02 05:00:00+08:00
1785621600000,71.86,72.01,71.86,71.92,8429.828065,2026-08-02 06:00:00+08:00
1785625200000,71.92,72.09,71.82,71.94,8331.520725,2026-08-02 07:00:00+08:00
1785628800000,71.95,72.15,71.93,72.11,6607.292052,2026-08-02 08:00:00+08:00
1785632400000,72.11,72.75,72.1,72.65,26854.464644,2026-08-02 09:00:00+08:00
1785636000000,72.66,73.4,72.58,73.14,41190.114402,2026-08-02 10:00:00+08:00
1785639600000,73.14,73.24,73.08,73.19,12531.882574,2026-08-02 11:00:00+08:00
1785643200000,73.2,73.55,73.2,73.53,15908.768386,2026-08-02 12:00:00+08:00
1785646800000,73.52,73.67,73.47,73.59,14111.791309,2026-08-02 13:00:00+08:00
1785650400000,73.6,73.65,73.43,73.45,12273.062232,2026-08-02 14:00:00+08:00
1785654000000,73.44,73.51,73.4,73.48,13941.303897,2026-08-02 15:00:00+08:00
1785657600000,73.48,73.55,73.17,73.2,22476.579762,2026-08-02 16:00:00+08:00
1785661200000,73.2,73.44,72.97,73.39,17661.35734,2026-08-02 17:00:00+08:00
1785664800000,73.39,73.39,73.16,73.28,16259.656984,2026-08-02 18:00:00+08:00
1785668400000,73.28,73.31,72.95,73.0,10486.45352,2026-08-02 19:00:00+08:00
1785672000000,73.01,73.24,72.9,72.91,12398.103687,2026-08-02 20:00:00+08:00
1785675600000,72.91,73.03,72.71,72.97,12473.687309,2026-08-02 21:00:00+08:00
1785679200000,72.98,73.24,72.93,73.11,6214.275359,2026-08-02 22:00:00+08:00
1785682800000,73.11,73.22,73.01,73.03,6117.128483,2026-08-02 23:00:00+08:00
1785686400000,73.04,73.31,72.93,73.16,9659.905742,2026-08-03 00:00:00+08:00
1785690000000,73.16,73.4,73.1,73.32,5895.036801,2026-08-03 01:00:00+08:00
1785693600000,73.32,73.87,73.25,73.57,14835.580593,2026-08-03 02:00:00+08:00
1785697200000,73.58,73.79,73.53,73.73,7188.681053,2026-08-03 03:00:00+08:00
1785700800000,73.73,73.75,73.57,73.69,5039.342,2026-08-03 04:00:00+08:00
1785704400000,73.7,74.35,73.68,74.0,23868.780189,2026-08-03 05:00:00+08:00
1785708000000,74.0,74.22,73.65,73.66,15191.982501,2026-08-03 06:00:00+08:00
1785711600000,73.65,73.67,73.47,73.64,7872.867647,2026-08-03 07:00:00+08:00
1785715200000,73.64,73.67,73.18,73.24,9089.833583,2026-08-03 08:00:00+08:00
1785718800000,73.24,73.26,72.95,73.0,10396.333277,2026-08-03 09:00:00+08:00
1785722400000,73.0,73.27,72.92,73.05,21538.139833,2026-08-03 10:00:00+08:00
1785726000000,73.04,73.13,72.7,72.91,9044.36283,2026-08-03 11:00:00+08:00
1785729600000,72.91,73.08,72.85,72.86,7145.574648,2026-08-03 12:00:00+08:00
1785733200000,72.86,73.07,72.83,72.93,9769.323004,2026-08-03 13:00:00+08:00
1785736800000,72.93,72.99,72.53,72.61,9333.719664,2026-08-03 14:00:00+08:00
1785740400000,72.62,72.7,72.44,72.54,14432.806966,2026-08-03 15:00:00+08:00
1785744000000,72.53,72.58,72.0,72.37,26159.363058,2026-08-03 16:00:00+08:00
1785747600000,72.38,72.8,72.34,72.75,16435.728882,2026-08-03 17:00:00+08:00
1785751200000,72.74,72.81,72.52,72.63,9601.841281,2026-08-03 18:00:00+08:00
1785754800000,72.63,72.66,72.4,72.46,8397.258202,2026-08-03 19:00:00+08:00
1785758400000,72.46,72.57,72.34,72.43,9928.583368,2026-08-03 20:00:00+08:00
1785762000000,72.43,73.29,72.33,73.28,29704.356029,2026-08-03 21:00:00+08:00
1785765600000,73.27,73.81,73.03,73.79,39570.022823,2026-08-03 22:00:00+08:00
1785769200000,73.79,73.83,73.47,73.62,26624.088225,2026-08-03 23:00:00+08:00
1785772800000,73.62,73.82,73.23,73.43,21898.736358,2026-08-04 00:00:00+08:00
1785776400000,73.43,73.86,73.32,73.7,19476.272147,2026-08-04 01:00:00+08:00
1785780000000,73.7,74.3,73.7,73.99,38670.659628,2026-08-04 02:00:00+08:00
1785783600000,73.99,74.2,73.96,74.04,12252.930095,2026-08-04 03:00:00+08:00
1785787200000,74.04,74.15,73.78,73.86,13179.824214,2026-08-04 04:00:00+08:00
1785790800000,73.86,73.89,73.67,73.72,5360.06941,2026-08-04 05:00:00+08:00
1785794400000,73.72,73.74,73.38,73.54,6356.6566,2026-08-04 06:00:00+08:00
1785798000000,73.55,73.57,73.4,73.57,5780.141496,2026-08-04 07:00:00+08:00
1785801600000,73.57,73.64,73.05,73.08,13148.176132,2026-08-04 08:00:00+08:00
1785805200000,73.09,73.79,73.05,73.79,15138.920495,2026-08-04 09:00:00+08:00
1785808800000,73.8,74.13,73.69,73.88,13062.074205,2026-08-04 10:00:00+08:00
1785812400000,73.89,73.91,73.44,73.7,18321.041815,2026-08-04 11:00:00+08:00
1785816000000,73.7,74.1,73.6,73.84,21195.898505,2026-08-04 12:00:00+08:00
1785819600000,73.84,73.89,73.71,73.74,7065.876344,2026-08-04 13:00:00+08:00
1785823200000,73.75,73.93,73.4,73.43,17553.002873,2026-08-04 14:00:00+08:00
1785826800000,73.44,73.75,73.21,73.69,18622.868591,2026-08-04 15:00:00+08:00
1785830400000,73.7,73.77,73.3,73.37,10634.000837,2026-08-04 16:00:00+08:00
1785834000000,73.37,73.37,73.17,73.31,7882.088588,2026-08-04 17:00:00+08:00
1785837600000,73.31,73.72,73.09,73.61,14890.382864,2026-08-04 18:00:00+08:00
1785841200000,73.62,73.99,73.54,73.95,18587.973789,2026-08-04 19:00:00+08:00
1785844800000,73.95,74.09,73.76,73.82,13929.09187,2026-08-04 20:00:00+08:00
1785848400000,73.83,74.06,73.6,73.63,25343.647007,2026-08-04 21:00:00+08:00
1785852000000,73.65,73.92,73.34,73.84,32128.400377,2026-08-04 22:00:00+08:00
1785855600000,73.84,74.21,73.42,73.99,27907.415325,2026-08-04 23:00:00+08:00
1785859200000,74.0,74.02,73.61,73.74,15724.483201,2026-08-05 00:00:00+08:00
1785862800000,73.75,74.24,73.72,73.78,15802.761513,2026-08-05 01:00:00+08:00
1785866400000,73.78,74.39,73.78,74.17,25783.009888,2026-08-05 02:00:00+08:00
1785870000000,74.17,74.4,74.12,74.19,15270.812783,2026-08-05 03:00:00+08:00
1785873600000,74.21,74.47,73.89,74.28,24355.015191,2026-08-05 04:00:00+08:00
1785877200000,74.28,74.29,74.03,74.14,18346.745064,2026-08-05 05:00:00+08:00
1785880800000,74.15,74.23,73.98,74.1,4090.725329,2026-08-05 06:00:00+08:00
1785884400000,74.11,74.29,73.75,73.76,14566.097775,2026-08-05 07:00:00+08:00
1785888000000,73.75,73.81,73.48,73.53,11053.428436,2026-08-05 08:00:00+08:00
1785891600000,73.52,74.12,73.4,74.11,12922.973528,2026-08-05 09:00:00+08:00
1785895200000,74.12,74.49,74.07,74.22,27019.601073,2026-08-05 10:00:00+08:00
1785898800000,74.21,74.3,73.72,73.8,19095.992547,2026-08-05 11:00:00+08:00
1785902400000,73.8,73.87,73.63,73.81,7710.028953,2026-08-05 12:00:00+08:00
1785906000000,73.81,74.29,73.76,74.15,23452.039934,2026-08-05 13:00:00+08:00
1785909600000,74.15,74.25,73.98,74.0,8270.693289,2026-08-05 14:00:00+08:00
1785913200000,74.0,74.04,73.69,73.99,18641.510413,2026-08-05 15:00:00+08:00
1785916800000,73.99,74.16,73.96,74.08,11751.412951,2026-08-05 16:00:00+08:00
1785920400000,74.08,74.2,74.01,74.03,9879.128248,2026-08-05 17:00:00+08:00
1785924000000,74.03,74.14,73.79,73.86,5860.191444,2026-08-05 18:00:00+08:00
1785927600000,73.86,74.0,73.74,73.78,7523.905643,2026-08-05 19:00:00+08:00
1785931200000,73.78,74.39,73.73,74.08,28588.260943,2026-08-05 20:00:00+08:00
1785934800000,74.08,74.11,73.27,73.99,43880.105465,2026-08-05 21:00:00+08:00
1785938400000,73.98,74.15,73.62,73.96,37040.626122,2026-08-05 22:00:00+08:00
1785942000000,73.96,74.31,73.84,73.96,25449.827584,2026-08-05 23:00:00+08:00
1785945600000,73.96,74.44,73.95,74.28,16420.251884,2026-08-06 00:00:00+08:00
1785949200000,74.29,74.66,74.14,74.56,14662.225296,2026-08-06 01:00:00+08:00
1785952800000,74.56,74.83,74.42,74.53,16364.695309,2026-08-06 02:00:00+08:00
1785956400000,74.53,74.64,74.42,74.48,8233.703959,2026-08-06 03:00:00+08:00
1785960000000,74.48,74.59,74.3,74.39,20197.847039,2026-08-06 04:00:00+08:00
1785963600000,74.39,74.39,74.08,74.14,8608.448279,2026-08-06 05:00:00+08:00
1785967200000,74.14,74.2,74.0,74.02,5894.167648,2026-08-06 06:00:00+08:00
1785970800000,74.02,74.12,73.86,74.04,12675.314061,2026-08-06 07:00:00+08:00
1785974400000,74.05,74.27,74.03,74.08,9279.613933,2026-08-06 08:00:00+08:00
1785978000000,74.08,74.12,73.73,73.77,19937.961243,2026-08-06 09:00:00+08:00
1785981600000,73.77,73.79,73.4,73.56,28804.654203,2026-08-06 10:00:00+08:00
1785985200000,73.56,73.61,73.45,73.49,15615.153721,2026-08-06 11:00:00+08:00
1785988800000,73.5,73.88,73.41,73.88,13617.131977,2026-08-06 12:00:00+08:00
1785992400000,73.89,74.35,73.87,74.24,17804.379074,2026-08-06 13:00:00+08:00
1785996000000,74.24,74.25,73.96,74.05,7775.148922,2026-08-06 14:00:00+08:00
1785999600000,74.05,74.13,73.87,73.89,11115.033182,2026-08-06 15:00:00+08:00
1786003200000,73.89,74.1,73.7,74.0,22578.766214,2026-08-06 16:00:00+08:00
1786006800000,74.0,74.0,73.2,73.31,43668.929242,2026-08-06 17:00:00+08:00
1786010400000,73.31,73.44,73.17,73.32,18604.42152,2026-08-06 18:00:00+08:00
1786014000000,73.33,73.57,73.19,73.46,6106.775758,2026-08-06 19:00:00+08:00
1786017600000,73.47,73.48,73.14,73.15,8678.25627,2026-08-06 20:00:00+08:00
1786021200000,73.15,73.33,72.85,73.26,24576.099064,2026-08-06 21:00:00+08:00
1786024800000,73.25,73.58,73.1,73.47,37968.007036,2026-08-06 22:00:00+08:00
1786028400000,73.47,73.62,73.31,73.32,14807.873917,2026-08-06 23:00:00+08:00
1786032000000,73.32,73.49,73.1,73.44,20124.723573,2026-08-07 00:00:00+08:00
1786035600000,73.45,73.55,73.06,73.2,9814.91552,2026-08-07 01:00:00+08:00
1786039200000,73.2,73.23,72.73,72.81,29592.364395,2026-08-07 02:00:00+08:00
1786042800000,72.82,72.97,72.56,72.81,23146.879443,2026-08-07 03:00:00+08:00
1786046400000,72.81,72.99,72.81,72.85,13187.576175,2026-08-07 04:00:00+08:00
1786050000000,72.85,73.0,72.79,72.88,17687.265753,2026-08-07 05:00:00+08:00
1786053600000,72.88,72.89,72.66,72.7,8817.164891,2026-08-07 06:00:00+08:00
1786057200000,72.69,72.74,72.35,72.7,20215.824687,2026-08-07 07:00:00+08:00
1786060800000,72.7,72.82,72.57,72.67,7760.87723,2026-08-07 08:00:00+08:00
1786064400000,72.67,72.88,72.59,72.75,12675.380884,2026-08-07 09:00:00+08:00
1786068000000,72.75,72.94,72.5,72.71,12063.435562,2026-08-07 10:00:00+08:00
1786071600000,72.71,72.77,72.55,72.64,6326.265255,2026-08-07 11:00:00+08:00
1786075200000,72.63,72.8,72.52,72.67,8980.528173,2026-08-07 12:00:00+08:00
1786078800000,72.68,72.96,72.44,72.88,18965.075481,2026-08-07 13:00:00+08:00
1786082400000,72.88,73.08,72.81,72.84,15929.657232,2026-08-07 14:00:00+08:00
1786086000000,72.84,73.03,72.76,72.94,13937.003563,2026-08-07 15:00:00+08:00
1786089600000,72.93,73.32,72.91,73.2,10513.57425,2026-08-07 16:00:00+08:00
1786093200000,73.2,73.74,73.19,73.62,23756.610584,2026-08-07 17:00:00+08:00
1786096800000,73.63,73.77,73.49,73.52,15840.832731,2026-08-07 18:00:00+08:00
1786100400000,73.53,73.77,73.52,73.63,15994.221677,2026-08-07 19:00:00+08:00
1786104000000,73.64,74.37,73.63,73.91,63078.111242,2026-08-07 20:00:00+08:00
1786107600000,73.91,74.35,73.8,74.14,37151.739623,2026-08-07 21:00:00+08:00
1786111200000,74.13,74.23,73.57,73.72,43107.043378,2026-08-07 22:00:00+08:00
1786114800000,73.73,73.98,73.71,73.9,13445.594853,2026-08-07 23:00:00+08:00
1786118400000,73.91,74.13,73.59,73.59,16956.567738,2026-08-08 00:00:00+08:00
1786122000000,73.58,73.59,73.2,73.44,22097.709929,2026-08-08 01:00:00+08:00
1786125600000,73.43,73.58,73.28,73.42,8560.326832,2026-08-08 02:00:00+08:00
1786129200000,73.42,74.04,73.41,74.02,21809.582559,2026-08-08 03:00:00+08:00
1786132800000,74.03,74.1,73.8,73.83,12412.593285,2026-08-08 04:00:00+08:00
1786136400000,73.84,73.89,73.61,73.67,15335.819704,2026-08-08 05:00:00+08:00
1786140000000,73.67,73.74,73.6,73.65,5639.11334,2026-08-08 06:00:00+08:00
1786143600000,73.66,73.79,73.62,73.68,6406.757339,2026-08-08 07:00:00+08:00
1786147200000,73.67,73.76,73.59,73.72,11662.187076,2026-08-08 08:00:00+08:00
1786150800000,73.73,73.96,73.69,73.89,9981.264652,2026-08-08 09:00:00+08:00
1786154400000,73.89,73.98,73.85,73.86,9475.266229,2026-08-08 10:00:00+08:00
1786158000000,73.87,75.0,73.86,74.83,61453.491859,2026-08-08 11:00:00+08:00
1786161600000,74.84,75.14,74.6,74.65,51600.885414,2026-08-08 12:00:00+08:00
1786165200000,74.65,74.76,74.49,74.66,15416.763986,2026-08-08 13:00:00+08:00
1786168800000,74.67,74.84,74.57,74.72,13236.159629,2026-08-08 14:00:00+08:00
1786172400000,74.73,74.83,74.65,74.81,9392.332585,2026-08-08 15:00:00+08:00
1786176000000,74.82,74.93,74.69,74.8,12126.20703,2026-08-08 16:00:00+08:00
1786179600000,74.81,75.02,74.8,74.86,10260.819283,2026-08-08 17:00:00+08:00
1786183200000,74.87,75.17,74.87,75.09,15272.251809,2026-08-08 18:00:00+08:00
1786186800000,75.08,75.7,75.06,75.6,46515.392471,2026-08-08 19:00:00+08:00
1786190400000,75.6,75.67,75.36,75.44,27502.167326,2026-08-08 20:00:00+08:00
1786194000000,75.44,75.56,75.42,75.54,11710.395625,2026-08-08 21:00:00+08:00
1786197600000,75.54,76.62,75.54,76.48,47249.220693,2026-08-08 22:00:00+08:00
1786201200000,76.49,76.82,76.24,76.39,41632.779721,2026-08-08 23:00:00+08:00
1786204800000,76.39,76.5,76.16,76.37,18730.793329,2026-08-09 00:00:00+08:00
1786208400000,76.38,76.49,76.27,76.39,13943.667871,2026-08-09 01:00:00+08:00
1786212000000,76.38,76.38,76.08,76.14,11036.181393,2026-08-09 02:00:00+08:00
1786215600000,76.14,76.31,75.98,76.16,18770.836491,2026-08-09 03:00:00+08:00
1786219200000,76.16,76.28,76.15,76.27,6633.055337,2026-08-09 04:00:00+08:00
1786222800000,76.26,76.36,76.15,76.22,8160.939328,2026-08-09 05:00:00+08:00
1786226400000,76.22,76.29,75.87,75.92,9534.550069,2026-08-09 06:00:00+08:00
1786230000000,75.92,76.09,75.79,76.01,11074.555512,2026-08-09 07:00:00+08:00
1786233600000,76.02,76.06,75.85,76.01,9605.867477,2026-08-09 08:00:00+08:00
1786237200000,76.02,76.09,75.75,75.89,17100.927029,2026-08-09 09:00:00+08:00
1786240800000,75.89,76.0,75.8,75.88,13999.249132,2026-08-09 10:00:00+08:00
1786244400000,75.88,76.06,75.77,76.0,9593.237605,2026-08-09 11:00:00+08:00
1786248000000,75.99,76.12,75.96,75.98,13636.772163,2026-08-09 12:00:00+08:00
1786251600000,75.98,76.05,75.89,76.01,11539.387418,2026-08-09 13:00:00+08:00
1786255200000,76.01,76.49,75.97,76.42,21881.332621,2026-08-09 14:00:00+08:00
1786258800000,76.42,76.49,76.24,76.36,12533.837728,2026-08-09 15:00:00+08:00
1786262400000,76.36,76.57,76.11,76.33,19585.815732,2026-08-09 16:00:00+08:00
1786266000000,76.32,76.54,76.25,76.44,15094.382287,2026-08-09 17:00:00+08:00
1786269600000,76.45,76.66,76.37,76.39,13287.074493,2026-08-09 18:00:00+08:00
1786273200000,76.39,76.54,76.34,76.51,6654.259949,2026-08-09 19:00:00+08:00
1786276800000,76.5,76.6,76.32,76.37,9584.956429,2026-08-09 20:00:00+08:00
1786280400000,76.36,76.88,76.35,76.57,18992.359894,2026-08-09 21:00:00+08:00
1786284000000,76.58,77.08,76.57,77.03,31269.409759,2026-08-09 22:00:00+08:00
1786287600000,77.03,77.46,76.85,77.42,54946.646607,2026-08-09 23:00:00+08:00
1786291200000,77.43,77.58,77.09,77.34,36801.526575,2026-08-10 00:00:00+08:00
1786294800000,77.34,77.34,77.14,77.18,12874.92725,2026-08-10 01:00:00+08:00
1786298400000,77.18,77.25,77.1,77.21,6961.167911,2026-08-10 02:00:00+08:00
1786302000000,77.2,77.37,77.14,77.24,7324.350343,2026-08-10 03:00:00+08:00
1786305600000,77.23,77.3,77.07,77.26,9111.002973,2026-08-10 04:00:00+08:00
1786309200000,77.27,77.51,77.16,77.36,8849.761609,2026-08-10 05:00:00+08:00
1786312800000,77.37,77.86,76.66,76.82,35742.603011,2026-08-10 06:00:00+08:00
1786316400000,76.8,76.91,76.21,76.28,34309.048,2026-08-10 07:00:00+08:00
1786320000000,76.27,77.04,76.22,76.55,33784.816559,2026-08-10 08:00:00+08:00
1786323600000,76.55,77.16,76.41,76.93,18725.987602,2026-08-10 09:00:00+08:00
1786327200000,76.93,76.95,76.45,76.83,21102.323695,2026-08-10 10:00:00+08:00
1786330800000,76.82,76.93,76.38,76.63,22351.368008,2026-08-10 11:00:00+08:00
1786334400000,76.64,76.75,76.45,76.56,13361.969578,2026-08-10 12:00:00+08:00
1786338000000,76.56,76.97,76.55,76.88,8535.184897,2026-08-10 13:00:00+08:00
1786341600000,76.88,77.06,76.82,77.0,13137.781943,2026-08-10 14:00:00+08:00
1786345200000,77.0,77.11,76.84,76.99,14890.766099,2026-08-10 15:00:00+08:00
1786348800000,76.99,77.17,76.69,76.96,29273.904731,2026-08-10 16:00:00+08:00
1786352400000,76.95,77.03,76.57,76.57,17759.634564,2026-08-10 17:00:00+08:00
1786356000000,76.58,76.87,76.54,76.82,14197.44276,2026-08-10 18:00:00+08:00
1786359600000,76.83,77.06,76.68,77.06,12780.945696,2026-08-10 19:00:00+08:00
1786363200000,77.06,77.13,76.61,76.65,29998.294291,2026-08-10 20:00:00+08:00
1786366800000,76.64,76.77,76.12,76.32,50522.297506,2026-08-10 21:00:00+08:00
1786370400000,76.32,76.7,76.24,76.27,31624.855138,2026-08-10 22:00:00+08:00
1786374000000,76.26,76.43,75.8,75.95,70584.308139,2026-08-10 23:00:00+08:00
1786377600000,75.95,76.09,75.59,75.7,57890.945702,2026-08-11 00:00:00+08:00
1786381200000,75.71,76.11,75.62,75.97,33903.565451,2026-08-11 01:00:00+08:00
1786384800000,75.97,76.07,75.72,75.82,29720.128854,2026-08-11 02:00:00+08:00
1786388400000,75.82,76.27,75.81,76.2,29599.793261,2026-08-11 03:00:00+08:00
1786392000000,76.2,76.5,76.17,76.44,21632.74257,2026-08-11 04:00:00+08:00
1786395600000,76.43,76.49,76.29,76.3,13542.910715,2026-08-11 05:00:00+08:00
1786399200000,76.3,76.37,76.04,76.21,11149.128914,2026-08-11 06:00:00+08:00
1786402800000,76.22,76.22,75.98,76.0,13221.7043,2026-08-11 07:00:00+08:00
1786406400000,76.01,76.04,75.77,75.89,14944.317011,2026-08-11 08:00:00+08:00
1786410000000,75.9,76.11,75.71,76.11,14104.105868,2026-08-11 09:00:00+08:00
1786413600000,76.11,76.15,75.99,76.04,7017.485469,2026-08-11 10:00:00+08:00
1786417200000,76.04,76.25,76.04,76.09,5751.978195,2026-08-11 11:00:00+08:00
1786420800000,76.09,76.23,76.08,76.09,4858.683838,2026-08-11 12:00:00+08:00
1786424400000,76.09,76.09,75.79,75.81,8844.078422,2026-08-11 13:00:00+08:00
1786428000000,75.82,76.03,75.66,75.82,22047.176695,2026-08-11 14:00:00+08:00
1786431600000,75.82,75.87,75.43,75.69,15327.603943,2026-08-11 15:00:00+08:00
1786435200000,75.7,75.99,75.63,75.94,11142.106253,2026-08-11 16:00:00+08:00
1786438800000,75.94,75.95,75.68,75.89,29648.183653,2026-08-11 17:00:00+08:00
1786442400000,75.89,76.07,75.77,75.95,14593.495647,2026-08-11 18:00:00+08:00
1786446000000,75.95,76.36,75.95,76.22,18387.077032,2026-08-11 19:00:00+08:00
1786449600000,76.22,76.25,75.81,75.87,14516.981189,2026-08-11 20:00:00+08:00
1786453200000,75.87,76.11,75.73,76.02,22434.838042,2026-08-11 21:00:00+08:00
1786456800000,76.02,76.15,75.09,75.21,39016.163755,2026-08-11 22:00:00+08:00
1786460400000,75.2,75.41,74.63,74.93,52909.280375,2026-08-11 23:00:00+08:00
1786464000000,74.93,75.08,74.79,74.94,18892.724415,2026-08-12 00:00:00+08:00
1786467600000,74.94,75.21,74.93,75.17,15256.812243,2026-08-12 01:00:00+08:00
1786471200000,75.17,75.35,75.09,75.28,11143.730702,2026-08-12 02:00:00+08:00
1786474800000,75.28,75.7,75.07,75.65,21858.130557,2026-08-12 03:00:00+08:00
1786478400000,75.67,76.26,75.66,76.06,55395.374643,2026-08-12 04:00:00+08:00
1786482000000,76.06,76.44,76.0,76.44,26249.709123,2026-08-12 05:00:00+08:00
1786485600000,76.44,76.68,76.26,76.41,24877.817795,2026-08-12 06:00:00+08:00
1786489200000,76.41,76.41,76.2,76.29,10701.524429,2026-08-12 07:00:00+08:00
1786492800000,76.3,76.38,76.23,76.38,12387.080044,2026-08-12 08:00:00+08:00
1786496400000,76.38,76.6,76.31,76.42,12725.548319,2026-08-12 09:00:00+08:00
1786500000000,76.43,76.6,76.42,76.43,16788.982363,2026-08-12 10:00:00+08:00
1786503600000,76.44,76.53,76.26,76.43,14366.084708,2026-08-12 11:00:00+08:00
1786507200000,76.43,76.58,76.28,76.3,8022.291407,2026-08-12 12:00:00+08:00
1786510800000,76.31,76.37,76.19,76.34,7387.50061,2026-08-12 13:00:00+08:00
1786514400000,76.33,76.37,75.99,76.06,9151.395225,2026-08-12 14:00:00+08:00
1786518000000,76.06,76.27,75.95,76.27,8119.836423,2026-08-12 15:00:00+08:00
1786521600000,76.26,76.47,76.16,76.19,14209.573614,2026-08-12 16:00:00+08:00
1786525200000,76.2,76.9,76.14,76.75,23805.221121,2026-08-12 17:00:00+08:00
1786528800000,76.75,76.87,76.67,76.78,13995.499384,2026-08-12 18:00:00+08:00
1786532400000,76.78,76.87,76.7,76.84,8251.290476,2026-08-12 19:00:00+08:00
1786536000000,76.84,77.35,76.38,76.66,70817.779463,2026-08-12 20:00:00+08:00
1786539600000,76.66,76.68,76.06,76.24,54631.943405,2026-08-12 21:00:00+08:00
1786543200000,76.23,76.25,75.41,75.47,51910.054518,2026-08-12 22:00:00+08:00
1786546800000,75.47,75.88,75.38,75.76,19729.029006,2026-08-12 23:00:00+08:00
1786550400000,75.75,75.86,75.57,75.7,11935.118646,2026-08-13 00:00:00+08:00
1786554000000,75.7,76.07,75.68,75.92,14175.395863,2026-08-13 01:00:00+08:00
1786557600000,75.92,76.1,75.84,75.88,15716.258008,2026-08-13 02:00:00+08:00
1786561200000,75.89,76.01,75.6,75.77,18170.184154,2026-08-13 03:00:00+08:00
1786564800000,75.77,76.02,75.75,75.94,13551.578336,2026-08-13 04:00:00+08:00
1786568400000,75.94,76.01,75.45,75.49,16094.621158,2026-08-13 05:00:00+08:00
1786572000000,75.49,75.67,75.34,75.54,13749.346447,2026-08-13 06:00:00+08:00
1786575600000,75.54,75.65,75.39,75.63,24631.195609,2026-08-13 07:00:00+08:00
1786579200000,75.63,75.87,75.56,75.62,16582.159117,2026-08-13 08:00:00+08:00
1786582800000,75.62,75.81,75.48,75.64,17567.735281,2026-08-13 09:00:00+08:00
1786586400000,75.64,75.98,75.54,75.97,16158.601322,2026-08-13 10:00:00+08:00
1786590000000,75.98,76.31,75.97,76.25,37553.944154,2026-08-13 11:00:00+08:00
1786593600000,76.26,76.28,76.0,76.13,22432.842141,2026-08-13 12:00:00+08:00
1786597200000,76.13,76.63,76.09,76.52,29269.31478,2026-08-13 13:00:00+08:00
1786600800000,76.52,76.55,76.3,76.53,23546.101039,2026-08-13 14:00:00+08:00
1786604400000,76.53,76.54,76.4,76.45,23630.098243,2026-08-13 15:00:00+08:00
1786608000000,76.45,76.49,76.18,76.22,9790.191137,2026-08-13 16:00:00+08:00
1786611600000,76.22,76.22,75.9,76.16,12141.558812,2026-08-13 17:00:00+08:00
1786615200000,76.17,76.19,75.71,75.77,21820.861075,2026-08-13 18:00:00+08:00
1786618800000,75.77,75.77,75.57,75.67,11683.039915,2026-08-13 19:00:00+08:00
1786622400000,75.67,76.15,75.65,76.14,17790.242056,2026-08-13 20:00:00+08:00
1786626000000,76.14,76.37,76.04,76.2,15289.100991,2026-08-13 21:00:00+08:00
1786629600000,76.2,76.58,76.14,76.47,16267.654519,2026-08-13 22:00:00+08:00
1786633200000,76.47,76.54,75.64,75.65,22032.435945,2026-08-13 23:00:00+08:00
1786636800000,75.65,75.88,75.08,75.59,48678.806925,2026-08-14 00:00:00+08:00
1786640400000,75.6,75.94,75.56,75.78,14376.311264,2026-08-14 01:00:00+08:00
1786644000000,75.78,76.09,75.69,76.02,9538.328033,2026-08-14 02:00:00+08:00
1786647600000,76.02,76.28,75.98,76.2,12012.891672,2026-08-14 03:00:00+08:00
1786651200000,76.21,76.34,76.15,76.23,9728.202573,2026-08-14 04:00:00+08:00
1786654800000,76.23,76.31,76.13,76.22,7650.399038,2026-08-14 05:00:00+08:00
1786658400000,76.22,76.45,76.21,76.25,8070.16634,2026-08-14 06:00:00+08:00
1786662000000,76.26,76.3,76.15,76.26,7776.598449,2026-08-14 07:00:00+08:00
1786665600000,76.27,76.33,75.99,76.09,10582.07941,2026-08-14 08:00:00+08:00
1786669200000,76.09,76.17,75.92,76.1,8930.711121,2026-08-14 09:00:00+08:00
1786672800000,76.1,76.2,75.99,76.03,12673.341457,2026-08-14 10:00:00+08:00
1786676400000,76.03,76.07,75.75,75.77,22169.037465,2026-08-14 11:00:00+08:00
1786680000000,75.76,76.03,75.75,75.85,4860.648439,2026-08-14 12:00:00+08:00
1786683600000,75.85,76.0,75.81,75.93,6170.831339,2026-08-14 13:00:00+08:00
1786687200000,75.93,75.93,75.51,75.55,13464.500576,2026-08-14 14:00:00+08:00
1786690800000,75.54,75.73,75.5,75.59,13624.68161,2026-08-14 15:00:00+08:00
1786694400000,75.6,75.9,75.57,75.86,12517.202752,2026-08-14 16:00:00+08:00
1786698000000,75.87,75.88,75.43,75.5,13853.165533,2026-08-14 17:00:00+08:00
1786701600000,75.49,75.65,75.35,75.41,14765.058567,2026-08-14 18:00:00+08:00
1786705200000,75.4,75.6,75.4,75.54,8733.050596,2026-08-14 19:00:00+08:00
1786708800000,75.53,75.59,75.35,75.48,10046.424002,2026-08-14 20:00:00+08:00
1786712400000,75.47,75.49,75.26,75.37,20703.831816,2026-08-14 21:00:00+08:00
1786716000000,75.37,75.42,75.05,75.27,15815.295714,2026-08-14 22:00:00+08:00
1786719600000,75.27,75.77,75.2,75.64,11357.618208,2026-08-14 23:00:00+08:00
1786723200000,75.65,75.72,75.45,75.47,8719.37413,2026-08-15 00:00:00+08:00
1786726800000,75.48,75.68,75.17,75.29,10726.839226,2026-08-15 01:00:00+08:00
1786730400000,75.29,75.3,74.94,74.97,16185.125281,2026-08-15 02:00:00+08:00
1786734000000,74.96,75.11,74.68,75.01,20140.643221,2026-08-15 03:00:00+08:00
1786737600000,75.02,75.25,74.98,75.15,9227.536868,2026-08-15 04:00:00+08:00
1786741200000,75.16,75.24,75.09,75.2,6841.35472,2026-08-15 05:00:00+08:00
1786744800000,75.2,75.28,74.98,75.2,6706.071977,2026-08-15 06:00:00+08:00
1786748400000,75.2,75.42,75.16,75.41,7733.967649,2026-08-15 07:00:00+08:00
1786752000000,75.41,75.44,75.3,75.35,12478.842507,2026-08-15 08:00:00+08:00
1786755600000,75.35,75.47,75.29,75.42,9319.064499,2026-08-15 09:00:00+08:00
1786759200000,75.42,75.69,75.39,75.67,17982.318543,2026-08-15 10:00:00+08:00
1786762800000,75.67,75.72,75.41,75.42,9323.171986,2026-08-15 11:00:00+08:00
1786766400000,75.43,75.6,75.36,75.53,16799.2215,2026-08-15 12:00:00+08:00
1786770000000,75.54,75.6,75.31,75.35,15023.711263,2026-08-15 13:00:00+08:00
1786773600000,75.35,75.49,75.28,75.43,6596.299595,2026-08-15 14:00:00+08:00
1786777200000,75.42,75.43,75.21,75.23,6355.04387,2026-08-15 15:00:00+08:00
1786780800000,75.25,75.32,75.08,75.09,11875.1952,2026-08-15 16:00:00+08:00
1786784400000,75.09,75.26,75.04,75.25,5626.611614,2026-08-15 17:00:00+08:00
1786788000000,75.25,75.36,75.2,75.3,10710.165535,2026-08-15 18:00:00+08:00
1786791600000,75.29,75.31,75.21,75.26,4597.59999,2026-08-15 19:00:00+08:00
1786795200000,75.26,75.44,75.2,75.43,5921.514803,2026-08-15 20:00:00+08:00
1786798800000,75.43,75.58,75.4,75.57,7932.82025,2026-08-15 21:00:00+08:00
1786802400000,75.57,75.59,75.45,75.46,7829.688152,2026-08-15 22:00:00+08:00
1786806000000,75.46,75.54,75.38,75.52,4278.337334,2026-08-15 23:00:00+08:00
1786809600000,75.53,75.54,75.42,75.49,5589.462324,2026-08-16 00:00:00+08:00
1786813200000,75.49,75.69,75.48,75.67,6600.11575,2026-08-16 01:00:00+08:00
1786816800000,75.67,75.68,75.51,75.55,7371.726666,2026-08-16 02:00:00+08:00
1786820400000,75.56,75.58,75.52,75.56,4601.432537,2026-08-16 03:00:00+08:00
1786824000000,75.56,75.58,75.42,75.54,8360.474072,2026-08-16 04:00:00+08:00
1786827600000,75.54,75.74,75.53,75.63,11507.101594,2026-08-16 05:00:00+08:00
1786831200000,75.63,75.69,75.56,75.58,5560.952304,2026-08-16 06:00:00+08:00
1786834800000,75.59,75.59,75.32,75.35,7588.007643,2026-08-16 07:00:00+08:00
1786838400000,75.35,75.5,75.27,75.48,4964.047911,2026-08-16 08:00:00+08:00
1786842000000,75.48,75.49,75.31,75.43,4266.888872,2026-08-16 09:00:00+08:00
1786845600000,75.44,75.66,75.27,75.57,9696.028059,2026-08-16 10:00:00+08:00
1786849200000,75.58,75.66,75.57,75.58,3829.579893,2026-08-16 11:00:00+08:00
1786852800000,75.58,75.62,75.44,75.46,3639.101093,2026-08-16 12:00:00+08:00
1786856400000,75.46,75.53,75.35,75.37,6877.767238,2026-08-16 13:00:00+08:00
1786860000000,75.37,75.53,75.29,75.38,8721.500471,2026-08-16 14:00:00+08:00
1786863600000,75.39,75.49,75.35,75.48,4336.270597,2026-08-16 15:00:00+08:00
1786867200000,75.48,75.49,75.41,75.47,2742.090973,2026-08-16 16:00:00+08:00
1786870800000,75.48,75.49,75.26,75.32,9791.751148,2026-08-16 17:00:00+08:00
1786874400000,75.33,75.33,75.18,75.27,5866.229374,2026-08-16 18:00:00+08:00
1786878000000,75.27,75.32,75.23,75.3,7866.683133,2026-08-16 19:00:00+08:00
1786881600000,75.29,75.3,75.2,75.23,3268.305243,2026-08-16 20:00:00+08:00
1786885200000,75.23,75.43,75.22,75.32,5919.799098,2026-08-16 21:00:00+08:00
1786888800000,75.32,75.42,75.25,75.4,5483.160766,2026-08-16 22:00:00+08:00
1786892400000,75.41,75.64,75.39,75.57,10555.337888,2026-08-16 23:00:00+08:00
1786896000000,75.58,75.71,75.51,75.56,9897.78321,2026-08-17 00:00:00+08:00
1786899600000,75.57,75.6,75.28,75.29,14761.136678,2026-08-17 01:00:00+08:00
1786903200000,75.29,75.3,75.05,75.2,9343.786906,2026-08-17 02:00:00+08:00
1786906800000,75.2,75.37,75.18,75.24,4306.381674,2026-08-17 03:00:00+08:00
1786910400000,75.24,75.34,74.97,75.04,16539.995788,2026-08-17 04:00:00+08:00
1786914000000,75.04,75.09,74.02,74.33,47320.228605,2026-08-17 05:00:00+08:00
1786917600000,74.33,74.53,74.18,74.51,14515.840185,2026-08-17 06:00:00+08:00
1786921200000,74.51,74.66,74.46,74.61,5818.922807,2026-08-17 07:00:00+08:00
1786924800000,74.61,74.75,74.43,74.63,13904.814461,2026-08-17 08:00:00+08:00
1786928400000,74.62,75.35,74.59,75.11,20522.673072,2026-08-17 09:00:00+08:00
1786932000000,75.11,75.59,75.07,75.49,23552.434793,2026-08-17 10:00:00+08:00
1786935600000,75.5,75.58,75.44,75.51,26304.853852,2026-08-17 11:00:00+08:00
1786939200000,75.51,75.63,75.49,75.55,12671.438897,2026-08-17 12:00:00+08:00
1786942800000,75.56,75.61,75.39,75.41,11270.338971,2026-08-17 13:00:00+08:00
1786946400000,75.4,76.0,75.36,75.84,31670.788286,2026-08-17 14:00:00+08:00
1786950000000,75.85,75.95,75.74,75.79,11261.99266,2026-08-17 15:00:00+08:00
1786953600000,75.79,75.82,75.18,75.26,45968.390138,2026-08-17 16:00:00+08:00
1786957200000,75.26,75.44,75.24,75.36,12853.081788,2026-08-17 17:00:00+08:00
1786960800000,75.36,75.81,75.31,75.78,14585.746939,2026-08-17 18:00:00+08:00
1786964400000,75.77,75.93,75.68,75.7,12873.259373,2026-08-17 19:00:00+08:00
1786968000000,75.7,75.72,75.35,75.46,18337.893566,2026-08-17 20:00:00+08:00
1786971600000,75.45,75.78,75.3,75.64,18163.10576,2026-08-17 21:00:00+08:00
1786975200000,75.64,76.03,75.51,75.99,12465.424327,2026-08-17 22:00:00+08:00
1786978800000,75.99,76.23,75.81,76.1,24208.871113,2026-08-17 23:00:00+08:00
1786982400000,76.11,76.15,75.95,76.02,20673.903285,2026-08-18 00:00:00+08:00
1786986000000,76.02,76.12,75.7,75.92,13818.868741,2026-08-18 01:00:00+08:00
1786989600000,75.92,76.17,75.87,75.9,8596.61608,2026-08-18 02:00:00+08:00
1786993200000,75.91,75.95,75.76,75.81,6556.626684,2026-08-18 03:00:00+08:00
1786996800000,75.81,76.11,75.63,76.0,13825.438613,2026-08-18 04:00:00+08:00
1787000400000,76.0,76.06,75.88,75.95,4895.929829,2026-08-18 05:00:00+08:00
1787004000000,75.96,76.03,75.72,75.74,10133.286788,2026-08-18 06:00:00+08:00
1787007600000,75.75,76.13,75.73,76.01,8885.557127,2026-08-18 07:00:00+08:00
1787011200000,76.02,76.1,75.87,76.04,14239.289549,2026-08-18 08:00:00+08:00
1787014800000,76.05,76.06,75.57,75.6,12265.818264,2026-08-18 09:00:00+08:00
1787018400000,75.61,75.66,75.23,75.29,18324.06913,2026-08-18 10:00:00+08:00
1787022000000,75.3,75.55,75.27,75.51,11797.128072,2026-08-18 11:00:00+08:00
1787025600000,75.51,75.85,75.4,75.84,10099.255185,2026-08-18 12:00:00+08:00
1787029200000,75.83,75.98,75.58,75.73,15614.067803,2026-08-18 13:00:00+08:00
1787032800000,75.72,76.05,75.65,76.01,11362.178095,2026-08-18 14:00:00+08:00
1787036400000,76.01,76.27,75.95,76.09,19325.755432,2026-08-18 15:00:00+08:00
1787040000000,76.1,76.19,75.86,76.18,15562.699041,2026-08-18 16:00:00+08:00
1787043600000,76.17,76.17,75.9,75.95,13791.949537,2026-08-18 17:00:00+08:00
1787047200000,75.95,75.99,75.81,75.84,7839.095791,2026-08-18 18:00:00+08:00
1787050800000,75.84,76.44,75.82,76.33,19693.817771,2026-08-18 19:00:00+08:00
1787054400000,76.33,76.52,76.23,76.25,13299.751139,2026-08-18 20:00:00+08:00
1787058000000,76.25,76.31,76.06,76.22,17045.680687,2026-08-18 21:00:00+08:00
1787061600000,76.22,77.32,76.13,76.79,62522.097073,2026-08-18 22:00:00+08:00
1787065200000,76.79,77.26,76.79,77.21,24253.871284,2026-08-18 23:00:00+08:00
1787068800000,77.21,77.33,76.85,77.08,21664.103794,2026-08-19 00:00:00+08:00
1787072400000,77.08,77.09,76.89,76.9,15951.862438,2026-08-19 01:00:00+08:00
1787076000000,76.89,77.3,76.88,77.27,11974.414573,2026-08-19 02:00:00+08:00
1787079600000,77.27,77.42,77.08,77.19,16934.363149,2026-08-19 03:00:00+08:00
1787083200000,77.19,77.23,76.75,76.9,28143.294241,2026-08-19 04:00:00+08:00
1787086800000,76.9,77.13,76.9,77.0,7693.666094,2026-08-19 05:00:00+08:00
1787090400000,77.01,77.21,76.88,76.95,23504.603825,2026-08-19 06:00:00+08:00
1787094000000,76.96,77.24,76.95,77.05,16811.344087,2026-08-19 07:00:00+08:00
1787097600000,77.06,77.1,76.83,76.92,10250.039569,2026-08-19 08:00:00+08:00
1787101200000,76.92,77.06,76.72,76.81,25801.629464,2026-08-19 09:00:00+08:00
1787104800000,76.81,76.93,76.71,76.82,11928.21613,2026-08-19 10:00:00+08:00
1787108400000,76.82,77.11,76.72,77.0,11625.572161,2026-08-19 11:00:00+08:00
1787112000000,77.0,77.14,76.79,76.87,13914.337536,2026-08-19 12:00:00+08:00
1787115600000,76.87,77.06,76.78,76.8,12228.327742,2026-08-19 13:00:00+08:00
1787119200000,76.81,77.17,76.63,77.08,38730.792442,2026-08-19 14:00:00+08:00
1787122800000,77.08,77.11,76.95,76.95,12154.178745,2026-08-19 15:00:00+08:00
1787126400000,76.95,77.68,76.92,77.38,46113.190353,2026-08-19 16:00:00+08:00
1787130000000,77.38,77.49,77.22,77.33,15775.106322,2026-08-19 17:00:00+08:00
1787133600000,77.33,77.4,77.22,77.39,11889.3118,2026-08-19 18:00:00+08:00
1787137200000,77.39,77.63,77.38,77.54,24012.526436,2026-08-19 19:00:00+08:00
1787140800000,77.54,78.78,77.44,78.41,79545.925529,2026-08-19 20:00:00+08:00
1787144400000,78.41,78.7,78.17,78.41,63781.015269,2026-08-19 21:00:00+08:00
1787148000000,78.42,81.0,78.37,80.87,159105.424609,2026-08-19 22:00:00+08:00
1787151600000,80.89,82.96,80.67,81.83,389222.064638,2026-08-19 23:00:00+08:00
1787155200000,81.83,82.41,81.56,81.59,98545.374102,2026-08-20 00:00:00+08:00
1787158800000,81.6,81.73,81.03,81.65,74056.334497,2026-08-20 01:00:00+08:00
1787162400000,81.65,82.3,81.27,82.28,79437.431694,2026-08-20 02:00:00+08:00
1787166000000,82.27,82.52,82.0,82.37,42398.00633,2026-08-20 03:00:00+08:00
1787169600000,82.37,84.38,82.29,83.73,184687.139781,2026-08-20 04:00:00+08:00
1787173200000,83.74,87.33,83.73,86.64,437556.000587,2026-08-20 05:00:00+08:00
1787176800000,86.66,86.85,84.93,85.5,120472.151881,2026-08-20 06:00:00+08:00
1787180400000,85.5,85.76,85.04,85.4,55360.062971,2026-08-20 07:00:00+08:00
1787184000000,85.4,85.8,84.9,85.01,66755.575403,2026-08-20 08:00:00+08:00
1787187600000,85.01,85.41,84.66,85.37,49105.341564,2026-08-20 09:00:00+08:00
1787191200000,85.38,85.46,84.71,84.77,32373.718705,2026-08-20 10:00:00+08:00
1787194800000,84.78,84.79,84.02,84.48,54335.879803,2026-08-20 11:00:00+08:00
1787198400000,84.48,84.99,84.42,84.83,22875.347912,2026-08-20 12:00:00+08:00
1787202000000,84.83,85.08,84.82,84.95,17544.725818,2026-08-20 13:00:00+08:00
1787205600000,84.96,85.93,84.72,85.91,55360.515041,2026-08-20 14:00:00+08:00
1787209200000,85.91,86.2,85.78,86.17,35379.218536,2026-08-20 15:00:00+08:00
1787212800000,86.17,87.98,86.04,87.52,99631.045366,2026-08-20 16:00:00+08:00
1787216400000,87.53,87.83,87.1,87.34,71531.791402,2026-08-20 17:00:00+08:00
1787220000000,87.34,87.81,87.0,87.46,42037.853144,2026-08-20 18:00:00+08:00
1787223600000,87.47,88.12,87.1,87.22,54513.434889,2026-08-20 19:00:00+08:00
1787227200000,87.21,87.41,86.53,87.09,50726.060004,2026-08-20 20:00:00+08:00
1787230800000,87.09,87.49,86.16,86.57,134123.859156,2026-08-20 21:00:00+08:00
1787234400000,86.57,86.88,86.16,86.6,40292.318913,2026-08-20 22:00:00+08:00
1787238000000,86.61,87.48,86.57,87.37,68531.884468,2026-08-20 23:00:00+08:00
1787241600000,87.37,87.86,86.87,87.77,51101.289014,2026-08-21 00:00:00+08:00
1787245200000,87.76,87.95,87.29,87.5,51123.414197,2026-08-21 01:00:00+08:00
1787248800000,87.5,87.67,86.67,86.86,49822.824723,2026-08-21 02:00:00+08:00
1787252400000,86.85,87.53,86.85,87.31,50683.904063,2026-08-21 03:00:00+08:00
1787256000000,87.31,87.68,87.24,87.6,15628.081145,2026-08-21 04:00:00+08:00
1787259600000,87.59,87.88,87.43,87.5,16662.964064,2026-08-21 05:00:00+08:00
1787263200000,87.51,87.6,87.19,87.22,20806.890186,2026-08-21 06:00:00+08:00
1787266800000,87.24,87.99,87.21,87.65,27822.399154,2026-08-21 07:00:00+08:00
1787270400000,87.66,88.8,87.58,88.24,59589.137318,2026-08-21 08:00:00+08:00
1787274000000,88.23,89.5,88.13,89.01,76770.664213,2026-08-21 09:00:00+08:00
1787277600000,89.01,90.21,88.5,89.26,109035.446989,2026-08-21 10:00:00+08:00
1787281200000,89.27,89.55,88.76,89.11,45113.639712,2026-08-21 11:00:00+08:00
1787284800000,89.11,89.5,88.89,89.47,44873.86926,2026-08-21 12:00:00+08:00
1787288400000,89.48,90.75,89.18,90.44,59106.51311,2026-08-21 13:00:00+08:00
1787292000000,90.45,91.34,89.77,90.24,89246.983907,2026-08-21 14:00:00+08:00
1787295600000,90.24,91.2,89.97,90.42,81282.665836,2026-08-21 15:00:00+08:00
1787299200000,90.42,93.41,90.37,93.29,150777.920303,2026-08-21 16:00:00+08:00
1787302800000,93.27,93.35,90.27,91.67,150420.424369,2026-08-21 17:00:00+08:00
1787306400000,91.66,91.76,90.86,91.47,43684.360247,2026-08-21 18:00:00+08:00
1787310000000,91.47,91.62,89.91,90.3,81877.925665,2026-08-21 19:00:00+08:00
1787313600000,90.3,91.14,90.01,90.86,50061.377256,2026-08-21 20:00:00+08:00
1787317200000,90.87,91.38,89.77,91.07,70208.598215,2026-08-21 21:00:00+08:00
1787320800000,91.07,91.97,90.56,91.89,61013.997548,2026-08-21 22:00:00+08:00
1787324400000,91.88,92.16,91.25,91.36,72174.2861,2026-08-21 23:00:00+08:00
1787328000000,91.37,91.93,90.76,91.62,46675.855794,2026-08-22 00:00:00+08:00
1787331600000,91.62,92.0,91.18,91.79,59589.031204,2026-08-22 01:00:00+08:00
1787335200000,91.8,92.07,91.08,91.57,51645.175227,2026-08-22 02:00:00+08:00
1787338800000,91.58,91.64,90.76,90.96,39447.990451,2026-08-22 03:00:00+08:00
1787342400000,90.96,91.98,90.57,91.87,44239.280676,2026-08-22 04:00:00+08:00
1787346000000,91.86,93.86,91.65,93.74,95708.981284,2026-08-22 05:00:00+08:00
1787349600000,93.75,94.64,93.3,94.32,111295.039908,2026-08-22 06:00:00+08:00
1787353200000,94.35,95.0,93.4,93.73,66350.388054,2026-08-22 07:00:00+08:00
1787356800000,93.74,94.42,92.88,93.89,60737.193549,2026-08-22 08:00:00+08:00
1787360400000,93.9,94.43,93.48,93.69,41403.321562,2026-08-22 09:00:00+08:00
1787364000000,93.69,95.8,93.68,95.64,95392.858471,2026-08-22 10:00:00+08:00
1787367600000,95.66,97.56,95.5,96.79,125717.372612,2026-08-22 11:00:00+08:00
1787371200000,96.8,102.74,96.18,99.18,392938.12802,2026-08-22 12:00:00+08:00
1787374800000,99.11,99.98,87.66,94.22,625531.412828,2026-08-22 13:00:00+08:00
1787378400000,94.22,95.14,93.07,94.3,123456.336253,2026-08-22 14:00:00+08:00
1787382000000,94.3,95.52,94.05,94.46,97365.117143,2026-08-22 15:00:00+08:00
1787385600000,94.47,95.01,93.0,94.08,105906.329162,2026-08-22 16:00:00+08:00
1787389200000,94.09,94.56,92.97,93.9,57218.416053,2026-08-22 17:00:00+08:00
1787392800000,93.91,93.98,91.33,92.87,122067.098801,2026-08-22 18:00:00+08:00
1787396400000,92.88,93.52,92.56,93.3,33406.578413,2026-08-22 19:00:00+08:00
1787400000000,93.3,94.35,93.14,93.81,75971.865997,2026-08-22 20:00:00+08:00
1787403600000,93.84,94.22,93.53,94.11,37047.073076,2026-08-22 21:00:00+08:00
1787407200000,94.12,94.27,92.89,93.26,40683.966427,2026-08-22 22:00:00+08:00
1787410800000,93.25,93.58,92.82,93.06,27421.712974,2026-08-22 23:00:00+08:00
1787414400000,93.07,94.64,93.07,94.29,50351.365195,2026-08-23 00:00:00+08:00
1787418000000,94.3,94.55,93.76,94.26,36484.019116,2026-08-23 01:00:00+08:00
1787421600000,94.27,94.53,94.03,94.46,38202.709097,2026-08-23 02:00:00+08:00
1787425200000,94.46,94.81,94.27,94.5,36846.289859,2026-08-23 03:00:00+08:00
1787428800000,94.5,94.79,94.31,94.4,21334.797042,2026-08-23 04:00:00+08:00
1787432400000,94.39,94.4,92.73,92.83,42532.738247,2026-08-23 05:00:00+08:00
1787436000000,92.81,94.02,92.59,93.64,35969.367636,2026-08-23 06:00:00+08:00
1787439600000,93.65,94.0,93.36,93.83,17494.951588,2026-08-23 07:00:00+08:00
1787443200000,93.83,97.23,93.6,96.35,112584.497256,2026-08-23 08:00:00+08:00
1787446800000,96.37,96.58,95.66,96.01,75911.288453,2026-08-23 09:00:00+08:00
1787450400000,96.01,96.46,94.1,94.9,122174.248114,2026-08-23 10:00:00+08:00
1787454000000,94.91,95.03,93.44,93.7,80168.778356,2026-08-23 11:00:00+08:00
1787457600000,93.7,94.1,92.21,92.55,119479.77309,2026-08-23 12:00:00+08:00
1787461200000,92.55,93.29,91.58,92.31,89215.047373,2026-08-23 13:00:00+08:00
1787464800000,92.3,92.78,91.78,92.25,44162.98597,2026-08-23 14:00:00+08:00
1787468400000,92.26,92.98,92.14,92.48,27062.698565,2026-08-23 15:00:00+08:00
1787472000000,92.49,93.5,92.32,93.18,49353.580956,2026-08-23 16:00:00+08:00
1787475600000,93.19,93.53,92.9,93.33,26668.080891,2026-08-23 17:00:00+08:00
1787479200000,93.32,94.12,93.28,93.62,36911.900125,2026-08-23 18:00:00+08:00
1787482800000,93.62,94.81,93.54,94.62,38379.622542,2026-08-23 19:00:00+08:00
1787486400000,94.61,94.79,94.09,94.58,27914.177267,2026-08-23 20:00:00+08:00
1787490000000,94.57,95.81,94.56,95.38,55155.294821,2026-08-23 21:00:00+08:00
1787493600000,95.38,95.68,93.29,95.05,93904.761703,2026-08-23 22:00:00+08:00
1787497200000,95.05,95.9,94.66,95.35,50757.946518,2026-08-23 23:00:00+08:00
1787500800000,95.36,95.71,95.17,95.41,37473.937832,2026-08-24 00:00:00+08:00
1787504400000,95.41,95.51,94.81,95.11,29656.649738,2026-08-24 01:00:00+08:00
1787508000000,95.1,95.46,94.94,95.3,25842.25724,2026-08-24 02:00:00+08:00
1787511600000,95.32,95.49,94.83,95.07,23823.478403,2026-08-24 03:00:00+08:00
1787515200000,95.08,95.39,94.75,95.05,13967.909327,2026-08-24 04:00:00+08:00
1787518800000,95.06,96.26,95.06,95.33,53279.21154,2026-08-24 05:00:00+08:00
1787522400000,95.33,95.75,94.78,95.58,56539.818816,2026-08-24 06:00:00+08:00
1787526000000,95.59,95.87,95.0,95.44,51118.26952,2026-08-24 07:00:00+08:00
1787529600000,95.45,95.56,93.87,95.56,84126.191797,2026-08-24 08:00:00+08:00
1787533200000,95.56,95.56,93.74,93.87,50506.652561,2026-08-24 09:00:00+08:00
1787536800000,93.86,95.05,93.67,94.58,49906.61911,2026-08-24 10:00:00+08:00
1787540400000,94.58,94.65,93.46,93.66,39662.016947,2026-08-24 11:00:00+08:00
1787544000000,93.66,94.35,93.65,94.22,47816.633271,2026-08-24 12:00:00+08:00
1787547600000,94.22,94.66,93.45,94.27,80636.372921,2026-08-24 13:00:00+08:00
1787551200000,94.26,94.64,93.81,94.56,33379.745719,2026-08-24 14:00:00+08:00
1787554800000,94.55,95.45,94.0,94.11,77117.492009,2026-08-24 15:00:00+08:00
1787558400000,94.14,94.38,93.26,93.94,35992.404906,2026-08-24 16:00:00+08:00
1787562000000,93.93,94.89,93.88,94.67,33338.473724,2026-08-24 17:00:00+08:00
1787565600000,94.67,95.13,94.59,94.72,63410.90071,2026-08-24 18:00:00+08:00
1787569200000,94.71,96.32,94.26,95.84,76280.911128,2026-08-24 19:00:00+08:00
1787572800000,95.84,96.64,94.31,96.28,103741.604695,2026-08-24 20:00:00+08:00
1787576400000,96.29,96.52,94.28,95.03,115534.402059,2026-08-24 21:00:00+08:00
1787580000000,95.02,96.73,94.85,96.1,83208.04597,2026-08-24 22:00:00+08:00
1787583600000,96.09,97.58,96.01,96.44,103713.13893,2026-08-24 23:00:00+08:00
1787587200000,96.45,97.57,95.76,96.05,85604.202562,2026-08-25 00:00:00+08:00
1787590800000,96.05,96.19,94.78,95.39,111906.636576,2026-08-25 01:00:00+08:00
1787594400000,95.39,96.42,95.38,95.91,54037.727386,2026-08-25 02:00:00+08:00
1787598000000,95.91,96.65,95.42,96.54,66825.740922,2026-08-25 03:00:00+08:00
1787601600000,96.55,96.75,95.74,96.55,32802.21094,2026-08-25 04:00:00+08:00
1787605200000,96.54,97.58,96.54,97.47,40355.235539,2026-08-25 05:00:00+08:00
1787608800000,97.47,98.69,97.17,97.45,91396.059778,2026-08-25 06:00:00+08:00
1787612400000,97.45,98.98,97.27,98.97,77114.358706,2026-08-25 07:00:00+08:00
1787616000000,98.97,102.8,98.55,101.76,408399.101766,2026-08-25 08:00:00+08:00
1787619600000,101.75,102.54,100.09,100.47,139933.868396,2026-08-25 09:00:00+08:00
1787623200000,100.48,102.33,100.22,100.92,134283.344462,2026-08-25 10:00:00+08:00
1787626800000,100.95,102.09,100.88,101.61,68139.566687,2026-08-25 11:00:00+08:00
1787630400000,101.62,101.73,100.82,101.32,81533.876746,2026-08-25 12:00:00+08:00
1787634000000,101.33,103.16,101.24,101.9,97931.827496,2026-08-25 13:00:00+08:00
1787637600000,101.9,102.09,100.43,100.77,49950.804911,2026-08-25 14:00:00+08:00
1787641200000,100.78,101.96,99.54,100.25,76568.310018,2026-08-25 15:00:00+08:00
1787644800000,100.25,101.12,99.73,100.4,68473.555471,2026-08-25 16:00:00+08:00
1787648400000,100.4,100.64,99.28,99.8,44573.644275,2026-08-25 17:00:00+08:00
1787652000000,99.81,99.89,99.12,99.63,49118.295987,2026-08-25 18:00:00+08:00
1787655600000,99.63,99.72,98.48,98.6,55809.154526,2026-08-25 19:00:00+08:00
1787659200000,98.61,98.83,97.44,98.6,72270.189266,2026-08-25 20:00:00+08:00
1787662800000,98.61,98.82,96.22,97.16,143250.202595,2026-08-25 21:00:00+08:00
1787666400000,97.16,98.42,96.91,98.2,72413.082514,2026-08-25 22:00:00+08:00
1787670000000,98.22,98.5,97.62,98.36,41108.247256,2026-08-25 23:00:00+08:00
1787673600000,98.37,98.66,97.78,98.21,33639.619098,2026-08-26 00:00:00+08:00
1787677200000,98.21,98.22,97.44,98.19,52780.938695,2026-08-26 01:00:00+08:00
1787680800000,98.2,98.83,98.08,98.5,41533.883232,2026-08-26 02:00:00+08:00
1787684400000,98.51,98.63,97.41,97.95,33763.642008,2026-08-26 03:00:00+08:00
1787688000000,97.95,98.05,96.63,96.68,45910.787662,2026-08-26 04:00:00+08:00
1787691600000,96.68,97.27,95.27,97.19,75706.69603,2026-08-26 05:00:00+08:00
1787695200000,97.19,97.76,97.16,97.22,22012.466795,2026-08-26 06:00:00+08:00
1787698800000,97.21,97.4,96.39,96.6,28349.674513,2026-08-26 07:00:00+08:00
1787702400000,96.61,96.93,96.17,96.65,34782.426748,2026-08-26 08:00:00+08:00
1787706000000,96.65,97.27,96.62,97.02,24474.47303,2026-08-26 09:00:00+08:00
1787709600000,97.03,97.55,96.8,97.28,16030.553745,2026-08-26 10:00:00+08:00
1787713200000,97.29,97.37,96.82,97.07,24101.573029,2026-08-26 11:00:00+08:00
1787716800000,97.07,97.3,96.57,96.62,32772.53664,2026-08-26 12:00:00+08:00
1787720400000,96.63,97.19,96.26,97.09,24503.13774,2026-08-26 13:00:00+08:00
1787724000000,97.09,97.3,96.51,96.79,20475.078547,2026-08-26 14:00:00+08:00
1787727600000,96.79,97.17,96.66,96.92,22331.693203,2026-08-26 15:00:00+08:00
1787731200000,96.95,97.38,96.7,96.81,18931.671657,2026-08-26 16:00:00+08:00
1787734800000,96.81,97.02,95.8,96.18,37574.596578,2026-08-26 17:00:00+08:00
1787738400000,96.17,97.88,96.01,97.47,58950.046658,2026-08-26 18:00:00+08:00
1787742000000,97.48,97.65,96.67,97.04,24739.30497,2026-08-26 19:00:00+08:00
1787745600000,97.04,97.56,96.05,97.02,61071.72057,2026-08-26 20:00:00+08:00
1787749200000,97.01,97.24,95.84,96.55,64488.426452,2026-08-26 21:00:00+08:00
1787752800000,96.56,96.98,95.41,95.47,86605.848544,2026-08-26 22:00:00+08:00
1787756400000,95.46,96.34,94.96,95.94,48376.328641,2026-08-26 23:00:00+08:00
1787760000000,95.94,96.19,95.48,95.95,25041.528118,2026-08-27 00:00:00+08:00
1787763600000,95.96,97.28,95.88,96.98,65111.477269,2026-08-27 01:00:00+08:00
1787767200000,96.99,97.16,96.65,96.83,29248.215018,2026-08-27 02:00:00+08:00
1787770800000,96.82,96.95,96.34,96.81,42815.761863,2026-08-27 03:00:00+08:00
1787774400000,96.8,97.05,96.29,96.94,21667.206368,2026-08-27 04:00:00+08:00
1787778000000,96.94,98.34,96.88,98.26,52304.190039,2026-08-27 05:00:00+08:00
1787781600000,98.25,100.91,98.06,99.7,127652.449966,2026-08-27 06:00:00+08:00
1787785200000,99.68,102.46,99.5,102.08,177950.415934,2026-08-27 07:00:00+08:00
1787788800000,102.09,102.15,100.59,100.59,69783.253466,2026-08-27 08:00:00+08:00
1787792400000,100.58,101.92,100.5,101.45,65894.749455,2026-08-27 09:00:00+08:00
1787796000000,101.46,101.95,100.87,101.17,49469.541513,2026-08-27 10:00:00+08:00
1787799600000,101.18,101.8,100.89,101.08,39017.541215,2026-08-27 11:00:00+08:00
1787803200000,101.08,101.54,100.69,101.07,56063.762578,2026-08-27 12:00:00+08:00
1787806800000,101.08,102.29,100.75,102.04,78627.870379,2026-08-27 13:00:00+08:00
1787810400000,102.02,102.06,100.88,101.28,56870.303675,2026-08-27 14:00:00+08:00
1787814000000,101.28,102.09,101.02,101.79,39846.215437,2026-08-27 15:00:00+08:00
1787817600000,101.82,105.08,101.72,104.67,262650.501752,2026-08-27 16:00:00+08:00
1787821200000,104.67,105.81,104.0,104.41,135839.125151,2026-08-27 17:00:00+08:00
1787824800000,104.41,105.02,103.09,104.1,86381.702727,2026-08-27 18:00:00+08:00
1787828400000,104.11,104.97,103.39,103.94,50529.440722,2026-08-27 19:00:00+08:00
1787832000000,103.93,104.76,103.93,104.43,49855.664583,2026-08-27 20:00:00+08:00
1787835600000,104.42,106.3,104.15,106.04,119583.923921,2026-08-27 21:00:00+08:00
1787839200000,106.04,107.94,105.21,106.79,197077.368625,2026-08-27 22:00:00+08:00
1787842800000,106.79,107.99,106.47,107.16,157845.930071,2026-08-27 23:00:00+08:00
1787846400000,107.18,109.49,106.87,108.94,187011.705216,2026-08-28 00:00:00+08:00
1787850000000,108.95,109.62,107.7,108.18,115146.639036,2026-08-28 01:00:00+08:00
1787853600000,108.18,108.39,106.68,108.38,80230.850231,2026-08-28 02:00:00+08:00
1787857200000,108.39,109.9,108.25,109.38,87207.766142,2026-08-28 03:00:00+08:00
1787860800000,109.38,109.76,108.43,109.02,60739.042973,2026-08-28 04:00:00+08:00
1787864400000,109.02,109.15,108.21,108.73,36232.72348,2026-08-28 05:00:00+08:00
1787868000000,108.74,110.64,108.74,109.18,94159.686755,2026-08-28 06:00:00+08:00
1787871600000,109.18,110.03,108.85,109.14,67198.806551,2026-08-28 07:00:00+08:00
1787875200000,109.15,110.09,108.71,109.11,68198.696374,2026-08-28 08:00:00+08:00
1787878800000,109.12,109.76,107.68,107.83,100147.312471,2026-08-28 09:00:00+08:00
1787882400000,107.83,107.97,106.15,106.53,107621.727516,2026-08-28 10:00:00+08:00
1787886000000,106.52,107.34,105.86,106.84,55801.978982,2026-08-28 11:00:00+08:00
1787889600000,106.84,107.66,106.28,106.8,76514.40563,2026-08-28 12:00:00+08:00
1787893200000,106.79,107.48,106.64,107.21,32659.301477,2026-08-28 13:00:00+08:00
1787896800000,107.21,107.83,107.18,107.56,32546.138849,2026-08-28 14:00:00+08:00
1787900400000,107.55,107.55,106.29,106.35,36462.211779,2026-08-28 15:00:00+08:00
1787904000000,106.36,106.89,105.8,106.07,37546.813799,2026-08-28 16:00:00+08:00
1787907600000,106.07,106.62,105.52,105.95,43292.071647,2026-08-28 17:00:00+08:00
1787911200000,105.97,106.27,104.53,106.21,76345.139588,2026-08-28 18:00:00+08:00
1787914800000,106.21,106.84,105.55,105.83,49628.50848,2026-08-28 19:00:00+08:00
1787918400000,105.82,106.0,104.54,104.88,78355.426452,2026-08-28 20:00:00+08:00
1787922000000,104.86,105.64,104.63,105.16,72449.23775,2026-08-28 21:00:00+08:00
1787925600000,105.18,106.75,103.61,106.29,277960.235556,2026-08-28 22:00:00+08:00
1787929200000,106.29,107.93,105.16,105.24,198663.91896,2026-08-28 23:00:00+08:00
1787932800000,105.25,105.71,103.0,105.16,223596.053018,2026-08-29 00:00:00+08:00
1787936400000,105.17,105.26,104.28,104.68,65889.26087,2026-08-29 01:00:00+08:00
1787940000000,104.68,104.72,102.28,103.11,95689.120933,2026-08-29 02:00:00+08:00
1787943600000,103.11,103.89,103.01,103.4,49649.081464,2026-08-29 03:00:00+08:00
1787947200000,103.4,104.34,102.81,103.86,34292.813304,2026-08-29 04:00:00+08:00
1787950800000,103.89,104.03,103.29,103.45,19752.486732,2026-08-29 05:00:00+08:00
1787954400000,103.46,104.23,103.42,104.14,23760.621098,2026-08-29 06:00:00+08:00
1787958000000,104.13,104.39,104.0,104.15,18151.365465,2026-08-29 07:00:00+08:00
1787961600000,104.16,104.59,103.88,103.91,20130.334736,2026-08-29 08:00:00+08:00
1787965200000,103.91,104.37,103.81,104.17,22450.297737,2026-08-29 09:00:00+08:00
1787968800000,104.17,104.4,103.65,103.95,28886.733221,2026-08-29 10:00:00+08:00
1787972400000,103.95,104.24,103.83,103.88,30623.295599,2026-08-29 11:00:00+08:00
1787976000000,103.89,104.04,103.46,103.88,38902.959528,2026-08-29 12:00:00+08:00
1787979600000,103.88,104.2,103.83,104.01,22802.443517,2026-08-29 13:00:00+08:00
1787983200000,104.02,104.04,103.34,103.58,21732.685935,2026-08-29 14:00:00+08:00
1787986800000,103.59,103.97,103.58,103.74,18776.268605,2026-08-29 15:00:00+08:00
1787990400000,103.74,103.74,103.1,103.47,25177.227637,2026-08-29 16:00:00+08:00
1787994000000,103.47,103.63,103.29,103.32,21081.032676,2026-08-29 17:00:00+08:00
1787997600000,103.32,103.6,103.03,103.44,21556.695455,2026-08-29 18:00:00+08:00
1788001200000,103.44,103.71,103.41,103.48,10509.459505,2026-08-29 19:00:00+08:00
1788004800000,103.5,104.0,103.38,103.61,26709.148105,2026-08-29 20:00:00+08:00
1788008400000,103.61,103.97,103.51,103.81,15007.888437,2026-08-29 21:00:00+08:00
1788012000000,103.81,105.51,103.78,105.36,80621.858175,2026-08-29 22:00:00+08:00
1788015600000,105.39,105.5,104.65,105.03,44096.127455,2026-08-29 23:00:00+08:00
1788019200000,105.02,105.4,104.84,104.86,67002.465463,2026-08-30 00:00:00+08:00
1788022800000,104.87,105.14,104.39,104.85,25627.295501,2026-08-30 01:00:00+08:00
1788026400000,104.85,105.3,104.75,105.11,30054.892908,2026-08-30 02:00:00+08:00
1788030000000,105.11,105.88,105.11,105.35,40127.902708,2026-08-30 03:00:00+08:00
1788033600000,105.35,105.51,105.06,105.22,28663.723308,2026-08-30 04:00:00+08:00
1788037200000,105.22,105.39,104.78,105.04,23148.349854,2026-08-30 05:00:00+08:00
1788040800000,105.04,105.54,104.89,105.49,12986.183346,2026-08-30 06:00:00+08:00
1788044400000,105.49,105.77,105.4,105.61,24890.191608,2026-08-30 07:00:00+08:00
1788048000000,105.61,105.71,105.21,105.27,27502.704873,2026-08-30 08:00:00+08:00
1788051600000,105.27,105.37,105.0,105.25,25226.352428,2026-08-30 09:00:00+08:00
1788055200000,105.25,105.5,105.18,105.22,25266.469638,2026-08-30 10:00:00+08:00
1788058800000,105.23,105.34,104.97,105.09,19230.2089,2026-08-30 11:00:00+08:00
1788062400000,105.09,105.12,104.64,105.1,20175.235763,2026-08-30 12:00:00+08:00
1788066000000,105.11,105.25,104.92,105.07,11837.086958,2026-08-30 13:00:00+08:00
1788069600000,105.08,105.42,104.92,105.41,14049.358175,2026-08-30 14:00:00+08:00
1788073200000,105.42,105.45,104.72,104.84,15545.021793,2026-08-30 15:00:00+08:00
1788076800000,104.84,105.07,104.46,104.76,21447.873128,2026-08-30 16:00:00+08:00
1788080400000,104.75,104.98,104.47,104.61,15475.033467,2026-08-30 17:00:00+08:00
1788084000000,104.6,105.24,104.51,105.1,27878.987577,2026-08-30 18:00:00+08:00
1788087600000,105.11,105.32,104.93,105.12,13826.398209,2026-08-30 19:00:00+08:00
1788091200000,105.12,106.2,105.06,106.12,61140.318654,2026-08-30 20:00:00+08:00
1788094800000,106.11,107.48,105.89,107.12,88167.326839,2026-08-30 21:00:00+08:00
1788098400000,107.11,107.24,106.64,106.75,46652.574673,2026-08-30 22:00:00+08:00
1788102000000,106.74,106.85,105.97,106.28,41931.080291,2026-08-30 23:00:00+08:00
1788105600000,106.29,107.16,106.14,106.91,53509.770487,2026-08-31 00:00:00+08:00
1788109200000,106.9,106.9,105.27,106.4,62764.348293,2026-08-31 01:00:00+08:00
1788112800000,106.4,106.86,106.02,106.69,33575.370723,2026-08-31 02:00:00+08:00
1788116400000,106.69,106.8,105.45,105.81,32807.64924,2026-08-31 03:00:00+08:00
1788120000000,105.82,106.02,104.35,104.76,59873.154069,2026-08-31 04:00:00+08:00
1788123600000,104.77,104.79,103.4,104.45,62778.1938,2026-08-31 05:00:00+08:00
1788127200000,104.46,104.75,103.32,103.81,35745.178406,2026-08-31 06:00:00+08:00
1788130800000,103.82,103.82,100.32,101.77,161512.710906,2026-08-31 07:00:00+08:00
1788134400000,101.77,102.61,101.13,102.17,47643.885657,2026-08-31 08:00:00+08:00
1788138000000,102.16,102.26,101.4,101.52,37744.025252,2026-08-31 09:00:00+08:00
1788141600000,101.53,102.36,101.22,101.45,27227.23694,2026-08-31 10:00:00+08:00
1788145200000,101.46,102.23,101.29,101.96,20708.969696,2026-08-31 11:00:00+08:00
1788148800000,101.95,102.0,100.91,101.45,35656.808887,2026-08-31 12:00:00+08:00
1788152400000,101.46,103.05,101.27,102.65,68059.623139,2026-08-31 13:00:00+08:00
1788156000000,102.65,102.93,102.35,102.72,40183.19658,2026-08-31 14:00:00+08:00
1788159600000,102.71,103.18,102.64,102.98,36561.516196,2026-08-31 15:00:00+08:00
1788163200000,102.98,103.47,102.45,103.23,37491.12659,2026-08-31 16:00:00+08:00
1788166800000,103.22,103.49,102.98,103.08,36235.979166,2026-08-31 17:00:00+08:00
1788170400000,103.11,104.08,102.66,103.66,42585.75909,2026-08-31 18:00:00+08:00
1788174000000,103.67,104.17,103.25,103.41,34430.440439,2026-08-31 19:00:00+08:00
1788177600000,103.39,103.76,102.33,102.77,49694.709036,2026-08-31 20:00:00+08:00
1788181200000,102.78,103.07,102.17,102.36,52734.732088,2026-08-31 21:00:00+08:00
1788184800000,102.37,103.94,102.21,103.53,61197.585557,2026-08-31 22:00:00+08:00
1788188400000,103.55,103.66,102.76,102.88,41266.388971,2026-08-31 23:00:00+08:00
1788192000000,102.88,103.33,102.43,102.83,40584.800761,2026-09-01 00:00:00+08:00
1788195600000,102.84,103.81,102.65,103.63,36681.613964,2026-09-01 01:00:00+08:00
1788199200000,103.64,105.0,103.4,104.47,56835.662855,2026-09-01 02:00:00+08:00
1788202800000,104.47,104.76,103.55,103.61,36013.693074,2026-09-01 03:00:00+08:00
1788206400000,103.62,104.29,103.54,103.75,26758.253209,2026-09-01 04:00:00+08:00
1788210000000,103.75,104.01,103.24,103.66,32451.817399,2026-09-01 05:00:00+08:00
1788213600000,103.67,103.79,103.12,103.21,11213.765904,2026-09-01 06:00:00+08:00
1788217200000,103.22,103.22,102.89,103.07,15536.361231,2026-09-01 07:00:00+08:00
1788220800000,103.06,103.54,102.95,103.19,23397.975969,2026-09-01 08:00:00+08:00
1788224400000,103.19,103.53,102.72,103.25,24074.51966,2026-09-01 09:00:00+08:00
1788228000000,103.25,103.44,102.81,103.41,19956.291194,2026-09-01 10:00:00+08:00
1788231600000,103.41,104.2,103.28,103.66,23518.228072,2026-09-01 11:00:00+08:00
1788235200000,103.67,104.1,103.52,103.64,26498.253897,2026-09-01 12:00:00+08:00
1788238800000,103.64,104.39,103.6,104.32,33584.721065,2026-09-01 13:00:00+08:00
1788242400000,104.3,104.3,103.38,103.38,27849.743597,2026-09-01 14:00:00+08:00
1788246000000,103.38,103.57,102.83,103.16,31921.263343,2026-09-01 15:00:00+08:00
1788249600000,103.16,103.22,101.81,102.08,60352.515119,2026-09-01 16:00:00+08:00
1788253200000,102.09,102.29,101.86,101.99,21076.603931,2026-09-01 17:00:00+08:00
1788256800000,101.98,102.74,101.95,102.39,24485.304232,2026-09-01 18:00:00+08:00
1788260400000,102.39,102.65,102.09,102.28,22691.392214,2026-09-01 19:00:00+08:00
1788264000000,102.29,102.49,101.47,101.93,35842.258079,2026-09-01 20:00:00+08:00
1788267600000,101.93,102.5,101.29,101.96,48702.208247,2026-09-01 21:00:00+08:00
1788271200000,101.97,102.58,101.86,102.02,35142.582705,2026-09-01 22:00:00+08:00
1788274800000,102.03,102.35,101.01,102.04,48213.006639,2026-09-01 23:00:00+08:00
1788278400000,102.05,102.06,100.62,100.94,51139.529944,2026-09-02 00:00:00+08:00
1788282000000,100.93,101.25,100.44,100.6,33686.140553,2026-09-02 01:00:00+08:00
1788285600000,100.61,100.71,98.35,99.61,134163.331995,2026-09-02 02:00:00+08:00
1788289200000,99.61,100.34,99.53,100.08,44071.568307,2026-09-02 03:00:00+08:00
1788292800000,100.1,100.35,99.67,100.1,32869.792274,2026-09-02 04:00:00+08:00
1788296400000,100.12,100.22,98.94,99.61,43523.32517,2026-09-02 05:00:00+08:00
1788300000000,99.61,99.95,99.35,99.69,26816.664013,2026-09-02 06:00:00+08:00
1788303600000,99.69,100.25,99.62,100.0,20058.332691,2026-09-02 07:00:00+08:00
1788307200000,100.0,100.25,99.62,99.66,18368.707143,2026-09-02 08:00:00+08:00
1788310800000,99.65,99.94,98.52,99.1,50357.250887,2026-09-02 09:00:00+08:00
1788314400000,99.1,99.93,98.77,99.93,48930.850246,2026-09-02 10:00:00+08:00
1788318000000,99.94,100.71,99.83,100.3,38232.959769,2026-09-02 11:00:00+08:00
1788321600000,100.3,100.31,99.75,100.09,21102.7968,2026-09-02 12:00:00+08:00
1788325200000,100.1,100.42,99.77,100.28,22336.265242,2026-09-02 13:00:00+08:00
1788328800000,100.28,100.39,99.68,100.08,23652.252569,2026-09-02 14:00:00+08:00
1788332400000,100.1,100.44,99.83,99.86,16428.368351,2026-09-02 15:00:00+08:00
1788336000000,99.86,100.03,98.81,99.02,32992.908328,2026-09-02 16:00:00+08:00
1788339600000,99.02,99.32,98.16,98.64,60818.292338,2026-09-02 17:00:00+08:00
1788343200000,98.63,98.67,97.46,98.24,58839.602822,2026-09-02 18:00:00+08:00
1788346800000,98.23,98.28,97.39,98.12,44614.457463,2026-09-02 19:00:00+08:00
1788350400000,98.12,98.48,97.66,97.72,28164.763821,2026-09-02 20:00:00+08:00
1788354000000,97.71,99.69,97.7,99.2,69246.29014,2026-09-02 21:00:00+08:00
1788357600000,99.22,99.8,98.91,98.94,43835.003174,2026-09-02 22:00:00+08:00
1788361200000,98.94,99.51,98.46,99.34,47783.361624,2026-09-02 23:00:00+08:00
1788364800000,99.35,99.82,98.78,98.81,42869.676039,2026-09-03 00:00:00+08:00
1788368400000,98.83,99.37,98.22,99.34,39409.637526,2026-09-03 01:00:00+08:00
1788372000000,99.35,99.7,99.18,99.53,34715.489087,2026-09-03 02:00:00+08:00
1788375600000,99.53,99.66,99.08,99.45,21321.706691,2026-09-03 03:00:00+08:00
1788379200000,99.46,100.04,99.36,99.72,34562.023338,2026-09-03 04:00:00+08:00
1788382800000,99.73,99.86,99.42,99.67,11565.595217,2026-09-03 05:00:00+08:00
1788386400000,99.66,99.76,99.23,99.55,14985.220996,2026-09-03 06:00:00+08:00
1788390000000,99.56,100.54,99.43,100.44,18615.202278,2026-09-03 07:00:00+08:00
1788393600000,100.45,100.47,99.5,99.53,20053.394186,2026-09-03 08:00:00+08:00
1788397200000,99.53,100.62,99.22,100.18,33535.408977,2026-09-03 09:00:00+08:00
1788400800000,100.17,101.35,99.97,101.13,32972.6388,2026-09-03 10:00:00+08:00
1788404400000,101.13,101.21,100.2,100.52,29586.220204,2026-09-03 11:00:00+08:00
1788408000000,100.53,101.0,100.08,100.99,26976.288682,2026-09-03 12:00:00+08:00
1788411600000,101.0,101.05,99.72,100.87,31283.361524,2026-09-03 13:00:00+08:00
1788415200000,100.87,100.99,100.59,100.88,22812.962944,2026-09-03 14:00:00+08:00
1788418800000,100.88,101.38,100.28,100.4,39966.50815,2026-09-03 15:00:00+08:00
1788422400000,100.42,101.15,100.39,100.63,27244.961615,2026-09-03 16:00:00+08:00
1788426000000,100.63,100.8,100.13,100.17,20854.563873,2026-09-03 17:00:00+08:00
1788429600000,100.17,100.5,99.92,100.44,27468.927254,2026-09-03 18:00:00+08:00
1788433200000,100.46,101.01,100.33,100.79,33766.620596,2026-09-03 19:00:00+08:00
1788436800000,100.79,101.86,100.63,101.71,90537.930758,2026-09-03 20:00:00+08:00
1788440400000,101.7,102.05,101.13,101.49,103170.188748,2026-09-03 21:00:00+08:00
1788444000000,101.49,104.85,101.26,104.81,225435.379415,2026-09-03 22:00:00+08:00
1788447600000,104.8,105.66,103.76,105.18,189837.012317,2026-09-03 23:00:00+08:00
1788451200000,105.17,105.2,103.85,104.57,59381.768748,2026-09-04 00:00:00+08:00
1788454800000,104.58,105.22,104.41,105.1,47756.727335,2026-09-04 01:00:00+08:00
1788458400000,105.1,105.28,104.63,105.22,31263.039912,2026-09-04 02:00:00+08:00
1788462000000,105.22,105.93,105.04,105.3,42044.779898,2026-09-04 03:00:00+08:00
1788465600000,105.3,105.47,104.76,104.91,22923.106293,2026-09-04 04:00:00+08:00
1788469200000,104.93,105.74,104.78,105.21,40189.235493,2026-09-04 05:00:00+08:00
1788472800000,105.2,105.31,103.65,104.16,55678.716823,2026-09-04 06:00:00+08:00
1788476400000,104.16,104.25,103.84,103.94,31846.393196,2026-09-04 07:00:00+08:00
1788480000000,103.94,104.34,103.44,103.49,56077.036266,2026-09-04 08:00:00+08:00
1788483600000,103.5,103.87,103.25,103.81,20758.915041,2026-09-04 09:00:00+08:00
1788487200000,103.81,103.82,103.34,103.79,24467.888523,2026-09-04 10:00:00+08:00
1788490800000,103.8,104.15,103.7,103.71,15276.923413,2026-09-04 11:00:00+08:00
1788494400000,103.71,104.36,103.59,103.92,33872.497976,2026-09-04 12:00:00+08:00
1788498000000,103.92,104.07,103.46,103.7,27217.303755,2026-09-04 13:00:00+08:00
1788501600000,103.7,104.06,103.37,103.61,17530.125846,2026-09-04 14:00:00+08:00
1788505200000,103.64,104.05,103.54,103.61,39633.10428,2026-09-04 15:00:00+08:00
1788508800000,103.61,104.51,103.22,104.39,43868.025386,2026-09-04 16:00:00+08:00
1788512400000,104.4,104.79,103.96,104.06,53323.161949,2026-09-04 17:00:00+08:00
1788516000000,104.06,104.15,103.56,104.13,24736.572807,2026-09-04 18:00:00+08:00
1788519600000,104.13,104.5,103.97,104.07,30735.142091,2026-09-04 19:00:00+08:00
1788523200000,104.07,104.45,100.19,101.57,213117.916447,2026-09-04 20:00:00+08:00
1788526800000,101.58,102.27,101.03,101.65,90366.319097,2026-09-04 21:00:00+08:00
1788530400000,101.65,101.84,100.32,100.79,52466.952747,2026-09-04 22:00:00+08:00
1788534000000,100.8,101.68,100.67,101.44,45264.254158,2026-09-04 23:00:00+08:00
1788537600000,101.45,102.09,101.35,101.82,27347.30324,2026-09-05 00:00:00+08:00
1788541200000,101.84,101.86,101.08,101.24,28698.892814,2026-09-05 01:00:00+08:00
1788544800000,101.25,101.7,101.21,101.66,13243.65346,2026-09-05 02:00:00+08:00
1788548400000,101.67,101.96,101.62,101.68,15694.149794,2026-09-05 03:00:00+08:00
1788552000000,101.69,101.86,101.61,101.74,14828.522559,2026-09-05 04:00:00+08:00
1788555600000,101.75,101.92,101.45,101.57,41301.085304,2026-09-05 05:00:00+08:00
1788559200000,101.57,101.85,101.57,101.74,9963.102077,2026-09-05 06:00:00+08:00
1788562800000,101.74,101.97,101.66,101.91,16720.059117,2026-09-05 07:00:00+08:00
1788566400000,101.91,102.0,101.72,101.83,16481.370989,2026-09-05 08:00:00+08:00
1788570000000,101.84,102.18,101.74,101.85,19928.57025,2026-09-05 09:00:00+08:00
1788573600000,101.86,101.97,101.68,101.96,16774.393077,2026-09-05 10:00:00+08:00
1788577200000,101.97,102.01,101.76,101.88,13968.483913,2026-09-05 11:00:00+08:00
1788580800000,101.88,101.94,101.69,101.75,21532.893404,2026-09-05 12:00:00+08:00
1788584400000,101.77,101.94,101.58,101.89,22029.431706,2026-09-05 13:00:00+08:00
1788588000000,101.89,102.4,101.83,102.31,29175.004908,2026-09-05 14:00:00+08:00
1788591600000,102.31,102.62,102.16,102.23,23883.942245,2026-09-05 15:00:00+08:00
1788595200000,102.23,102.59,102.11,102.59,21848.92752,2026-09-05 16:00:00+08:00
1788598800000,102.59,102.82,102.51,102.55,15756.335154,2026-09-05 17:00:00+08:00
1788602400000,102.55,102.71,102.4,102.52,14834.194689,2026-09-05 18:00:00+08:00
1788606000000,102.53,102.6,102.22,102.34,15511.748912,2026-09-05 19:00:00+08:00
1788609600000,102.35,103.25,102.31,103.22,23969.782934,2026-09-05 20:00:00+08:00
1788613200000,103.23,103.44,102.57,102.66,41544.759642,2026-09-05 21:00:00+08:00
1788616800000,102.66,102.97,102.66,102.87,16369.641069,2026-09-05 22:00:00+08:00
1788620400000,102.86,102.98,102.64,102.94,17927.464606,2026-09-05 23:00:00+08:00
1788624000000,102.94,103.52,102.8,103.41,24337.120853,2026-09-06 00:00:00+08:00
1788627600000,103.4,104.31,103.28,104.21,62735.802031,2026-09-06 01:00:00+08:00
1788631200000,104.25,104.39,103.75,103.93,25463.870371,2026-09-06 02:00:00+08:00
1788634800000,103.92,103.97,103.22,103.41,18496.316495,2026-09-06 03:00:00+08:00
1788638400000,103.41,103.62,103.13,103.24,40881.286755,2026-09-06 04:00:00+08:00
1788642000000,103.25,103.98,103.21,103.74,16709.017744,2026-09-06 05:00:00+08:00
1788645600000,103.75,103.88,103.21,103.38,15414.098411,2026-09-06 06:00:00+08:00
1788649200000,103.37,103.4,102.94,103.17,20990.853122,2026-09-06 07:00:00+08:00
1788652800000,103.18,103.52,103.17,103.31,18030.33938,2026-09-06 08:00:00+08:00
1788656400000,103.31,104.22,103.27,104.04,43414.441776,2026-09-06 09:00:00+08:00
1788660000000,104.04,104.76,103.87,104.39,44130.294348,2026-09-06 10:00:00+08:00
1788663600000,104.38,107.09,104.36,105.97,115894.062523,2026-09-06 11:00:00+08:00
1788667200000,105.98,106.35,105.59,105.75,54781.981696,2026-09-06 12:00:00+08:00
1788670800000,105.75,106.85,105.49,106.44,56753.597571,2026-09-06 13:00:00+08:00
1788674400000,106.45,106.45,105.33,105.38,46705.733252,2026-09-06 14:00:00+08:00
1788678000000,105.38,105.59,104.69,105.24,49020.017971,2026-09-06 15:00:00+08:00
1788681600000,105.25,105.4,105.0,105.19,28481.413898,2026-09-06 16:00:00+08:00
1788685200000,105.19,107.3,105.17,106.49,82114.046033,2026-09-06 17:00:00+08:00
1788688800000,106.49,106.9,106.37,106.64,34999.410416,2026-09-06 18:00:00+08:00
1788692400000,106.65,106.73,106.25,106.45,31751.685581,2026-09-06 19:00:00+08:00
1788696000000,106.46,107.34,106.38,106.82,42767.956432,2026-09-06 20:00:00+08:00
1788699600000,106.81,107.17,105.91,107.08,58384.089219,2026-09-06 21:00:00+08:00
1788703200000,107.08,107.13,105.09,105.73,76983.776339,2026-09-06 22:00:00+08:00
1788706800000,105.74,105.99,104.91,105.74,52230.152593,2026-09-06 23:00:00+08:00
1788710400000,105.74,106.38,105.49,106.09,33214.419898,2026-09-07 00:00:00+08:00
1788714000000,106.08,106.44,105.56,106.2,39835.703809,2026-09-07 01:00:00+08:00
1788717600000,106.21,106.58,105.85,105.98,20728.821625,2026-09-07 02:00:00+08:00
1788721200000,105.99,105.99,105.34,105.49,19801.918379,2026-09-07 03:00:00+08:00
1788724800000,105.5,105.88,105.37,105.72,14426.201949,2026-09-07 04:00:00+08:00
1788728400000,105.74,106.26,105.74,105.92,13728.934795,2026-09-07 05:00:00+08:00
1788732000000,105.92,106.0,104.96,105.85,51317.890462,2026-09-07 06:00:00+08:00
1788735600000,105.84,106.76,105.79,106.53,82407.295861,2026-09-07 07:00:00+08:00
1788739200000,106.54,106.64,105.87,106.15,50130.011138,2026-09-07 08:00:00+08:00
1788742800000,106.16,106.35,105.05,105.33,42912.678728,2026-09-07 09:00:00+08:00
1788746400000,105.33,107.07,104.91,105.79,70560.67275,2026-09-07 10:00:00+08:00
1788750000000,105.8,105.89,104.94,104.95,59136.326916,2026-09-07 11:00:00+08:00
1788753600000,104.95,105.3,104.71,105.09,42320.016613,2026-09-07 12:00:00+08:00
1788757200000,105.1,105.83,105.06,105.12,37554.533255,2026-09-07 13:00:00+08:00
1788760800000,105.12,105.41,104.88,105.08,37419.571569,2026-09-07 14:00:00+08:00
1788764400000,105.08,105.53,103.79,104.46,73278.034182,2026-09-07 15:00:00+08:00
1788768000000,104.48,104.91,104.44,104.7,46938.566009,2026-09-07 16:00:00+08:00
1788771600000,104.7,105.18,104.6,104.66,29483.349286,2026-09-07 17:00:00+08:00
1788775200000,104.68,105.15,104.67,105.0,23500.429673,2026-09-07 18:00:00+08:00
1788778800000,105.0,105.16,104.75,104.94,20410.365267,2026-09-07 19:00:00+08:00
1788782400000,104.94,105.94,104.92,105.73,31564.016205,2026-09-07 20:00:00+08:00
1788786000000,105.74,105.83,104.81,105.09,38960.27047,2026-09-07 21:00:00+08:00
1788789600000,105.09,105.18,104.03,104.66,76977.337908,2026-09-07 22:00:00+08:00
1788793200000,104.66,104.68,102.96,103.27,80038.703487,2026-09-07 23:00:00+08:00
1788796800000,103.28,103.89,103.21,103.88,24521.856608,2026-09-08 00:00:00+08:00
1788800400000,103.89,104.25,103.8,104.01,16348.534978,2026-09-08 01:00:00+08:00
1788804000000,104.01,104.1,103.57,103.92,18052.844033,2026-09-08 02:00:00+08:00
1788807600000,103.93,104.42,103.82,104.36,12880.012288,2026-09-08 03:00:00+08:00
1788811200000,104.36,104.42,103.92,104.11,23884.371204,2026-09-08 04:00:00+08:00
1788814800000,104.11,104.17,103.8,103.9,14189.744329,2026-09-08 05:00:00+08:00
1788818400000,103.92,104.07,103.17,103.55,31019.552177,2026-09-08 06:00:00+08:00
1788822000000,103.54,104.03,103.49,103.8,36497.274075,2026-09-08 07:00:00+08:00
1788825600000,103.81,104.16,103.45,104.1,37365.021352,2026-09-08 08:00:00+08:00
1788829200000,104.11,104.42,104.01,104.39,27423.995025,2026-09-08 09:00:00+08:00
1788832800000,104.38,104.53,103.29,103.29,33317.71244,2026-09-08 10:00:00+08:00
1788836400000,103.29,103.46,102.75,103.36,55425.175896,2026-09-08 11:00:00+08:00
1788840000000,103.36,103.46,103.0,103.02,26630.600627,2026-09-08 12:00:00+08:00
1788843600000,103.01,103.53,102.89,102.96,46012.822962,2026-09-08 13:00:00+08:00
1788847200000,102.96,103.11,102.42,102.68,49529.301944,2026-09-08 14:00:00+08:00
1788850800000,102.69,103.15,102.61,102.95,23792.830825,2026-09-08 15:00:00+08:00
1788854400000,102.95,103.31,102.5,103.06,29476.428535,2026-09-08 16:00:00+08:00
1788858000000,103.06,103.84,102.94,103.7,40017.406759,2026-09-08 17:00:00+08:00
1788861600000,103.68,104.07,103.38,103.38,37799.72655,2026-09-08 18:00:00+08:00
1788865200000,103.4,103.45,102.66,102.88,38787.61512,2026-09-08 19:00:00+08:00
1788868800000,102.88,103.33,102.48,103.09,27686.348858,2026-09-08 20:00:00+08:00
1788872400000,103.1,103.18,101.72,102.69,64120.144711,2026-09-08 21:00:00+08:00
1788876000000,102.68,103.45,102.44,103.33,45501.005553,2026-09-08 22:00:00+08:00
1788879600000,103.33,104.4,103.24,104.31,44128.784589,2026-09-08 23:00:00+08:00
1788883200000,104.31,104.82,103.6,104.2,41958.425887,2026-09-09 00:00:00+08:00
1788886800000,104.21,104.44,103.69,103.71,23331.88109,2026-09-09 01:00:00+08:00
1788890400000,103.71,104.5,103.2,103.37,26430.813484,2026-09-09 02:00:00+08:00
1788894000000,103.38,103.6,102.9,103.23,31655.035293,2026-09-09 03:00:00+08:00
1788897600000,103.23,103.79,103.07,103.1,18459.697908,2026-09-09 04:00:00+08:00
1788901200000,103.09,103.35,102.81,103.03,23075.907219,2026-09-09 05:00:00+08:00
1788904800000,103.02,103.44,102.98,103.41,24660.898211,2026-09-09 06:00:00+08:00
1788908400000,103.41,103.59,103.26,103.37,20984.687348,2026-09-09 07:00:00+08:00
1788912000000,103.36,103.88,103.35,103.78,25268.195325,2026-09-09 08:00:00+08:00
1788915600000,103.78,103.94,103.37,103.79,26907.233603,2026-09-09 09:00:00+08:00
1788919200000,103.78,104.03,103.35,103.47,23673.648903,2026-09-09 10:00:00+08:00
1788922800000,103.48,103.5,102.97,103.3,27270.30916,2026-09-09 11:00:00+08:00
1788926400000,103.31,104.44,103.31,104.43,43621.250783,2026-09-09 12:00:00+08:00
1788930000000,104.43,104.71,103.75,104.08,44275.436317,2026-09-09 13:00:00+08:00
1788933600000,104.08,104.77,104.0,104.51,14730.559468,2026-09-09 14:00:00+08:00
1788937200000,104.53,105.19,104.48,104.58,49457.283541,2026-09-09 15:00:00+08:00
1788940800000,104.59,105.06,104.55,104.81,23976.194494,2026-09-09 16:00:00+08:00
1788944400000,104.81,104.85,103.46,103.51,29259.700597,2026-09-09 17:00:00+08:00
1788948000000,103.51,104.06,103.5,103.79,26444.63647,2026-09-09 18:00:00+08:00
1788951600000,103.79,104.31,103.3,104.25,46405.263437,2026-09-09 19:00:00+08:00
1788955200000,104.25,104.85,104.1,104.69,43174.430345,2026-09-09 20:00:00+08:00
1788958800000,104.69,104.7,103.55,103.8,39531.971353,2026-09-09 21:00:00+08:00
1788962400000,103.8,104.18,103.36,103.48,49157.457721,2026-09-09 22:00:00+08:00
1788966000000,103.49,104.12,102.07,103.07,95666.282567,2026-09-09 23:00:00+08:00
1788969600000,103.08,103.51,102.76,103.39,42334.409545,2026-09-10 00:00:00+08:00
1788973200000,103.4,103.83,103.22,103.54,26949.378782,2026-09-10 01:00:00+08:00
1788976800000,103.54,103.75,103.21,103.26,19392.775454,2026-09-10 02:00:00+08:00
1788980400000,103.27,103.39,102.18,102.35,29734.836194,2026-09-10 03:00:00+08:00
1788984000000,102.35,102.67,101.85,102.59,38117.278893,2026-09-10 04:00:00+08:00
1788987600000,102.58,102.68,101.81,102.1,41897.077158,2026-09-10 05:00:00+08:00
1788991200000,102.12,102.19,100.25,100.81,95709.010841,2026-09-10 06:00:00+08:00
1788994800000,100.8,101.76,100.74,101.57,20065.153781,2026-09-10 07:00:00+08:00
1788998400000,101.57,101.73,100.96,101.01,35012.003429,2026-09-10 08:00:00+08:00
1789002000000,101.02,101.75,100.51,101.06,35537.535858,2026-09-10 09:00:00+08:00
1789005600000,101.07,101.9,101.01,101.89,19977.437306,2026-09-10 10:00:00+08:00
1789009200000,101.9,102.07,101.68,101.84,25089.557287,2026-09-10 11:00:00+08:00
1789012800000,101.83,102.24,101.79,101.99,21427.535986,2026-09-10 12:00:00+08:00
1789016400000,101.99,102.17,101.63,102.12,20619.475533,2026-09-10 13:00:00+08:00
1789020000000,102.14,102.14,101.42,101.94,17934.79604,2026-09-10 14:00:00+08:00
1789023600000,101.95,101.95,100.85,101.33,36146.548219,2026-09-10 15:00:00+08:00
1789027200000,101.32,101.42,101.02,101.17,28878.022533,2026-09-10 16:00:00+08:00
1789030800000,101.17,101.41,100.81,101.13,25529.050616,2026-09-10 17:00:00+08:00
1789034400000,101.13,101.4,100.86,101.05,28651.935411,2026-09-10 18:00:00+08:00
1789038000000,101.05,101.54,100.82,101.01,30851.982839,2026-09-10 19:00:00+08:00
1789041600000,101.01,101.51,98.39,98.94,168846.099635,2026-09-10 20:00:00+08:00
1789045200000,98.92,99.86,98.9,99.75,70643.343243,2026-09-10 21:00:00+08:00
1789048800000,99.74,100.37,99.26,100.2,33943.639163,2026-09-10 22:00:00+08:00
1789052400000,100.2,100.2,99.43,99.73,39129.870519,2026-09-10 23:00:00+08:00
1789056000000,99.74,99.91,98.85,99.68,29850.930542,2026-09-11 00:00:00+08:00
1789059600000,99.69,100.47,99.57,99.98,44362.349938,2026-09-11 01:00:00+08:00
1789063200000,99.98,100.0,99.25,99.92,12206.168738,2026-09-11 02:00:00+08:00
1789066800000,99.92,100.12,99.6,99.68,25331.866644,2026-09-11 03:00:00+08:00
1789070400000,99.69,100.15,99.64,100.05,8630.286714,2026-09-11 04:00:00+08:00
1789074000000,100.05,100.15,99.77,99.82,10991.169092,2026-09-11 05:00:00+08:00
1789077600000,99.82,100.1,99.27,99.28,15517.241324,2026-09-11 06:00:00+08:00
1789081200000,99.28,99.39,98.61,98.67,34227.886436,2026-09-11 07:00:00+08:00
1789084800000,98.67,99.41,98.6,99.18,44232.905058,2026-09-11 08:00:00+08:00
1789088400000,99.17,99.5,98.73,99.45,25591.545643,2026-09-11 09:00:00+08:00
1789092000000,99.45,99.52,99.07,99.32,18706.243891,2026-09-11 10:00:00+08:00
1789095600000,99.32,99.48,98.95,99.33,26196.620039,2026-09-11 11:00:00+08:00
1789099200000,99.33,99.96,99.24,99.69,29753.147789,2026-09-11 12:00:00+08:00
1789102800000,99.7,99.91,99.57,99.9,24737.258823,2026-09-11 13:00:00+08:00
1789106400000,99.92,100.02,99.55,99.83,17327.72366,2026-09-11 14:00:00+08:00
1789110000000,99.82,100.14,99.69,99.76,20233.002833,2026-09-11 15:00:00+08:00
1789113600000,99.76,100.31,99.5,99.93,14177.051925,2026-09-11 16:00:00+08:00
1789117200000,99.93,99.97,99.03,99.41,23715.835353,2026-09-11 17:00:00+08:00
1789120800000,99.4,99.75,99.18,99.18,26476.572527,2026-09-11 18:00:00+08:00
1789124400000,99.18,99.58,98.6,99.49,29085.141965,2026-09-11 19:00:00+08:00
1789128000000,99.48,101.84,97.9,101.68,222550.188313,2026-09-11 20:00:00+08:00
1789131600000,101.69,104.89,100.61,104.88,168014.425104,2026-09-11 21:00:00+08:00
1789135200000,104.87,105.8,102.86,103.29,147448.334417,2026-09-11 22:00:00+08:00
1789138800000,103.3,103.62,101.25,101.61,71715.424282,2026-09-11 23:00:00+08:00
1789142400000,101.6,102.4,101.32,102.34,64702.717485,2026-09-12 00:00:00+08:00
1789146000000,102.33,102.5,101.83,101.95,16824.621843,2026-09-12 01:00:00+08:00
1789149600000,101.95,102.03,100.39,101.09,68046.358109,2026-09-12 02:00:00+08:00
1789153200000,101.09,102.15,100.82,102.03,41348.478199,2026-09-12 03:00:00+08:00
1789156800000,102.03,102.99,102.01,102.47,56410.99521,2026-09-12 04:00:00+08:00
1789160400000,102.48,103.09,102.05,102.09,23645.451432,2026-09-12 05:00:00+08:00
1789164000000,102.1,102.49,101.54,101.88,46410.929961,2026-09-12 06:00:00+08:00
1789167600000,101.88,102.49,101.79,102.46,14688.721613,2026-09-12 07:00:00+08:00
1789171200000,102.47,102.59,101.79,101.93,12371.850422,2026-09-12 08:00:00+08:00
1789174800000,101.93,102.25,101.83,102.01,15686.799594,2026-09-12 09:00:00+08:00
1789178400000,102.01,102.09,101.65,101.88,18815.308513,2026-09-12 10:00:00+08:00
1789182000000,101.88,101.93,101.45,101.64,27786.676459,2026-09-12 11:00:00+08:00
1789185600000,101.65,101.9,101.55,101.61,13186.656579,2026-09-12 12:00:00+08:00
1789189200000,101.61,101.73,101.41,101.66,19727.663925,2026-09-12 13:00:00+08:00
1789192800000,101.67,101.9,101.52,101.7,15071.348316,2026-09-12 14:00:00+08:00
1789196400000,101.7,101.94,101.63,101.68,6003.917329,2026-09-12 15:00:00+08:00
1789200000000,101.67,101.87,101.58,101.84,20223.209291,2026-09-12 16:00:00+08:00
1789203600000,101.84,102.23,101.77,102.01,20332.710832,2026-09-12 17:00:00+08:00
1789207200000,102.01,102.26,101.97,102.14,11088.465161,2026-09-12 18:00:00+08:00
1789210800000,102.15,102.24,101.99,102.12,10135.207493,2026-09-12 19:00:00+08:00
1789214400000,102.13,102.41,101.94,102.06,15030.466318,2026-09-12 20:00:00+08:00
1789218000000,102.06,102.23,101.75,101.97,21926.895374,2026-09-12 21:00:00+08:00
1789221600000,102.0,102.12,101.9,102.0,7536.480199,2026-09-12 22:00:00+08:00
1789225200000,102.01,102.18,101.87,102.07,19727.684598,2026-09-12 23:00:00+08:00
1789228800000,102.07,102.12,101.93,102.08,10285.545489,2026-09-13 00:00:00+08:00
1789232400000,102.08,102.17,101.96,101.98,10498.331127,2026-09-13 01:00:00+08:00
1789236000000,101.98,101.98,101.57,101.65,38499.379499,2026-09-13 02:00:00+08:00
1789239600000,101.66,101.73,101.24,101.29,18946.555193,2026-09-13 03:00:00+08:00
1789243200000,101.29,101.58,101.27,101.37,10602.308644,2026-09-13 04:00:00+08:00
1789246800000,101.37,101.64,101.35,101.47,8474.348347,2026-09-13 05:00:00+08:00
1789250400000,101.48,101.79,101.4,101.68,15456.637099,2026-09-13 06:00:00+08:00
1789254000000,101.68,101.87,101.63,101.77,13144.768118,2026-09-13 07:00:00+08:00
1789257600000,101.77,101.77,101.58,101.74,5839.687494,2026-09-13 08:00:00+08:00
1789261200000,101.74,102.34,101.74,102.29,23844.818621,2026-09-13 09:00:00+08:00
1789264800000,102.29,102.35,101.77,101.91,26977.390252,2026-09-13 10:00:00+08:00
1789268400000,101.91,102.03,101.57,101.64,21257.384912,2026-09-13 11:00:00+08:00
1789272000000,101.64,101.84,101.54,101.73,20375.381468,2026-09-13 12:00:00+08:00
1789275600000,101.73,101.93,101.7,101.81,6804.984447,2026-09-13 13:00:00+08:00
1789279200000,101.82,101.82,101.1,101.25,17657.84282,2026-09-13 14:00:00+08:00
1789282800000,101.26,101.43,100.66,100.73,35404.886739,2026-09-13 15:00:00+08:00
1789286400000,100.72,100.89,99.94,100.03,37546.820705,2026-09-13 16:00:00+08:00
1789290000000,100.03,100.2,99.41,99.91,46163.22364,2026-09-13 17:00:00+08:00
1789293600000,99.89,99.92,99.43,99.57,18032.482963,2026-09-13 18:00:00+08:00
1789297200000,99.58,99.86,99.47,99.84,10027.11368,2026-09-13 19:00:00+08:00
1789300800000,99.84,99.84,99.57,99.7,9594.813618,2026-09-13 20:00:00+08:00
1789304400000,99.7,100.23,99.47,100.12,14534.516582,2026-09-13 21:00:00+08:00
1789308000000,100.12,100.83,100.12,100.67,19777.505383,2026-09-13 22:00:00+08:00
1789311600000,100.68,100.69,100.18,100.25,13848.475698,2026-09-13 23:00:00+08:00
1789315200000,100.26,101.0,100.25,100.81,14962.066052,2026-09-14 00:00:00+08:00
1789318800000,100.82,101.23,100.81,101.01,12883.164258,2026-09-14 01:00:00+08:00
1789322400000,101.02,101.3,100.97,101.22,20063.095846,2026-09-14 02:00:00+08:00
1789326000000,101.21,101.35,100.84,100.97,10564.918671,2026-09-14 03:00:00+08:00
1789329600000,100.98,101.53,100.97,101.47,6790.834107,2026-09-14 04:00:00+08:00
1789333200000,101.49,101.62,101.24,101.36,9699.392575,2026-09-14 05:00:00+08:00
1789336800000,101.35,101.35,99.36,99.73,64141.062814,2026-09-14 06:00:00+08:00
1789340400000,99.73,100.0,99.19,99.29,32387.14817,2026-09-14 07:00:00+08:00
1789344000000,99.29,99.93,98.98,99.65,23736.340458,2026-09-14 08:00:00+08:00
1789347600000,99.66,100.23,99.18,100.15,30377.834578,2026-09-14 09:00:00+08:00
1789351200000,100.15,101.08,99.97,100.99,31927.635408,2026-09-14 10:00:00+08:00
1789354800000,101.0,101.34,100.79,100.98,18171.435126,2026-09-14 11:00:00+08:00
1789358400000,100.99,101.37,100.87,101.19,17472.754416,2026-09-14 12:00:00+08:00
1789362000000,101.19,101.23,100.95,101.12,10158.371723,2026-09-14 13:00:00+08:00
1789365600000,101.13,102.0,101.1,101.55,44268.12121,2026-09-14 14:00:00+08:00
1789369200000,101.55,101.74,101.43,101.62,15086.503536,2026-09-14 15:00:00+08:00
1789372800000,101.62,101.85,101.34,101.5,20976.786623,2026-09-14 16:00:00+08:00
1789376400000,101.5,102.33,101.24,101.96,45565.838494,2026-09-14 17:00:00+08:00
1789380000000,101.97,102.01,101.7,101.78,22929.318889,2026-09-14 18:00:00+08:00
1789383600000,101.79,101.92,101.32,101.38,19234.40862,2026-09-14 19:00:00+08:00
1789387200000,101.37,102.0,101.21,101.4,24821.150393,2026-09-14 20:00:00+08:00
1789390800000,101.39,101.91,100.67,101.36,44213.649237,2026-09-14 21:00:00+08:00
1789394400000,101.37,102.01,101.21,101.64,48341.385944,2026-09-14 22:00:00+08:00
1789398000000,101.64,102.3,101.36,101.97,44075.836618,2026-09-14 23:00:00+08:00
1789401600000,101.98,102.89,101.85,102.61,48071.559097,2026-09-15 00:00:00+08:00
1789405200000,102.61,103.31,102.52,103.07,45435.350565,2026-09-15 01:00:00+08:00
1789408800000,103.08,103.85,102.93,103.62,49247.988567,2026-09-15 02:00:00+08:00
1789412400000,103.63,103.63,102.96,103.26,31287.157845,2026-09-15 03:00:00+08:00
1789416000000,103.27,104.83,103.21,103.99,78076.620438,2026-09-15 04:00:00+08:00
1789419600000,104.0,104.04,103.02,103.21,51513.779681,2026-09-15 05:00:00+08:00
1789423200000,103.22,103.6,102.81,102.89,30803.093553,2026-09-15 06:00:00+08:00
1789426800000,102.89,103.03,102.43,102.54,18395.696665,2026-09-15 07:00:00+08:00
1789430400000,102.55,102.86,102.4,102.47,24107.50605,2026-09-15 08:00:00+08:00
1789434000000,102.47,102.59,102.17,102.28,29285.482794,2026-09-15 09:00:00+08:00
1789437600000,102.28,102.41,101.99,102.0,16431.622272,2026-09-15 10:00:00+08:00
1789441200000,101.99,101.99,101.24,101.56,31640.841198,2026-09-15 11:00:00+08:00
1789444800000,101.55,101.7,101.16,101.29,17262.52889,2026-09-15 12:00:00+08:00
1789448400000,101.29,101.4,100.58,101.34,26829.51926,2026-09-15 13:00:00+08:00
1789452000000,101.33,101.58,100.75,100.89,15196.202222,2026-09-15 14:00:00+08:00
1789455600000,100.9,101.05,100.33,100.44,43210.993849,2026-09-15 15:00:00+08:00
1789459200000,100.44,100.69,100.09,100.65,26712.461602,2026-09-15 16:00:00+08:00
1789462800000,100.66,101.09,100.51,100.83,15363.456287,2026-09-15 17:00:00+08:00
1789466400000,100.83,101.1,100.67,100.96,14872.954694,2026-09-15 18:00:00+08:00
1789470000000,100.96,101.02,100.43,100.84,16986.704739,2026-09-15 19:00:00+08:00
1789473600000,100.84,101.2,100.81,100.99,23413.327372,2026-09-15 20:00:00+08:00
1789477200000,100.97,101.38,99.72,100.56,46717.791457,2026-09-15 21:00:00+08:00
1789480800000,100.57,100.76,98.0,98.85,104864.760204,2026-09-15 22:00:00+08:00
1789484400000,98.85,99.76,98.56,99.37,42161.461386,2026-09-15 23:00:00+08:00
1789488000000,99.37,99.46,98.9,99.1,18513.960808,2026-09-16 00:00:00+08:00
1789491600000,99.1,100.7,98.69,100.22,53545.546307,2026-09-16 01:00:00+08:00
1789495200000,100.2,100.34,95.79,98.17,188863.729586,2026-09-16 02:00:00+08:00
1789498800000,98.17,98.65,97.52,97.9,80092.005652,2026-09-16 03:00:00+08:00
1789502400000,97.91,98.11,96.67,97.45,43139.995226,2026-09-16 04:00:00+08:00
1789506000000,97.44,97.44,96.54,96.56,37369.526288,2026-09-16 05:00:00+08:00
1789509600000,96.55,97.31,96.32,97.16,37149.334858,2026-09-16 06:00:00+08:00
1789513200000,97.15,97.67,96.84,96.89,28450.894294,2026-09-16 07:00:00+08:00
1789516800000,96.89,97.32,96.85,97.1,20098.591289,2026-09-16 08:00:00+08:00
1789520400000,97.09,97.3,96.4,96.49,29545.559073,2026-09-16 09:00:00+08:00
1789524000000,96.49,97.6,96.46,97.24,22549.542897,2026-09-16 10:00:00+08:00
1789527600000,97.25,97.59,97.04,97.26,23010.940702,2026-09-16 11:00:00+08:00
1789531200000,97.26,97.73,97.17,97.27,44412.965422,2026-09-16 12:00:00+08:00
1789534800000,97.27,97.33,96.88,97.24,23521.215791,2026-09-16 13:00:00+08:00
1789538400000,97.26,97.41,96.9,97.4,18356.240555,2026-09-16 14:00:00+08:00
1789542000000,97.39,97.54,96.94,96.97,26525.773908,2026-09-16 15:00:00+08:00
1789545600000,96.96,97.04,96.42,97.04,35866.45063,2026-09-16 16:00:00+08:00
1789549200000,97.04,97.36,97.03,97.28,28769.857353,2026-09-16 17:00:00+08:00
1789552800000,97.3,97.38,97.13,97.31,20456.029112,2026-09-16 18:00:00+08:00
1789556400000,97.31,98.31,97.03,98.03,29942.141887,2026-09-16 19:00:00+08:00
1789560000000,98.02,98.12,97.17,97.59,20505.629338,2026-09-16 20:00:00+08:00
1789563600000,97.58,97.65,96.89,97.18,30450.26044,2026-09-16 21:00:00+08:00
1789567200000,97.18,97.29,96.64,97.04,45254.206791,2026-09-16 22:00:00+08:00
1789570800000,97.01,97.6,96.85,97.1,26321.575788,2026-09-16 23:00:00+08:00
1789574400000,97.12,97.52,96.97,97.24,15488.309999,2026-09-17 00:00:00+08:00
1789578000000,97.24,97.35,96.1,97.01,56623.915401,2026-09-17 01:00:00+08:00
1789581600000,97.04,98.92,96.27,97.84,191505.297178,2026-09-17 02:00:00+08:00
1789585200000,97.84,98.75,96.9,98.07,85509.277798,2026-09-17 03:00:00+08:00
1789588800000,98.08,98.9,98.03,98.72,38812.407214,2026-09-17 04:00:00+08:00
1789592400000,98.72,98.8,98.12,98.39,12627.039667,2026-09-17 05:00:00+08:00
1789596000000,98.4,98.44,97.43,97.5,29273.209338,2026-09-17 06:00:00+08:00
1789599600000,97.49,98.84,97.4,98.66,43256.48032,2026-09-17 07:00:00+08:00
1789603200000,98.65,99.21,98.47,98.71,33886.784044,2026-09-17 08:00:00+08:00
1789606800000,98.72,99.65,98.48,99.25,40506.690542,2026-09-17 09:00:00+08:00
1789610400000,99.25,99.73,98.83,99.39,31858.03258,2026-09-17 10:00:00+08:00
1789614000000,99.4,100.04,99.39,99.96,27697.488798,2026-09-17 11:00:00+08:00
1789617600000,99.97,100.0,99.15,99.93,30498.640029,2026-09-17 12:00:00+08:00
1789621200000,99.92,100.07,99.5,99.57,26714.892731,2026-09-17 13:00:00+08:00
1789624800000,99.56,99.99,99.48,99.75,23932.729537,2026-09-17 14:00:00+08:00
1789628400000,99.75,100.37,99.73,100.04,39624.440335,2026-09-17 15:00:00+08:00
1789632000000,100.04,100.34,99.9,100.34,28787.53617,2026-09-17 16:00:00+08:00
1789635600000,100.34,100.84,100.17,100.25,37207.142835,2026-09-17 17:00:00+08:00
1789639200000,100.25,100.27,99.55,99.85,44032.759115,2026-09-17 18:00:00+08:00
1789642800000,99.85,100.25,99.55,100.15,29698.702487,2026-09-17 19:00:00+08:00
1789646400000,100.13,101.44,100.09,100.74,64582.472509,2026-09-17 20:00:00+08:00
1789650000000,100.74,101.0,99.67,100.74,59647.94636,2026-09-17 21:00:00+08:00
1789653600000,100.76,101.82,100.09,101.08,150561.804866,2026-09-17 22:00:00+08:00
1789657200000,101.08,101.35,100.25,101.3,48192.985359,2026-09-17 23:00:00+08:00
1789660800000,101.29,101.54,100.71,101.4,39470.893678,2026-09-18 00:00:00+08:00
1789664400000,101.41,102.06,101.17,101.52,53839.318981,2026-09-18 01:00:00+08:00
1789668000000,101.53,101.63,100.84,100.86,19092.823162,2026-09-18 02:00:00+08:00
1789671600000,100.85,101.1,100.74,100.98,32164.017439,2026-09-18 03:00:00+08:00
1789675200000,100.97,101.38,100.9,101.3,15742.928855,2026-09-18 04:00:00+08:00
1789678800000,101.3,101.47,101.1,101.16,19701.343623,2026-09-18 05:00:00+08:00
1789682400000,101.15,101.52,100.78,101.45,30573.664889,2026-09-18 06:00:00+08:00
1789686000000,101.44,101.77,101.35,101.63,21827.868001,2026-09-18 07:00:00+08:00
1789689600000,101.62,101.69,100.9,101.41,30657.252419,2026-09-18 08:00:00+08:00
1789693200000,101.42,102.9,101.4,102.49,45274.432312,2026-09-18 09:00:00+08:00
1789696800000,102.49,102.92,102.17,102.76,27898.286022,2026-09-18 10:00:00+08:00
1789700400000,102.77,105.1,102.68,104.6,136547.515784,2026-09-18 11:00:00+08:00
1789704000000,104.61,105.94,104.42,105.81,100691.973192,2026-09-18 12:00:00+08:00
1789707600000,105.82,106.14,105.35,105.37,89745.855752,2026-09-18 13:00:00+08:00
1789711200000,105.36,105.84,105.32,105.58,57497.534294,2026-09-18 14:00:00+08:00
1789714800000,105.57,106.11,105.45,105.8,75269.418101,2026-09-18 15:00:00+08:00
1789718400000,105.8,106.41,105.32,106.31,59173.047468,2026-09-18 16:00:00+08:00
1789722000000,106.31,106.63,105.93,106.42,47890.453688,2026-09-18 17:00:00+08:00
1789725600000,106.41,106.68,106.26,106.28,38067.956939,2026-09-18 18:00:00+08:00
1789729200000,106.27,106.4,105.43,105.75,38490.263332,2026-09-18 19:00:00+08:00
1789732800000,105.75,106.14,105.41,105.79,30656.651756,2026-09-18 20:00:00+08:00
1789736400000,105.8,109.4,105.46,108.54,144455.154371,2026-09-18 21:00:00+08:00
1789740000000,108.53,111.0,108.4,110.77,160316.981351,2026-09-18 22:00:00+08:00
1789743600000,110.77,111.61,109.39,111.17,141314.552302,2026-09-18 23:00:00+08:00
1789747200000,111.16,112.31,111.02,111.7,121440.323946,2026-09-19 00:00:00+08:00
1789750800000,111.71,112.73,111.4,112.63,81341.808491,2026-09-19 01:00:00+08:00
1789754400000,112.64,112.9,112.07,112.19,44127.930565,2026-09-19 02:00:00+08:00
1789758000000,112.2,114.34,112.2,114.23,110449.391309,2026-09-19 03:00:00+08:00
1789761600000,114.23,114.24,113.15,113.52,38314.705337,2026-09-19 04:00:00+08:00
1789765200000,113.54,113.8,113.07,113.21,29731.258625,2026-09-19 05:00:00+08:00
1789768800000,113.21,113.61,112.81,113.2,40680.924171,2026-09-19 06:00:00+08:00
1789772400000,113.21,113.49,112.53,112.73,27888.769539,2026-09-19 07:00:00+08:00
1789776000000,112.74,113.79,112.38,113.68,46283.907369,2026-09-19 08:00:00+08:00
1789779600000,113.69,114.1,112.9,113.42,42834.503413,2026-09-19 09:00:00+08:00
1789783200000,113.43,113.87,113.35,113.63,23911.350122,2026-09-19 10:00:00+08:00
1789786800000,113.63,113.83,113.16,113.25,18284.008065,2026-09-19 11:00:00+08:00
1789790400000,113.26,113.45,112.09,112.38,36611.139699,2026-09-19 12:00:00+08:00
1789794000000,112.38,113.0,111.81,111.95,43663.873849,2026-09-19 13:00:00+08:00
1789797600000,111.94,112.1,111.2,111.85,46665.874896,2026-09-19 14:00:00+08:00
1789801200000,111.86,112.25,111.59,111.62,18596.200673,2026-09-19 15:00:00+08:00
1789804800000,111.62,112.48,111.54,112.26,37870.992008,2026-09-19 16:00:00+08:00
1789808400000,112.26,112.5,111.46,111.85,28841.965958,2026-09-19 17:00:00+08:00
1789812000000,111.84,112.15,111.61,111.63,26487.122848,2026-09-19 18:00:00+08:00
1789815600000,111.64,112.08,111.62,111.89,31767.011481,2026-09-19 19:00:00+08:00
1789819200000,111.9,112.06,111.65,111.79,27853.571142,2026-09-19 20:00:00+08:00
1789822800000,111.8,111.86,111.29,111.64,28387.092554,2026-09-19 21:00:00+08:00
1789826400000,111.64,112.21,111.48,111.79,34450.370818,2026-09-19 22:00:00+08:00
1789830000000,111.8,112.13,111.5,111.63,25521.472064,2026-09-19 23:00:00+08:00
1789833600000,111.65,112.02,111.23,111.99,25209.7505,2026-09-20 00:00:00+08:00
1789837200000,112.0,112.51,111.35,111.41,28824.758913,2026-09-20 01:00:00+08:00
1789840800000,111.41,111.65,110.68,111.14,50233.042448,2026-09-20 02:00:00+08:00
1789844400000,111.15,111.59,110.76,111.18,20040.246474,2026-09-20 03:00:00+08:00
1789848000000,111.18,111.37,110.97,111.12,16183.441263,2026-09-20 04:00:00+08:00
1789851600000,111.15,111.31,110.11,110.55,39963.88436,2026-09-20 05:00:00+08:00
1789855200000,110.55,110.77,110.04,110.65,15768.905931,2026-09-20 06:00:00+08:00
1789858800000,110.66,111.2,110.61,111.07,15355.489359,2026-09-20 07:00:00+08:00
1789862400000,111.08,111.15,110.61,110.95,12489.723283,2026-09-20 08:00:00+08:00
1789866000000,110.96,110.99,109.73,110.17,22634.247241,2026-09-20 09:00:00+08:00
1789869600000,110.18,110.51,107.41,107.67,76857.169981,2026-09-20 10:00:00+08:00
1789873200000,107.66,109.1,107.4,108.91,41382.382822,2026-09-20 11:00:00+08:00
1789876800000,108.91,109.23,108.63,109.04,16872.401314,2026-09-20 12:00:00+08:00
1789880400000,109.04,109.26,108.61,108.77,17444.338249,2026-09-20 13:00:00+08:00
1789884000000,108.77,108.92,108.12,108.45,21912.775687,2026-09-20 14:00:00+08:00
1789887600000,108.46,108.82,108.46,108.47,25171.075445,2026-09-20 15:00:00+08:00
1789891200000,108.47,108.72,107.74,108.1,21980.013185,2026-09-20 16:00:00+08:00
1789894800000,108.09,108.85,108.08,108.31,17481.78368,2026-09-20 17:00:00+08:00
1789898400000,108.32,108.43,107.92,108.04,11607.457553,2026-09-20 18:00:00+08:00
1789902000000,108.03,108.69,107.92,108.49,10899.451755,2026-09-20 19:00:00+08:00
1789905600000,108.49,108.85,108.14,108.41,13256.118551,2026-09-20 20:00:00+08:00
1789909200000,108.4,108.59,107.96,108.23,16914.269844,2026-09-20 21:00:00+08:00
1789912800000,108.23,108.65,107.95,108.15,16932.493385,2026-09-20 22:00:00+08:00
1789916400000,108.16,108.83,108.06,108.81,25010.524739,2026-09-20 23:00:00+08:00
1789920000000,108.81,110.7,108.51,110.33,58511.40781,2026-09-21 00:00:00+08:00
1789923600000,110.33,110.54,109.51,109.92,35956.152435,2026-09-21 01:00:00+08:00
1789927200000,109.91,110.36,109.2,109.42,23371.827356,2026-09-21 02:00:00+08:00
1789930800000,109.43,110.87,109.26,110.47,21552.851448,2026-09-21 03:00:00+08:00
1789934400000,110.48,110.64,110.11,110.14,12423.25153,2026-09-21 04:00:00+08:00
1789938000000,110.15,110.15,109.06,109.89,19274.173287,2026-09-21 05:00:00+08:00
1789941600000,109.91,111.06,109.61,111.04,29873.667024,2026-09-21 06:00:00+08:00
1789945200000,111.04,111.48,110.58,111.16,28257.37319,2026-09-21 07:00:00+08:00
1789948800000,111.17,112.94,111.17,112.33,80901.418058,2026-09-21 08:00:00+08:00
1789952400000,112.32,113.41,110.75,110.97,58689.04401,2026-09-21 09:00:00+08:00
1789956000000,110.96,112.0,110.7,111.23,35307.222911,2026-09-21 10:00:00+08:00
1789959600000,111.24,111.92,111.19,111.58,17806.753074,2026-09-21 11:00:00+08:00
1789963200000,111.58,111.81,111.07,111.48,15974.696959,2026-09-21 12:00:00+08:00
1789966800000,111.47,112.24,111.3,111.78,18886.64499,2026-09-21 13:00:00+08:00
1789970400000,111.78,112.57,111.53,112.19,25275.040942,2026-09-21 14:00:00+08:00
1789974000000,112.19,112.38,111.38,112.12,31572.416711,2026-09-21 15:00:00+08:00
1789977600000,112.1,116.39,112.09,115.31,168498.56923,2026-09-21 16:00:00+08:00
1789981200000,115.31,116.86,114.96,115.91,121109.568704,2026-09-21 17:00:00+08:00
1789984800000,115.95,116.12,115.5,116.02,40735.265157,2026-09-21 18:00:00+08:00
1789988400000,116.01,117.17,115.84,116.8,69583.994289,2026-09-21 19:00:00+08:00
1789992000000,116.8,117.11,115.88,116.82,80739.108947,2026-09-21 20:00:00+08:00
1789995600000,116.81,118.4,116.71,118.05,132145.575651,2026-09-21 21:00:00+08:00
1789999200000,118.06,118.9,117.37,118.05,120318.510085,2026-09-21 22:00:00+08:00
1790002800000,118.02,119.17,117.36,117.95,111319.986275,2026-09-21 23:00:00+08:00
1790006400000,117.95,118.33,116.77,117.52,67060.943569,2026-09-22 00:00:00+08:00
1790010000000,117.52,117.93,116.7,117.2,60184.262905,2026-09-22 01:00:00+08:00
1790013600000,117.19,117.86,116.86,117.73,24883.133784,2026-09-22 02:00:00+08:00
1790017200000,117.75,118.49,117.28,118.36,54279.067285,2026-09-22 03:00:00+08:00
1790020800000,118.36,119.5,118.23,119.2,52306.147563,2026-09-22 04:00:00+08:00
1790024400000,119.2,119.99,118.67,119.11,32520.326264,2026-09-22 05:00:00+08:00
1790028000000,119.11,119.83,118.8,119.45,35543.993453,2026-09-22 06:00:00+08:00
1790031600000,119.46,119.92,118.41,118.91,35852.467962,2026-09-22 07:00:00+08:00
1790035200000,118.92,119.48,118.09,118.35,59313.546851,2026-09-22 08:00:00+08:00
1790038800000,118.36,118.45,117.05,117.59,57165.053162,2026-09-22 09:00:00+08:00
1790042400000,117.6,118.09,116.5,116.91,45476.073754,2026-09-22 10:00:00+08:00
1790046000000,116.89,117.06,116.31,116.81,42936.3779,2026-09-22 11:00:00+08:00
1790049600000,116.81,117.11,116.0,116.38,71972.682357,2026-09-22 12:00:00+08:00
1790053200000,116.39,117.17,115.56,116.84,94889.900072,2026-09-22 13:00:00+08:00
1790056800000,116.84,117.05,116.39,116.53,25123.448004,2026-09-22 14:00:00+08:00
1790060400000,116.53,116.82,116.02,116.3,23894.94693,2026-09-22 15:00:00+08:00
1790064000000,116.32,118.06,115.8,117.51,54618.277813,2026-09-22 16:00:00+08:00
1790067600000,117.5,117.59,116.68,117.48,37507.82515,2026-09-22 17:00:00+08:00
1790071200000,117.47,117.48,116.38,116.83,28778.40079,2026-09-22 18:00:00+08:00
1790074800000,116.84,117.5,116.41,117.34,31727.136203,2026-09-22 19:00:00+08:00
1790078400000,117.34,117.74,116.86,117.47,46303.236163,2026-09-22 20:00:00+08:00
1790082000000,117.47,118.01,116.84,117.98,60675.811791,2026-09-22 21:00:00+08:00
1790085600000,117.98,117.98,115.92,116.89,78757.509466,2026-09-22 22:00:00+08:00
1790089200000,116.91,117.94,116.78,117.39,48071.06514,2026-09-22 23:00:00+08:00
1790092800000,117.38,117.83,116.72,117.47,45245.356305,2026-09-23 00:00:00+08:00
1790096400000,117.47,118.2,117.35,117.97,55383.463735,2026-09-23 01:00:00+08:00
1790100000000,117.98,118.46,117.64,118.14,45339.616958,2026-09-23 02:00:00+08:00
1790103600000,118.13,118.72,117.8,118.25,46575.784946,2026-09-23 03:00:00+08:00
1790107200000,118.26,118.38,117.79,117.97,31980.839181,2026-09-23 04:00:00+08:00
1790110800000,117.98,118.28,117.7,118.08,24860.254325,2026-09-23 05:00:00+08:00
1790114400000,118.08,118.79,117.61,118.47,33204.360943,2026-09-23 06:00:00+08:00
1790118000000,118.48,119.28,118.23,118.55,39281.201682,2026-09-23 07:00:00+08:00
1790121600000,118.56,119.2,118.3,118.79,22836.757394,2026-09-23 08:00:00+08:00
1790125200000,118.81,119.46,117.81,118.35,35164.565355,2026-09-23 09:00:00+08:00
1790128800000,118.36,118.52,117.89,118.5,17754.766223,2026-09-23 10:00:00+08:00
1790132400000,118.49,119.65,118.28,119.13,43880.677921,2026-09-23 11:00:00+08:00
1790136000000,119.15,119.73,118.75,119.52,32976.755703,2026-09-23 12:00:00+08:00
1790139600000,119.53,119.53,118.27,118.42,26179.734113,2026-09-23 13:00:00+08:00
1790143200000,118.43,119.29,118.38,118.95,22788.900992,2026-09-23 14:00:00+08:00
1790146800000,118.94,119.1,117.38,117.9,47935.030323,2026-09-23 15:00:00+08:00
1790150400000,117.91,118.34,117.0,117.39,53867.803563,2026-09-23 16:00:00+08:00
1790154000000,117.39,117.76,117.09,117.39,30438.464591,2026-09-23 17:00:00+08:00
1790157600000,117.4,117.66,116.83,117.66,62370.104384,2026-09-23 18:00:00+08:00
1790161200000,117.66,117.73,116.46,117.1,34688.228812,2026-09-23 19:00:00+08:00
1790164800000,117.1,117.29,116.58,116.91,36010.691486,2026-09-23 20:00:00+08:00
1790168400000,116.91,117.19,115.95,116.81,47993.159885,2026-09-23 21:00:00+08:00
1790172000000,116.81,117.05,113.0,115.15,283176.688512,2026-09-23 22:00:00+08:00
1790175600000,115.14,115.93,113.8,113.88,88543.892245,2026-09-23 23:00:00+08:00
1790179200000,113.87,115.27,113.15,114.41,87724.013766,2026-09-24 00:00:00+08:00
1790182800000,114.41,114.83,113.57,114.57,42659.537857,2026-09-24 01:00:00+08:00
1790186400000,114.56,114.61,113.96,114.29,25896.531932,2026-09-24 02:00:00+08:00
1790190000000,114.29,114.92,114.0,114.5,21746.612802,2026-09-24 03:00:00+08:00
1790193600000,114.53,114.7,113.99,114.04,13000.980071,2026-09-24 04:00:00+08:00
1790197200000,114.04,114.76,113.86,114.73,19824.554145,2026-09-24 05:00:00+08:00
1790200800000,114.74,115.64,114.64,115.14,20855.102693,2026-09-24 06:00:00+08:00
1790204400000,115.14,115.2,114.74,115.01,12675.947412,2026-09-24 07:00:00+08:00
1790208000000,115.0,115.68,114.87,115.14,20471.127487,2026-09-24 08:00:00+08:00
1790211600000,115.15,115.51,114.58,114.72,21386.69998,2026-09-24 09:00:00+08:00
1790215200000,114.73,115.44,114.08,115.31,26009.445572,2026-09-24 10:00:00+08:00
1790218800000,115.31,115.71,114.56,114.72,17825.882441,2026-09-24 11:00:00+08:00
1790222400000,114.73,115.49,114.4,115.4,14850.34169,2026-09-24 12:00:00+08:00
1790226000000,115.41,116.13,114.86,114.86,30788.683108,2026-09-24 13:00:00+08:00
1790229600000,114.86,115.28,114.75,114.86,11755.097817,2026-09-24 14:00:00+08:00
1790233200000,114.85,115.66,114.5,115.53,30852.439156,2026-09-24 15:00:00+08:00
1790236800000,115.53,115.65,113.32,114.13,42645.047729,2026-09-24 16:00:00+08:00
1790240400000,114.16,114.34,112.51,113.13,56055.483245,2026-09-24 17:00:00+08:00
1790244000000,113.14,113.57,112.74,113.39,39285.423406,2026-09-24 18:00:00+08:00
1790247600000,113.37,113.57,113.07,113.36,24057.169029,2026-09-24 19:00:00+08:00
1790251200000,113.35,113.92,113.12,113.83,18824.025264,2026-09-24 20:00:00+08:00
1790254800000,113.84,115.41,113.83,114.98,55697.556631,2026-09-24 21:00:00+08:00
1790258400000,114.98,116.49,114.12,114.61,97527.092501,2026-09-24 22:00:00+08:00
1790262000000,114.58,116.61,114.35,116.3,71151.747273,2026-09-24 23:00:00+08:00
1790265600000,116.32,117.78,115.92,117.1,83693.520717,2026-09-25 00:00:00+08:00
1790269200000,117.06,117.36,116.48,116.77,60215.801265,2026-09-25 01:00:00+08:00
1790272800000,116.76,117.56,116.28,117.39,35046.349529,2026-09-25 02:00:00+08:00
1790276400000,117.4,117.69,117.11,117.29,40956.084648,2026-09-25 03:00:00+08:00
1790280000000,117.3,117.44,116.67,116.84,20367.426152,2026-09-25 04:00:00+08:00
1790283600000,116.84,117.3,116.65,116.87,22233.258623,2026-09-25 05:00:00+08:00
1790287200000,116.86,116.95,116.12,116.61,27289.772771,2026-09-25 06:00:00+08:00
1790290800000,116.6,117.23,116.56,117.05,24519.737919,2026-09-25 07:00:00+08:00
1790294400000,117.06,117.69,117.05,117.45,24094.963327,2026-09-25 08:00:00+08:00
1790298000000,117.45,117.94,117.16,117.49,28935.850646,2026-09-25 09:00:00+08:00
1790301600000,117.5,118.44,116.84,116.92,60422.253377,2026-09-25 10:00:00+08:00
1790305200000,116.93,117.32,116.49,116.9,30611.355127,2026-09-25 11:00:00+08:00
1790308800000,116.91,117.35,116.25,116.41,29836.410706,2026-09-25 12:00:00+08:00
1790312400000,116.41,116.68,116.0,116.45,59477.104822,2026-09-25 13:00:00+08:00
1790316000000,116.45,116.77,116.1,116.28,30690.265138,2026-09-25 14:00:00+08:00
1790319600000,116.28,116.61,115.86,116.4,23362.455243,2026-09-25 15:00:00+08:00
1790323200000,116.4,117.56,116.33,117.33,42620.257749,2026-09-25 16:00:00+08:00
1790326800000,117.31,118.9,117.29,118.38,66868.244787,2026-09-25 17:00:00+08:00
1790330400000,118.37,119.62,117.9,119.2,72301.274961,2026-09-25 18:00:00+08:00
1790334000000,119.2,122.25,119.15,120.82,250733.882728,2026-09-25 19:00:00+08:00
1790337600000,120.85,121.16,118.63,120.75,130514.978707,2026-09-25 20:00:00+08:00
1790341200000,120.74,121.09,118.48,119.5,159073.186203,2026-09-25 21:00:00+08:00
1790344800000,119.51,120.51,118.23,120.44,147502.349766,2026-09-25 22:00:00+08:00
1790348400000,120.42,121.47,119.05,120.13,111527.928446,2026-09-25 23:00:00+08:00
1790352000000,120.13,121.88,120.09,120.87,136847.851122,2026-09-26 00:00:00+08:00
1790355600000,120.88,121.63,120.29,121.01,53654.623207,2026-09-26 01:00:00+08:00
1790359200000,121.01,122.79,120.95,121.95,88531.518165,2026-09-26 02:00:00+08:00
1790362800000,121.95,122.19,121.47,121.92,41720.282582,2026-09-26 03:00:00+08:00
1790366400000,121.92,122.97,121.48,121.59,44623.545802,2026-09-26 04:00:00+08:00
1790370000000,121.59,121.76,120.79,120.98,38166.10639,2026-09-26 05:00:00+08:00
1790373600000,120.99,122.43,120.86,122.21,24780.756893,2026-09-26 06:00:00+08:00
1790377200000,122.22,122.39,121.93,122.16,13261.150001,2026-09-26 07:00:00+08:00
1790380800000,122.14,122.46,121.24,121.54,20020.892947,2026-09-26 08:00:00+08:00
1790384400000,121.54,122.3,121.49,122.06,29344.69472,2026-09-26 09:00:00+08:00
1790388000000,122.07,122.3,121.35,121.61,28240.1952,2026-09-26 10:00:00+08:00
1790391600000,121.61,121.61,120.55,120.65,33809.593066,2026-09-26 11:00:00+08:00
1790395200000,120.65,120.97,120.25,120.69,18671.510534,2026-09-26 12:00:00+08:00
1790398800000,120.69,120.72,120.46,120.48,5097.598553,2026-09-26 13:00:00+08:00
